Período;Região;Instituição;Vermelha;Laranja;Amarela;Verde;Azul;Branca;SemTriagem;TotalAtendimentos
2026-05;Região de Saúde LVT;Hospital de Cascais, PPP;162;6470;19826;24710;406;23;0;51597
2026-05;Região de Saúde LVT;Unidade Local de Saúde da Arrábida, EPE;200;6070;25167;14223;556;2035;210;48251
2026-05;Região de Saúde do Centro;Unidade Local de Saúde da Cova da Beira, EPE;57;1862;17868;7278;138;823;22;28026
2026-05;Região de Saúde LVT;Unidade Local de Saúde da Lezíria, EPE;216;6520;25465;8557;645;542;74;41945
2026-05;Região de Saúde do Centro;Unidade Local de Saúde da Região de Aveiro, EPE;264;9275;42349;9832;956;3823;172;66499
2026-05;Região de Saúde Norte;ULS Matosinhos;147;5365;17465;5145;1146;70;3918;29338
2026-05;Região de Saúde LVT;Unidade Local de Saúde do Médio Tejo, EPE;266;5780;30352;20616;377;2215;147;59606
2026-05;Região de Saúde do Centro;Unidade Local de Saúde Castelo Branco, EPE;68;2045;14416;10377;458;767;33;28131
2026-05;Região de Saúde do Centro;Unidade Local de Saúde da Região de Leiria, EPE;403;6533;36447;17047;760;1148;258;62338
2026-05;Região de Saúde do Centro;Unidade Local de Saúde de Dão-Lafões, EPE;235;7185;38722;18018;1966;10;4692;66136
2026-05;Região de Saúde LVT;Unidade Local de Saúde de Loures-Odivelas, EPE;115;4430;21380;10001;613;95;6682;36634
2026-05;Região de Saúde Norte;Unidade Local de Saúde de Santo António, EPE;283;5843;34048;9241;1236;926;3218;51577
2026-05;Região de Saúde do Alentejo;Unidade Local de Saúde do Alentejo Central, EPE;136;5430;16752;15073;794;1598;120;39783
2026-05;Região de Saúde do Alentejo;Unidade Local de Saúde do Alto Alentejo, EPE;106;3383;16092;14160;361;1057;53;35159
2026-05;Região de Saúde do Alentejo;ULS Litoral Alentejano;94;2848;15276;15312;613;1005;0;35148
2026-05;Região de Saúde LVT;Unidade Local de Saúde do Oeste, EPE;196;7468;30379;17388;628;588;2807;56647
2026-05;Região de Saúde do Centro;Unidade Local de Saúde de Coimbra, EPE;606;14508;55576;23809;912;1909;227;97320
2026-05;Região de Saúde Norte;Unidade Local de Saúde de Entre Douro e Vouga, EPE;287;9593;46524;9236;401;75;64;66116
2026-05;Região de Saúde LVT;Unidade Local de Saúde de Lisboa Ocidental, EPE;150;4151;20545;23706;1198;1560;3582;51310
2026-05;Região de Saúde LVT;Unidade Local de Saúde do Arco Ribeirinho, EPE;163;4686;24173;20238;599;1886;396;51745
2026-05;Região de Saúde Norte;Unidade Local de Saúde do Tâmega e Sousa, EPE;410;11444;40877;16885;891;2800;4675;73307
2026-05;Região de Saúde Norte;Unidade Local de Saúde de Braga, EPE;358;7588;41827;22150;279;3040;414;75242
2026-05;Região de Saúde LVT;Unidade Local de Saúde de Santa Maria, EPE;421;10036;33604;24750;1014;1055;1372;70880
2026-05;Região de Saúde Norte;Unidade Local de Saúde de Trás-os-Montes e Alto Douro, EPE;194;8002;54713;21840;502;2588;4;87839
2026-05;Região de Saúde Norte;Unidade Local de Saúde de Vila Nova de Gaia/Espinho, EPE;217;5881;44286;15862;557;1712;578;68515
2026-05;Região de Saúde do Algarve;Unidade Local de Saúde do Algarve, EPE;470;17357;65619;52161;2360;3838;1352;141805
2026-05;Região de Saúde Norte;Unidade Local de Saúde do Alto Ave, EPE;102;4785;24092;23129;645;4727;233;57480
2026-05;Região de Saúde do Alentejo;ULS Baixo Alentejo;125;4916;24531;14514;504;548;69;45138
2026-05;Região de Saúde do Centro;Unidade Local de Saúde do Baixo Mondego, EPE;60;2419;14336;6669;60;403;61;23947
2026-05;Região de Saúde Norte;Unidade Local de Saúde do Nordeste, EPE;141;3679;28409;6090;285;1598;95;40202
2026-05;Região de Saúde do Centro;ULS Guarda;133;3664;20855;14758;753;514;42;40677
2026-05;Região de Saúde Norte;Unidade Local de Saúde da Póvoa de Varzim/Vila do Conde, EPE;149;2805;14608;8166;451;6;78;26185
2026-05;Região de Saúde LVT;Unidade Local de Saúde de Almada-Seixal, EPE;323;7151;29652;18606;921;1943;2147;58596
2026-05;Região de Saúde LVT;Unidade Local de Saúde de Amadora/Sintra, EPE;329;11163;30139;42638;1462;2088;997;87819
2026-05;Região de Saúde Norte;Unidade Local de Saúde de Barcelos/Esposende, EPE;61;2133;11063;11625;591;231;6;25704
2026-05;Região de Saúde Norte;Unidade Local de Saúde de São João, EPE;497;10092;39152;14284;2507;0;38373;66532
2026-05;Região de Saúde LVT;Unidade Local de Saúde de São José, EPE;367;6921;51965;27540;1780;1555;1641;90128
2026-05;Região de Saúde Norte;Unidade Local de Saúde do Alto Minho, EPE;254;7406;34603;16274;397;1249;13;60183
2026-05;Região de Saúde LVT;Unidade Local de Saúde do Estuário do Tejo, EPE;131;3575;23455;9315;481;1292;214;38249
2026-05;Região de Saúde Norte;Unidade Local de Saúde do Médio Ave, EPE;143;4683;28191;8916;286;990;0;43209
2026-04;Região de Saúde LVT;Unidade Local de Saúde de Loures-Odivelas, EPE;90;3477;16777;7848;481;75;5244;28748
2026-04;Região de Saúde Norte;ULS Matosinhos;118;4262;13721;3977;951;46;3106;23075
2026-04;Região de Saúde Norte;Unidade Local de Saúde do Alto Minho, EPE;213;5971;27321;12754;323;1020;10;47602
2026-04;Região de Saúde LVT;Unidade Local de Saúde do Estuário do Tejo, EPE;101;2845;18348;7170;364;1163;180;29991
2026-04;Região de Saúde Norte;Unidade Local de Saúde do Tâmega e Sousa, EPE;339;9451;33512;14241;860;2225;4064;60628
2026-04;Região de Saúde do Centro;Unidade Local de Saúde Castelo Branco, EPE;58;1632;11388;8211;377;612;25;22278
2026-04;Região de Saúde LVT;Unidade Local de Saúde de Almada-Seixal, EPE;260;5810;23797;14628;716;1620;884;46831
2026-04;Região de Saúde Norte;Unidade Local de Saúde de Barcelos/Esposende, EPE;55;1707;8712;9075;431;188;4;20168
2026-04;Região de Saúde Norte;Unidade Local de Saúde de Entre Douro e Vouga, EPE;218;7638;36249;7312;311;60;49;51788
2026-04;Região de Saúde LVT;Unidade Local de Saúde de Lisboa Ocidental, EPE;128;3373;16415;18638;927;1253;2821;40734
2026-04;Região de Saúde Norte;Unidade Local de Saúde de Santo António, EPE;224;4580;26260;7206;945;684;3054;39899
2026-04;Região de Saúde Norte;Unidade Local de Saúde de Vila Nova de Gaia/Espinho, EPE;179;4703;35082;12235;428;1353;274;53980
2026-04;Região de Saúde do Alentejo;Unidade Local de Saúde do Alentejo Central, EPE;110;4292;13180;11826;604;1266;97;31278
2026-04;Região de Saúde do Centro;Unidade Local de Saúde do Baixo Mondego, EPE;50;1910;11165;5126;51;307;48;18609
2026-04;Região de Saúde LVT;Unidade Local de Saúde do Médio Tejo, EPE;226;4618;23761;16280;295;1722;116;46902
2026-04;Região de Saúde LVT;Unidade Local de Saúde da Arrábida, EPE;160;4874;19610;11297;430;1608;206;37979
2026-04;Região de Saúde do Centro;Unidade Local de Saúde da Cova da Beira, EPE;43;1464;13905;5664;99;640;16;21815
2026-04;Região de Saúde do Centro;ULS Guarda;111;2954;16685;11572;603;426;37;32351
2026-04;Região de Saúde Norte;Unidade Local de Saúde da Póvoa de Varzim/Vila do Conde, EPE;122;2247;11320;6693;350;4;60;20736
2026-04;Região de Saúde do Centro;Unidade Local de Saúde da Região de Aveiro, EPE;215;7522;33276;7477;737;3020;132;52247
2026-04;Região de Saúde do Algarve;Unidade Local de Saúde do Algarve, EPE;375;13592;51185;40909;1857;2974;1019;110892
2026-04;Região de Saúde do Alentejo;ULS Baixo Alentejo;98;3869;19210;11310;408;435;58;35330
2026-04;Região de Saúde do Alentejo;ULS Litoral Alentejano;79;2246;11954;12054;474;779;0;27586
2026-04;Região de Saúde Norte;Unidade Local de Saúde do Médio Ave, EPE;120;3735;22171;7046;228;752;0;34052
2026-04;Região de Saúde Norte;Unidade Local de Saúde do Nordeste, EPE;111;2947;22713;4866;237;1308;81;32182
2026-04;Região de Saúde do Centro;Unidade Local de Saúde da Região de Leiria, EPE;331;5279;28633;13336;591;946;208;49116
2026-04;Região de Saúde LVT;Unidade Local de Saúde de Amadora/Sintra, EPE;259;8944;23737;33190;1166;1629;901;68925
2026-04;Região de Saúde do Centro;Unidade Local de Saúde de Coimbra, EPE;475;11502;43701;18656;710;1530;183;76574
2026-04;Região de Saúde LVT;Unidade Local de Saúde de Santa Maria, EPE;323;8034;26534;19239;798;833;1122;55761
2026-04;Região de Saúde Norte;Unidade Local de Saúde de São João, EPE;399;8072;30869;11009;1968;0;30243;52317
2026-04;Região de Saúde Norte;Unidade Local de Saúde de Trás-os-Montes e Alto Douro, EPE;155;6464;43307;17090;400;2071;3;69487
2026-04;Região de Saúde do Alentejo;Unidade Local de Saúde do Alto Alentejo, EPE;81;2710;12706;10953;267;851;41;27568
2026-04;Região de Saúde LVT;Unidade Local de Saúde do Arco Ribeirinho, EPE;142;3790;19172;15952;482;1535;329;41073
2026-04;Região de Saúde LVT;Hospital de Cascais, PPP;138;5101;15549;19443;315;23;0;40569
2026-04;Região de Saúde LVT;Unidade Local de Saúde da Lezíria, EPE;181;5246;19947;6608;499;413;74;32894
2026-04;Região de Saúde Norte;Unidade Local de Saúde de Braga, EPE;283;5927;31825;16962;226;2363;322;57586
2026-04;Região de Saúde do Centro;Unidade Local de Saúde de Dão-Lafões, EPE;194;6530;26684;16188;1761;9;4537;51366
2026-04;Região de Saúde LVT;Unidade Local de Saúde de São José, EPE;297;5494;41174;21699;1376;1171;1308;71211
2026-04;Região de Saúde Norte;Unidade Local de Saúde do Alto Ave, EPE;75;3830;18973;18064;512;3638;183;45092
2026-04;Região de Saúde LVT;Unidade Local de Saúde do Oeste, EPE;154;6033;23771;13366;491;491;2089;44306
2026-03;Região de Saúde do Centro;Unidade Local de Saúde Castelo Branco, EPE;49;1241;8362;6259;291;463;19;16665
2026-03;Região de Saúde LVT;Unidade Local de Saúde de São José, EPE;221;4130;30280;15671;973;828;1011;52103
2026-03;Região de Saúde do Algarve;Unidade Local de Saúde do Algarve, EPE;296;10060;37906;30298;1357;2163;775;82080
2026-03;Região de Saúde do Centro;Unidade Local de Saúde da Região de Leiria, EPE;272;3925;21150;9684;420;724;159;36175
2026-03;Região de Saúde LVT;Unidade Local de Saúde de Almada-Seixal, EPE;197;4443;17371;10328;447;1200;91;33986
2026-03;Região de Saúde do Centro;Unidade Local de Saúde de Dão-Lafões, EPE;138;4876;19483;11520;1316;8;3758;37341
2026-03;Região de Saúde Norte;Unidade Local de Saúde de Entre Douro e Vouga, EPE;159;5599;26508;5447;216;41;34;37970
2026-03;Região de Saúde LVT;Unidade Local de Saúde de Loures-Odivelas, EPE;64;2463;11886;5560;341;53;3715;20367
2026-03;Região de Saúde Norte;Unidade Local de Saúde de São João, EPE;297;6021;22642;8117;1496;0;22534;38573
2026-03;Região de Saúde Norte;Unidade Local de Saúde de Vila Nova de Gaia/Espinho, EPE;138;3526;26028;8990;300;1018;223;40000
2026-03;Região de Saúde do Alentejo;Unidade Local de Saúde do Alto Alentejo, EPE;69;2010;9444;8060;205;605;31;20393
2026-03;Região de Saúde Norte;Unidade Local de Saúde do Alto Minho, EPE;170;4427;20296;9448;240;748;10;35329
2026-03;Região de Saúde do Alentejo;ULS Baixo Alentejo;76;2916;14145;8459;302;337;47;26235
2026-03;Região de Saúde LVT;Unidade Local de Saúde do Estuário do Tejo, EPE;67;2144;13386;5078;267;1011;146;21953
2026-03;Região de Saúde LVT;Unidade Local de Saúde do Médio Tejo, EPE;188;3494;17595;12043;213;1329;90;34862
2026-03;Região de Saúde LVT;Unidade Local de Saúde do Oeste, EPE;123;4633;17665;9645;335;377;1392;32778
2026-03;Região de Saúde Norte;Unidade Local de Saúde do Tâmega e Sousa, EPE;263;7027;24571;10502;625;1600;2992;44588
2026-03;Região de Saúde LVT;Hospital de Cascais, PPP;108;3962;11463;14464;240;21;0;30258
2026-03;Região de Saúde LVT;Unidade Local de Saúde da Arrábida, EPE;125;3701;14504;8440;318;1170;149;28258
2026-03;Região de Saúde do Centro;ULS Guarda;87;2292;12493;8671;442;326;30;24311
2026-03;Região de Saúde Norte;Unidade Local de Saúde da Póvoa de Varzim/Vila do Conde, EPE;95;1681;8264;5274;269;3;37;15586
2026-03;Região de Saúde do Centro;Unidade Local de Saúde de Coimbra, EPE;344;8691;32374;13784;514;1153;127;56860
2026-03;Região de Saúde LVT;Unidade Local de Saúde de Lisboa Ocidental, EPE;101;2520;12314;13729;651;894;2077;30209
2026-03;Região de Saúde Norte;ULS Matosinhos;93;3256;10147;2955;717;28;2305;17196
2026-03;Região de Saúde Norte;Unidade Local de Saúde de Santo António, EPE;162;3334;19068;5155;642;493;2745;28854
2026-03;Região de Saúde Norte;Unidade Local de Saúde de Trás-os-Montes e Alto Douro, EPE;127;4921;31831;12800;282;1501;3;51462
2026-03;Região de Saúde do Alentejo;Unidade Local de Saúde do Alentejo Central, EPE;95;3235;9723;8794;443;977;65;23267
2026-03;Região de Saúde LVT;Unidade Local de Saúde do Arco Ribeirinho, EPE;107;2866;14276;11950;367;1169;259;30735
2026-03;Região de Saúde Norte;Unidade Local de Saúde do Médio Ave, EPE;95;2737;16231;5207;166;503;0;24939
2026-03;Região de Saúde do Centro;Unidade Local de Saúde da Cova da Beira, EPE;31;1121;10225;4223;65;463;9;16128
2026-03;Região de Saúde Norte;Unidade Local de Saúde de Braga, EPE;224;4613;24164;12860;182;1796;244;43839
2026-03;Região de Saúde Norte;Unidade Local de Saúde do Alto Ave, EPE;62;2933;14109;13409;375;2683;137;33571
2026-03;Região de Saúde do Centro;Unidade Local de Saúde do Baixo Mondego, EPE;40;1419;8208;3755;35;219;35;13676
2026-03;Região de Saúde do Alentejo;ULS Litoral Alentejano;57;1669;8873;8963;322;556;0;20440
2026-03;Região de Saúde LVT;Unidade Local de Saúde da Lezíria, EPE;146;4019;14690;4837;351;312;59;24355
2026-03;Região de Saúde do Centro;Unidade Local de Saúde da Região de Aveiro, EPE;154;5693;24519;5404;524;2232;92;38526
2026-03;Região de Saúde LVT;Unidade Local de Saúde de Amadora/Sintra, EPE;202;6732;17707;24306;904;1166;772;51017
2026-03;Região de Saúde Norte;Unidade Local de Saúde de Barcelos/Esposende, EPE;43;1230;6465;6683;312;137;4;14870
2026-03;Região de Saúde LVT;Unidade Local de Saúde de Santa Maria, EPE;230;5978;19653;14304;578;611;818;41354
2026-03;Região de Saúde Norte;Unidade Local de Saúde do Nordeste, EPE;78;2242;17002;3720;180;977;61;24199
2026-02;Região de Saúde do Centro;Unidade Local de Saúde Castelo Branco, EPE;34;799;5414;4113;189;270;12;10819
2026-02;Região de Saúde do Centro;Unidade Local de Saúde da Cova da Beira, EPE;25;766;6521;2749;49;318;3;10428
2026-02;Região de Saúde do Centro;Unidade Local de Saúde da Região de Leiria, EPE;171;2566;13337;5965;239;525;103;22803
2026-02;Região de Saúde LVT;Unidade Local de Saúde de Lisboa Ocidental, EPE;72;1620;7803;8546;418;585;1315;19044
2026-02;Região de Saúde Norte;Unidade Local de Saúde de Trás-os-Montes e Alto Douro, EPE;88;3208;20759;8096;173;970;2;33294
2026-02;Região de Saúde Norte;Unidade Local de Saúde de Vila Nova de Gaia/Espinho, EPE;82;2298;16167;5364;171;673;122;24755
2026-02;Região de Saúde do Alentejo;ULS Litoral Alentejano;37;1100;5593;5669;195;361;0;12955
2026-02;Região de Saúde Norte;Unidade Local de Saúde do Tâmega e Sousa, EPE;172;4470;15372;6471;416;935;1898;27836
2026-02;Região de Saúde Norte;Unidade Local de Saúde da Póvoa de Varzim/Vila do Conde, EPE;68;1094;5140;3572;164;1;26;10039
2026-02;Região de Saúde LVT;Unidade Local de Saúde de Amadora/Sintra, EPE;149;4305;11185;15032;577;713;641;31961
2026-02;Região de Saúde LVT;Unidade Local de Saúde de Santa Maria, EPE;145;3877;12379;8902;394;413;524;26110
2026-02;Região de Saúde do Alentejo;Unidade Local de Saúde do Alto Alentejo, EPE;42;1375;6050;5221;127;386;21;13201
2026-02;Região de Saúde do Centro;Unidade Local de Saúde do Baixo Mondego, EPE;26;940;5142;2317;23;143;27;8591
2026-02;Região de Saúde do Centro;ULS Guarda;61;1511;7947;5703;270;192;20;15684
2026-02;Região de Saúde LVT;Unidade Local de Saúde de Almada-Seixal, EPE;120;2768;10835;6309;282;762;49;21076
2026-02;Região de Saúde Norte;Unidade Local de Saúde de São João, EPE;193;3786;14488;5001;886;0;14141;24354
2026-02;Região de Saúde LVT;Unidade Local de Saúde de São José, EPE;148;2678;19718;9882;653;532;681;33611
2026-02;Região de Saúde do Alentejo;Unidade Local de Saúde do Alentejo Central, EPE;67;2106;6131;5809;296;659;42;15068
2026-02;Região de Saúde LVT;Unidade Local de Saúde do Estuário do Tejo, EPE;46;1323;8393;3009;164;752;104;13687
2026-02;Região de Saúde LVT;Unidade Local de Saúde do Médio Tejo, EPE;137;2375;11122;7627;145;853;55;22259
2026-02;Região de Saúde Norte;Unidade Local de Saúde do Nordeste, EPE;52;1493;11292;2423;115;650;42;16025
2026-02;Região de Saúde LVT;Unidade Local de Saúde do Oeste, EPE;77;3044;11097;5821;216;250;781;20505
2026-02;Região de Saúde LVT;Unidade Local de Saúde da Lezíria, EPE;113;2695;9343;3057;214;200;36;15622
2026-02;Região de Saúde Norte;Unidade Local de Saúde de Barcelos/Esposende, EPE;33;794;4096;4069;190;92;4;9274
2026-02;Região de Saúde Norte;Unidade Local de Saúde de Braga, EPE;149;3037;15735;8140;134;1201;163;28396
2026-02;Região de Saúde LVT;Unidade Local de Saúde de Loures-Odivelas, EPE;51;1623;7703;3630;226;36;2571;13269
2026-02;Região de Saúde LVT;Unidade Local de Saúde do Arco Ribeirinho, EPE;75;1827;9163;7655;260;794;166;19774
2026-02;Região de Saúde do Alentejo;ULS Baixo Alentejo;58;1923;8926;5520;188;203;33;16818
2026-02;Região de Saúde LVT;Hospital de Cascais, PPP;69;2560;7314;9278;163;17;0;19401
2026-02;Região de Saúde LVT;Unidade Local de Saúde da Arrábida, EPE;86;2378;9135;5373;214;754;91;17940
2026-02;Região de Saúde do Centro;Unidade Local de Saúde da Região de Aveiro, EPE;104;3688;15536;3288;328;1438;61;24382
2026-02;Região de Saúde do Centro;Unidade Local de Saúde de Coimbra, EPE;225;5558;20479;8683;314;769;49;36028
2026-02;Região de Saúde do Centro;Unidade Local de Saúde de Dão-Lafões, EPE;83;3196;12401;7201;856;4;2637;23741
2026-02;Região de Saúde Norte;Unidade Local de Saúde de Entre Douro e Vouga, EPE;98;3653;16598;3244;112;23;13;23728
2026-02;Região de Saúde Norte;ULS Matosinhos;67;2147;6469;1829;467;15;1499;10994
2026-02;Região de Saúde Norte;Unidade Local de Saúde de Santo António, EPE;103;2159;11749;3071;290;297;2562;17669
2026-02;Região de Saúde do Algarve;Unidade Local de Saúde do Algarve, EPE;200;6535;24518;19296;833;1414;605;52796
2026-02;Região de Saúde Norte;Unidade Local de Saúde do Alto Ave, EPE;37;1886;9000;8534;277;1718;74;21452
2026-02;Região de Saúde Norte;Unidade Local de Saúde do Alto Minho, EPE;115;2883;12761;6099;146;494;4;22498
2026-02;Região de Saúde Norte;Unidade Local de Saúde do Médio Ave, EPE;64;1795;10202;3360;122;303;0;15846
2026-01;Região de Saúde LVT;Hospital de Cascais, PPP;32;1357;3681;4711;94;9;0;9884
2026-01;Região de Saúde do Centro;Unidade Local de Saúde da Cova da Beira, EPE;13;433;3355;1401;19;171;2;5392
2026-01;Região de Saúde do Centro;ULS Guarda;36;863;4285;3083;137;84;12;8488
2026-01;Região de Saúde LVT;Unidade Local de Saúde da Lezíria, EPE;76;1542;4802;1617;116;85;19;8238
2026-01;Região de Saúde do Centro;Unidade Local de Saúde da Região de Leiria, EPE;99;1380;6942;3157;135;285;63;11998
2026-01;Região de Saúde do Centro;Unidade Local de Saúde de Coimbra, EPE;128;2972;10648;4508;177;450;49;18883
2026-01;Região de Saúde do Centro;Unidade Local de Saúde de Dão-Lafões, EPE;52;1732;6504;3898;457;3;1168;12646
2026-01;Região de Saúde Norte;Unidade Local de Saúde de Entre Douro e Vouga, EPE;52;1965;8249;1572;52;6;10;11896
2026-01;Região de Saúde do Alentejo;Unidade Local de Saúde do Alentejo Central, EPE;44;1229;3229;3196;153;364;24;8215
2026-01;Região de Saúde do Algarve;Unidade Local de Saúde do Algarve, EPE;109;3488;12899;9987;451;715;258;27649
2026-01;Região de Saúde do Alentejo;ULS Litoral Alentejano;21;643;3081;3088;115;178;0;7126
2026-01;Região de Saúde Norte;Unidade Local de Saúde do Médio Ave, EPE;36;1012;5323;1633;47;139;0;8190
2026-01;Região de Saúde Norte;Unidade Local de Saúde do Tâmega e Sousa, EPE;86;2330;7844;3323;200;521;959;14304
2026-01;Região de Saúde Norte;Unidade Local de Saúde da Póvoa de Varzim/Vila do Conde, EPE;41;604;2461;1825;93;0;13;5024
2026-01;Região de Saúde LVT;Unidade Local de Saúde de Almada-Seixal, EPE;60;1551;5573;3062;136;414;17;10796
2026-01;Região de Saúde Norte;Unidade Local de Saúde de Braga, EPE;69;1255;7270;5400;76;601;86;14671
2026-01;Região de Saúde Norte;Unidade Local de Saúde de São João, EPE;93;2061;7511;2521;420;0;7331;12606
2026-01;Região de Saúde LVT;Unidade Local de Saúde do Médio Tejo, EPE;75;1282;5864;4073;67;468;31;11829
2026-01;Região de Saúde Norte;Unidade Local de Saúde de Barcelos/Esposende, EPE;19;427;2068;2098;92;40;2;4744
2026-01;Região de Saúde Norte;ULS Matosinhos;33;1114;3224;902;232;5;828;5510
2026-01;Região de Saúde LVT;Unidade Local de Saúde de Santa Maria, EPE;80;2029;6349;4420;201;214;264;13293
2026-01;Região de Saúde Norte;Unidade Local de Saúde de Trás-os-Montes e Alto Douro, EPE;55;1727;11299;4288;81;483;2;17933
2026-01;Região de Saúde Norte;Unidade Local de Saúde do Alto Ave, EPE;21;1043;4691;4234;128;898;27;11015
2026-01;Região de Saúde Norte;Unidade Local de Saúde do Alto Minho, EPE;67;1537;6647;3113;64;252;3;11680
2026-01;Região de Saúde LVT;Unidade Local de Saúde do Oeste, EPE;52;1661;5849;3133;130;148;395;10973
2026-01;Região de Saúde do Centro;Unidade Local de Saúde Castelo Branco, EPE;22;437;2875;2205;75;120;6;5734
2026-01;Região de Saúde LVT;Unidade Local de Saúde de Amadora/Sintra, EPE;78;2309;5596;7485;283;375;440;16126
2026-01;Região de Saúde LVT;Unidade Local de Saúde de Lisboa Ocidental, EPE;31;866;3867;4388;245;308;684;9705
2026-01;Região de Saúde LVT;Unidade Local de Saúde de Loures-Odivelas, EPE;31;820;3777;1799;130;13;1436;6570
2026-01;Região de Saúde LVT;Unidade Local de Saúde de São José, EPE;71;1407;10209;5245;370;298;357;17600
2026-01;Região de Saúde Norte;Unidade Local de Saúde de Vila Nova de Gaia/Espinho, EPE;41;1238;8341;2735;86;357;66;12798
2026-01;Região de Saúde do Centro;Unidade Local de Saúde do Baixo Mondego, EPE;17;517;2805;1215;12;71;20;4637
2026-01;Região de Saúde LVT;Unidade Local de Saúde do Estuário do Tejo, EPE;23;701;4336;1462;92;360;63;6974
2026-01;Região de Saúde Norte;Unidade Local de Saúde do Nordeste, EPE;28;806;6319;1308;70;317;29;8848
2026-01;Região de Saúde LVT;Unidade Local de Saúde da Arrábida, EPE;41;1319;4722;2791;105;389;77;9367
2026-01;Região de Saúde do Centro;Unidade Local de Saúde da Região de Aveiro, EPE;55;2020;8025;1630;168;739;32;12637
2026-01;Região de Saúde Norte;Unidade Local de Saúde de Santo António, EPE;58;1144;5980;1555;128;130;1459;8995
2026-01;Região de Saúde do Alentejo;Unidade Local de Saúde do Alto Alentejo, EPE;26;758;3172;2850;67;199;11;7072
2026-01;Região de Saúde LVT;Unidade Local de Saúde do Arco Ribeirinho, EPE;39;1014;4706;4092;157;399;93;10407
2026-01;Região de Saúde do Alentejo;ULS Baixo Alentejo;40;1022;4622;3061;86;115;19;8946
2025-12;Região de Saúde LVT;Unidade Local de Saúde da Arrábida, EPE;450;14035;57792;37279;1571;4378;5294;115505
2025-12;Região de Saúde do Centro;Unidade Local de Saúde da Cova da Beira, EPE;108;4817;43095;17066;228;2549;114;67863
2025-12;Região de Saúde LVT;Unidade Local de Saúde da Lezíria, EPE;410;15185;57726;21735;1192;6295;167;102543
2025-12;Região de Saúde LVT;Unidade Local de Saúde de Amadora/Sintra, EPE;727;25988;70873;110371;3412;4216;3104;215587
2025-12;Região de Saúde do Centro;Unidade Local de Saúde de Coimbra, EPE;1487;36087;140430;56442;2154;6643;1977;243243
2025-12;Região de Saúde LVT;Unidade Local de Saúde de Lisboa Ocidental, EPE;334;10197;53894;52539;2980;3900;8490;123844
2025-12;Região de Saúde Norte;Unidade Local de Saúde de São João, EPE;1169;23667;94315;34889;6282;0;89200;160322
2025-12;Região de Saúde do Alentejo;ULS Litoral Alentejano;230;7242;39832;39943;1807;2783;0;91837
2025-12;Região de Saúde LVT;Unidade Local de Saúde do Médio Tejo, EPE;591;13735;74243;54390;1164;5535;405;149658
2025-12;Região de Saúde do Centro;Unidade Local de Saúde Castelo Branco, EPE;134;4795;32766;26742;1332;1828;67;67597
2025-12;Região de Saúde Norte;Unidade Local de Saúde de Braga, EPE;921;16634;96368;71582;1014;7968;1146;194487
2025-12;Região de Saúde LVT;Unidade Local de Saúde de Santa Maria, EPE;990;22831;83080;64187;2963;2678;3313;176729
2025-12;Região de Saúde do Algarve;Unidade Local de Saúde do Algarve, EPE;1067;45835;172208;134402;5097;11714;5059;370323
2025-12;Região de Saúde Norte;Unidade Local de Saúde do Alto Ave, EPE;203;10905;61233;54054;1422;11581;685;139398
2025-12;Região de Saúde do Centro;Unidade Local de Saúde da Região de Leiria, EPE;965;16024;88589;36658;1695;5352;747;149283
2025-12;Região de Saúde do Centro;Unidade Local de Saúde de Dão-Lafões, EPE;586;20089;81921;50446;4664;708;16319;158414
2025-12;Região de Saúde Norte;Unidade Local de Saúde de Entre Douro e Vouga, EPE;621;24820;117557;28629;1141;214;299;172982
2025-12;Região de Saúde LVT;Unidade Local de Saúde de São José, EPE;909;16965;127121;70627;5460;4261;3057;225343
2025-12;Região de Saúde Norte;Unidade Local de Saúde do Alto Minho, EPE;584;16855;82003;44757;1104;2704;47;148007
2025-12;Região de Saúde do Alentejo;ULS Baixo Alentejo;313;11670;60468;37459;1281;1220;253;112411
2025-12;Região de Saúde Norte;Unidade Local de Saúde do Médio Ave, EPE;338;11002;69791;23288;935;1990;12;107344
2025-12;Região de Saúde Norte;Unidade Local de Saúde do Nordeste, EPE;351;8827;71663;15508;782;4244;344;101375
2025-12;Região de Saúde LVT;Hospital de Cascais, PPP;375;16005;49768;64846;1042;136;0;132172
2025-12;Região de Saúde do Centro;Unidade Local de Saúde da Região de Aveiro, EPE;620;22849;104571;23583;2241;8265;413;162129
2025-12;Região de Saúde LVT;Unidade Local de Saúde de Almada-Seixal, EPE;778;16313;66184;41444;1635;4273;3423;130627
2025-12;Região de Saúde LVT;Unidade Local de Saúde de Loures-Odivelas, EPE;248;9040;45936;26408;1111;234;18571;82977
2025-12;Região de Saúde Norte;ULS Matosinhos;266;12930;44530;14243;2227;695;9296;74891
2025-12;Região de Saúde Norte;Unidade Local de Saúde de Santo António, EPE;685;13275;76532;27554;2120;2282;17111;122448
2025-12;Região de Saúde LVT;Unidade Local de Saúde do Arco Ribeirinho, EPE;304;11099;64723;53208;1742;4405;1009;135481
2025-12;Região de Saúde do Centro;Unidade Local de Saúde do Baixo Mondego, EPE;151;5456;38919;18800;179;993;170;64498
2025-12;Região de Saúde LVT;Unidade Local de Saúde do Estuário do Tejo, EPE;309;8768;52545;25476;953;5737;292;93788
2025-12;Região de Saúde LVT;Unidade Local de Saúde do Oeste, EPE;512;17701;75868;44152;1751;1855;4649;141839
2025-12;Região de Saúde Norte;Unidade Local de Saúde do Tâmega e Sousa, EPE;1023;28391;97953;40087;1209;14897;31480;183560
2025-12;Região de Saúde do Centro;ULS Guarda;310;9393;52387;33795;1699;1531;125;99115
2025-12;Região de Saúde Norte;Unidade Local de Saúde da Póvoa de Varzim/Vila do Conde, EPE;309;6326;31943;24837;989;1;247;64405
2025-12;Região de Saúde Norte;Unidade Local de Saúde de Barcelos/Esposende, EPE;123;5029;27097;27263;1129;623;23;61264
2025-12;Região de Saúde Norte;Unidade Local de Saúde de Trás-os-Montes e Alto Douro, EPE;548;20025;140633;56936;1208;6712;13;226062
2025-12;Região de Saúde Norte;Unidade Local de Saúde de Vila Nova de Gaia/Espinho, EPE;490;14281;112039;37193;1658;3964;1270;169625
2025-12;Região de Saúde do Alentejo;Unidade Local de Saúde do Alentejo Central, EPE;367;14389;39271;37709;1863;3519;335;97118
2025-12;Região de Saúde do Alentejo;Unidade Local de Saúde do Alto Alentejo, EPE;277;8569;44928;30809;874;2194;126;87651
2025-11;Região de Saúde do Centro;ULS Guarda;280;8479;47647;30195;1566;1400;116;89567
2025-11;Região de Saúde LVT;Unidade Local de Saúde de Amadora/Sintra, EPE;671;23384;64996;101508;3193;3846;3027;197598
2025-11;Região de Saúde do Centro;Unidade Local de Saúde de Coimbra, EPE;1359;32729;128518;51501;1990;6164;1911;222261
2025-11;Região de Saúde Norte;ULS Matosinhos;242;11728;40925;13228;2056;678;8524;68857
2025-11;Região de Saúde Norte;Unidade Local de Saúde de Vila Nova de Gaia/Espinho, EPE;436;12882;102528;34148;1576;3582;1201;155152
2025-11;Região de Saúde Norte;Unidade Local de Saúde do Alto Ave, EPE;182;9719;55880;49428;1336;10662;623;127207
2025-11;Região de Saúde do Alentejo;ULS Baixo Alentejo;269;10615;54785;34123;1211;1086;232;102089
2025-11;Região de Saúde LVT;Unidade Local de Saúde do Médio Tejo, EPE;521;12398;67648;49359;1110;5155;366;136191
2025-11;Região de Saúde do Centro;Unidade Local de Saúde Castelo Branco, EPE;119;4353;29809;24603;1234;1656;57;61774
2025-11;Região de Saúde do Centro;Unidade Local de Saúde da Região de Aveiro, EPE;542;20234;95066;21322;2109;7497;338;146770
2025-11;Região de Saúde LVT;Unidade Local de Saúde de Almada-Seixal, EPE;698;14663;60193;37076;1445;3872;322;117947
2025-11;Região de Saúde Norte;Unidade Local de Saúde de Barcelos/Esposende, EPE;111;4526;24648;24850;1062;570;17;55767
2025-11;Região de Saúde Norte;Unidade Local de Saúde de Entre Douro e Vouga, EPE;543;22540;107261;26076;1087;206;273;157713
2025-11;Região de Saúde LVT;Unidade Local de Saúde de Lisboa Ocidental, EPE;289;9189;49437;47643;2776;3560;7962;112894
2025-11;Região de Saúde LVT;Unidade Local de Saúde de Santa Maria, EPE;895;20591;76278;59470;2765;2477;3073;162476
2025-11;Região de Saúde do Alentejo;Unidade Local de Saúde do Alentejo Central, EPE;330;13045;35996;34223;1749;3206;318;88549
2025-11;Região de Saúde do Algarve;Unidade Local de Saúde do Algarve, EPE;954;42332;158497;122739;4796;10870;4865;340188
2025-11;Região de Saúde LVT;Unidade Local de Saúde do Arco Ribeirinho, EPE;275;9899;59282;48661;1624;4065;901;123806
2025-11;Região de Saúde Norte;Unidade Local de Saúde do Médio Ave, EPE;301;9914;63774;21590;875;1780;12;98234
2025-11;Região de Saúde LVT;Unidade Local de Saúde do Oeste, EPE;450;16005;69097;40527;1639;1674;4210;129392
2025-11;Região de Saúde Norte;Unidade Local de Saúde do Tâmega e Sousa, EPE;912;25828;90188;36702;1104;14283;28633;169017
2025-11;Região de Saúde do Centro;Unidade Local de Saúde da Cova da Beira, EPE;95;4388;39478;15501;219;2299;106;61980
2025-11;Região de Saúde do Centro;Unidade Local de Saúde da Região de Leiria, EPE;859;14565;80929;33356;1563;4897;676;136169
2025-11;Região de Saúde Norte;Unidade Local de Saúde de Santo António, EPE;618;11984;70322;25326;1955;2129;15587;112334
2025-11;Região de Saúde Norte;Unidade Local de Saúde de São João, EPE;1070;21458;86539;32331;5874;0;80565;147272
2025-11;Região de Saúde LVT;Unidade Local de Saúde de São José, EPE;816;15396;116266;64885;5099;3804;2744;206266
2025-11;Região de Saúde do Alentejo;Unidade Local de Saúde do Alto Alentejo, EPE;242;7789;41455;27777;792;1937;110;79992
2025-11;Região de Saúde LVT;Unidade Local de Saúde do Estuário do Tejo, EPE;269;8038;48619;23851;895;5390;254;87062
2025-11;Região de Saúde Norte;Unidade Local de Saúde do Nordeste, EPE;311;7988;65085;14116;729;3796;316;92025
2025-11;Região de Saúde LVT;Hospital de Cascais, PPP;349;14400;45867;59291;984;125;0;121016
2025-11;Região de Saúde LVT;Unidade Local de Saúde da Arrábida, EPE;398;12603;52914;34086;1455;3958;5294;105414
2025-11;Região de Saúde Norte;Unidade Local de Saúde de Braga, EPE;855;15451;89512;66490;942;7401;1063;180651
2025-11;Região de Saúde Norte;Unidade Local de Saúde de Trás-os-Montes e Alto Douro, EPE;491;18236;128076;52024;1081;6159;13;206067
2025-11;Região de Saúde LVT;Unidade Local de Saúde da Lezíria, EPE;375;13654;52613;20043;1090;6144;154;93919
2025-11;Região de Saúde Norte;Unidade Local de Saúde da Póvoa de Varzim/Vila do Conde, EPE;276;5644;28985;22692;929;1;227;58527
2025-11;Região de Saúde do Centro;Unidade Local de Saúde de Dão-Lafões, EPE;516;18123;75143;45950;4323;706;13888;144761
2025-11;Região de Saúde LVT;Unidade Local de Saúde de Loures-Odivelas, EPE;231;8129;41818;25864;1065;198;13353;77305
2025-11;Região de Saúde Norte;Unidade Local de Saúde do Alto Minho, EPE;508;15129;74300;40964;1028;2461;46;134390
2025-11;Região de Saúde do Centro;Unidade Local de Saúde do Baixo Mondego, EPE;138;4927;35682;17281;166;907;153;59101
2025-11;Região de Saúde do Alentejo;ULS Litoral Alentejano;210;6616;36358;36350;1642;2537;0;83713
2025-10;Região de Saúde Norte;Unidade Local de Saúde de Barcelos/Esposende, EPE;106;4102;22270;22579;978;518;13;50553
2025-10;Região de Saúde LVT;Unidade Local de Saúde de Loures-Odivelas, EPE;210;7390;38017;23513;968;180;12139;70278
2025-10;Região de Saúde Norte;Unidade Local de Saúde de Santo António, EPE;558;10888;64038;23349;1818;2000;14163;102651
2025-10;Região de Saúde Norte;Unidade Local de Saúde de Trás-os-Montes e Alto Douro, EPE;451;16618;116622;47508;993;5662;10;187854
2025-10;Região de Saúde do Centro;Unidade Local de Saúde do Baixo Mondego, EPE;126;4542;32528;15627;158;835;142;53816
2025-10;Região de Saúde LVT;Hospital de Cascais, PPP;349;14400;45867;59291;984;125;0;121016
2025-10;Região de Saúde do Centro;ULS Guarda;253;7783;43537;27540;1433;1296;105;81842
2025-10;Região de Saúde Norte;Unidade Local de Saúde da Póvoa de Varzim/Vila do Conde, EPE;247;5055;26348;20664;833;1;210;53148
2025-10;Região de Saúde LVT;Unidade Local de Saúde de Amadora/Sintra, EPE;599;21171;58790;92757;2939;3534;2980;179790
2025-10;Região de Saúde do Centro;Unidade Local de Saúde de Coimbra, EPE;1232;29801;117042;47078;1843;5661;1865;202657
2025-10;Região de Saúde Norte;Unidade Local de Saúde de Entre Douro e Vouga, EPE;492;20549;97790;23949;1032;198;216;144010
2025-10;Região de Saúde Norte;Unidade Local de Saúde do Alto Ave, EPE;169;8784;50763;44310;1214;9696;584;114936
2025-10;Região de Saúde LVT;Unidade Local de Saúde do Arco Ribeirinho, EPE;242;8951;54043;44486;1526;3706;789;112954
2025-10;Região de Saúde LVT;Unidade Local de Saúde do Estuário do Tejo, EPE;245;7286;44621;22066;819;5124;225;80161
2025-10;Região de Saúde do Alentejo;ULS Litoral Alentejano;192;6077;33385;33327;1504;2328;0;76813
2025-10;Região de Saúde Norte;Unidade Local de Saúde do Médio Ave, EPE;280;9024;57670;19706;816;1621;12;89117
2025-10;Região de Saúde Norte;Unidade Local de Saúde do Nordeste, EPE;271;7276;59317;12937;666;3464;295;83931
2025-10;Região de Saúde do Centro;Unidade Local de Saúde da Região de Leiria, EPE;756;13280;73852;30431;1433;4434;615;124186
2025-10;Região de Saúde do Centro;Unidade Local de Saúde de Dão-Lafões, EPE;479;16362;68400;41689;3890;705;12699;131525
2025-10;Região de Saúde Norte;ULS Matosinhos;221;10701;37469;12130;1846;656;7753;63023
2025-10;Região de Saúde LVT;Unidade Local de Saúde de São José, EPE;754;13954;105471;59145;4716;3469;2425;187509
2025-10;Região de Saúde Norte;Unidade Local de Saúde de Vila Nova de Gaia/Espinho, EPE;396;11693;93384;30972;1448;3263;1081;141156
2025-10;Região de Saúde do Alentejo;Unidade Local de Saúde do Alentejo Central, EPE;296;11884;32877;31221;1590;2876;284;80744
2025-10;Região de Saúde do Algarve;Unidade Local de Saúde do Algarve, EPE;885;39020;145286;112634;4392;10046;4394;312263
2025-10;Região de Saúde do Alentejo;Unidade Local de Saúde do Alto Alentejo, EPE;222;7183;38289;25232;729;1722;97;73377
2025-10;Região de Saúde do Alentejo;ULS Baixo Alentejo;238;9722;50015;31556;1145;978;224;93654
2025-10;Região de Saúde Norte;Unidade Local de Saúde do Tâmega e Sousa, EPE;829;23437;81677;33012;1013;13525;26073;153493
2025-10;Região de Saúde do Centro;Unidade Local de Saúde da Cova da Beira, EPE;87;4045;36020;14124;195;2052;101;56523
2025-10;Região de Saúde LVT;Unidade Local de Saúde de Almada-Seixal, EPE;642;13234;54624;33599;1303;3441;319;106843
2025-10;Região de Saúde Norte;Unidade Local de Saúde de Braga, EPE;780;14083;81590;60605;858;6746;969;164662
2025-10;Região de Saúde LVT;Unidade Local de Saúde de Santa Maria, EPE;806;18620;69744;54431;2551;2276;2803;148428
2025-10;Região de Saúde Norte;Unidade Local de Saúde de São João, EPE;985;19520;78906;29863;5409;0;71864;134683
2025-10;Região de Saúde LVT;Unidade Local de Saúde do Médio Tejo, EPE;480;11356;61620;45126;1033;4731;336;124346
2025-10;Região de Saúde LVT;Unidade Local de Saúde do Oeste, EPE;406;14633;63077;36716;1519;1546;3864;117897
2025-10;Região de Saúde do Centro;Unidade Local de Saúde Castelo Branco, EPE;113;3937;27222;22470;1126;1481;53;56349
2025-10;Região de Saúde LVT;Unidade Local de Saúde da Arrábida, EPE;345;11365;48171;30889;1339;3592;5029;95701
2025-10;Região de Saúde LVT;Unidade Local de Saúde da Lezíria, EPE;353;12411;47658;18377;990;5796;143;85585
2025-10;Região de Saúde do Centro;Unidade Local de Saúde da Região de Aveiro, EPE;506;18288;86765;19538;1910;6803;316;133810
2025-10;Região de Saúde LVT;Unidade Local de Saúde de Lisboa Ocidental, EPE;271;8312;45114;43047;2538;3243;7358;102525
2025-10;Região de Saúde Norte;Unidade Local de Saúde do Alto Minho, EPE;459;13754;67513;37740;946;2245;45;122657
2025-09;Região de Saúde do Centro;Unidade Local de Saúde de Dão-Lafões, EPE;439;14721;61191;37587;3392;699;11331;118029
2025-09;Região de Saúde LVT;Unidade Local de Saúde de Loures-Odivelas, EPE;189;6651;34215;21162;871;162;10925;63250
2025-09;Região de Saúde do Alentejo;Unidade Local de Saúde do Alentejo Central, EPE;267;10680;29448;27858;1424;2575;250;72252
2025-09;Região de Saúde do Alentejo;Unidade Local de Saúde do Alto Alentejo, EPE;209;6491;34342;22585;662;1491;87;65780
2025-09;Região de Saúde Norte;Unidade Local de Saúde do Alto Ave, EPE;156;7829;45243;39374;1064;8675;533;102341
2025-09;Região de Saúde do Centro;Unidade Local de Saúde do Baixo Mondego, EPE;117;4106;29214;14104;135;760;121;48436
2025-09;Região de Saúde do Centro;ULS Guarda;235;6996;39438;24950;1283;1187;93;74089
2025-09;Região de Saúde Norte;Unidade Local de Saúde da Póvoa de Varzim/Vila do Conde, EPE;230;4542;23660;18596;755;1;194;47784
2025-09;Região de Saúde LVT;Unidade Local de Saúde de Amadora/Sintra, EPE;526;18860;52414;83014;2639;3198;2872;160651
2025-09;Região de Saúde Norte;Unidade Local de Saúde de Santo António, EPE;484;9725;57260;21005;1656;1851;12663;91981
2025-09;Região de Saúde Norte;Unidade Local de Saúde de Trás-os-Montes e Alto Douro, EPE;411;15013;105214;42753;892;5102;9;169385
2025-09;Região de Saúde LVT;Unidade Local de Saúde do Oeste, EPE;362;13137;56498;32772;1362;1410;3433;105541
2025-09;Região de Saúde Norte;Unidade Local de Saúde do Tâmega e Sousa, EPE;737;21046;73001;29612;897;12044;23566;137337
2025-09;Região de Saúde LVT;Unidade Local de Saúde da Arrábida, EPE;319;10192;43141;27343;1191;3239;4608;85425
2025-09;Região de Saúde do Centro;Unidade Local de Saúde da Cova da Beira, EPE;85;3680;32405;12598;172;1822;92;50762
2025-09;Região de Saúde do Centro;Unidade Local de Saúde da Região de Aveiro, EPE;459;16364;77666;17587;1718;6074;281;119868
2025-09;Região de Saúde do Centro;Unidade Local de Saúde da Região de Leiria, EPE;687;12002;66060;27042;1251;3928;552;110970
2025-09;Região de Saúde Norte;Unidade Local de Saúde de Barcelos/Esposende, EPE;90;3704;19990;20129;872;480;13;45265
2025-09;Região de Saúde Norte;Unidade Local de Saúde de Braga, EPE;701;12663;73364;54495;771;6066;871;148060
2025-09;Região de Saúde Norte;Unidade Local de Saúde de Entre Douro e Vouga, EPE;439;18467;88050;21778;940;187;181;129861
2025-09;Região de Saúde Norte;Unidade Local de Saúde de Vila Nova de Gaia/Espinho, EPE;367;10509;83905;27744;1286;2930;827;126741
2025-09;Região de Saúde do Alentejo;ULS Baixo Alentejo;210;8770;44654;28451;1017;868;213;83970
2025-09;Região de Saúde LVT;Unidade Local de Saúde do Estuário do Tejo, EPE;220;6620;40033;20118;717;4774;195;72482
2025-09;Região de Saúde do Alentejo;ULS Litoral Alentejano;173;5467;30029;29976;1353;2095;0;69093
2025-09;Região de Saúde Norte;Unidade Local de Saúde do Médio Ave, EPE;253;8203;51733;17705;740;1451;12;80085
2025-09;Região de Saúde Norte;Unidade Local de Saúde do Nordeste, EPE;242;6525;53102;11735;590;3117;268;75311
2025-09;Região de Saúde do Centro;Unidade Local de Saúde Castelo Branco, EPE;105;3561;24545;20244;979;1307;48;50741
2025-09;Região de Saúde LVT;Unidade Local de Saúde de Almada-Seixal, EPE;579;11755;48220;29880;1122;2987;276;94543
2025-09;Região de Saúde LVT;Unidade Local de Saúde de Santa Maria, EPE;712;16678;62483;48983;2314;2013;2442;133183
2025-09;Região de Saúde LVT;Unidade Local de Saúde do Médio Tejo, EPE;445;10226;55025;40587;943;4276;307;111502
2025-09;Região de Saúde LVT;Hospital de Cascais, PPP;290;11824;37850;48180;793;108;0;99045
2025-09;Região de Saúde LVT;Unidade Local de Saúde da Lezíria, EPE;324;11200;42429;16568;855;5220;133;76596
2025-09;Região de Saúde do Centro;Unidade Local de Saúde de Coimbra, EPE;1117;26834;104687;42092;1656;5113;1778;181499
2025-09;Região de Saúde LVT;Unidade Local de Saúde de Lisboa Ocidental, EPE;252;7443;40572;37871;2203;2933;6648;91274
2025-09;Região de Saúde Norte;ULS Matosinhos;199;9583;33843;10854;1579;625;6976;56683
2025-09;Região de Saúde Norte;Unidade Local de Saúde de São João, EPE;886;17481;70487;26923;4826;0;63533;120603
2025-09;Região de Saúde LVT;Unidade Local de Saúde de São José, EPE;677;12372;93779;52806;4245;3148;2126;167027
2025-09;Região de Saúde do Algarve;Unidade Local de Saúde do Algarve, EPE;821;35432;130771;101019;3970;9021;4161;281034
2025-09;Região de Saúde Norte;Unidade Local de Saúde do Alto Minho, EPE;417;12433;60368;34058;867;1986;45;110129
2025-09;Região de Saúde LVT;Unidade Local de Saúde do Arco Ribeirinho, EPE;224;7977;48552;39742;1397;3287;694;101179
2025-08;Região de Saúde LVT;Unidade Local de Saúde de Santa Maria, EPE;626;14832;55593;43703;2046;1805;2178;118605
2025-08;Região de Saúde Norte;Unidade Local de Saúde de Santo António, EPE;425;8719;50770;18692;1450;1696;11285;81752
2025-08;Região de Saúde LVT;Unidade Local de Saúde do Arco Ribeirinho, EPE;202;7112;43370;35834;1255;2857;598;90630
2025-08;Região de Saúde do Alentejo;ULS Litoral Alentejano;155;4908;26953;26870;1212;1879;0;61977
2025-08;Região de Saúde LVT;Unidade Local de Saúde do Oeste, EPE;317;11725;50412;29123;1202;1253;2980;94032
2025-08;Região de Saúde LVT;Hospital de Cascais, PPP;251;10601;33787;43112;722;100;0;88573
2025-08;Região de Saúde LVT;Unidade Local de Saúde de Almada-Seixal, EPE;514;10407;42599;26565;969;2588;286;83642
2025-08;Região de Saúde LVT;Unidade Local de Saúde de Amadora/Sintra, EPE;461;16551;46464;74504;2348;2842;2819;143170
2025-08;Região de Saúde do Alentejo;Unidade Local de Saúde do Alentejo Central, EPE;234;9614;26238;24953;1295;2312;226;64646
2025-08;Região de Saúde Norte;Unidade Local de Saúde do Alto Ave, EPE;132;6953;40071;35082;954;7680;484;90872
2025-08;Região de Saúde do Alentejo;ULS Baixo Alentejo;194;7861;39982;25728;895;778;200;75438
2025-08;Região de Saúde do Centro;Unidade Local de Saúde da Cova da Beira, EPE;78;3354;28913;11280;158;1576;86;45359
2025-08;Região de Saúde Norte;Unidade Local de Saúde da Póvoa de Varzim/Vila do Conde, EPE;203;4057;21135;16653;696;1;179;42745
2025-08;Região de Saúde Norte;Unidade Local de Saúde de Braga, EPE;626;11308;65515;48665;689;5417;777;132220
2025-08;Região de Saúde do Centro;Unidade Local de Saúde de Dão-Lafões, EPE;406;13164;54527;33671;2952;698;10038;105418
2025-08;Região de Saúde Norte;Unidade Local de Saúde de Entre Douro e Vouga, EPE;397;16451;78671;19762;845;173;156;116299
2025-08;Região de Saúde LVT;Unidade Local de Saúde de Loures-Odivelas, EPE;168;5912;30413;18810;774;144;9711;56221
2025-08;Região de Saúde Norte;ULS Matosinhos;173;8630;30345;9525;1295;585;6168;50553
2025-08;Região de Saúde do Algarve;Unidade Local de Saúde do Algarve, EPE;729;31626;116496;89876;3529;8076;3982;250332
2025-08;Região de Saúde do Centro;Unidade Local de Saúde do Baixo Mondego, EPE;112;3642;26029;12615;106;677;108;43181
2025-08;Região de Saúde LVT;Unidade Local de Saúde do Estuário do Tejo, EPE;204;5963;36231;18690;674;4487;186;66249
2025-08;Região de Saúde Norte;Unidade Local de Saúde do Nordeste, EPE;223;5861;47620;10560;539;2797;252;67600
2025-08;Região de Saúde Norte;Unidade Local de Saúde do Tâmega e Sousa, EPE;661;18950;64985;26383;812;10668;21013;122459
2025-08;Região de Saúde do Centro;Unidade Local de Saúde da Região de Aveiro, EPE;417;14508;69263;15901;1529;5365;259;106983
2025-08;Região de Saúde do Centro;Unidade Local de Saúde de Coimbra, EPE;980;24104;93267;37509;1461;4614;1735;161935
2025-08;Região de Saúde LVT;Unidade Local de Saúde de Lisboa Ocidental, EPE;229;6718;36283;33473;1932;2600;5931;81235
2025-08;Região de Saúde Norte;Unidade Local de Saúde de Trás-os-Montes e Alto Douro, EPE;364;13467;94069;38467;799;4563;8;151729
2025-08;Região de Saúde do Centro;Unidade Local de Saúde Castelo Branco, EPE;90;3198;21891;18352;874;1161;44;45566
2025-08;Região de Saúde LVT;Unidade Local de Saúde da Arrábida, EPE;288;9135;38445;24341;1075;2907;4061;76191
2025-08;Região de Saúde do Centro;ULS Guarda;214;6260;35158;22485;1155;1076;86;66348
2025-08;Região de Saúde LVT;Unidade Local de Saúde da Lezíria, EPE;271;10025;37532;14938;764;4616;126;68146
2025-08;Região de Saúde do Centro;Unidade Local de Saúde da Região de Leiria, EPE;616;10780;58878;24050;1090;3402;501;98816
2025-08;Região de Saúde Norte;Unidade Local de Saúde de Barcelos/Esposende, EPE;84;3277;17833;17807;747;425;11;40173
2025-08;Região de Saúde Norte;Unidade Local de Saúde de São João, EPE;802;15473;62453;24140;4336;0;56691;107204
2025-08;Região de Saúde LVT;Unidade Local de Saúde de São José, EPE;596;10960;83449;47140;3898;2790;1845;148833
2025-08;Região de Saúde Norte;Unidade Local de Saúde de Vila Nova de Gaia/Espinho, EPE;330;9352;74638;24648;1146;2601;730;112715
2025-08;Região de Saúde do Alentejo;Unidade Local de Saúde do Alto Alentejo, EPE;193;5804;30633;20431;595;1254;74;58910
2025-08;Região de Saúde Norte;Unidade Local de Saúde do Alto Minho, EPE;369;11119;53625;30516;762;1744;42;98135
2025-08;Região de Saúde Norte;Unidade Local de Saúde do Médio Ave, EPE;228;7291;46504;15811;636;1322;12;71792
2025-08;Região de Saúde LVT;Unidade Local de Saúde do Médio Tejo, EPE;398;9210;49056;36550;883;3855;272;99952
2025-07;Região de Saúde LVT;Hospital de Cascais, PPP;223;9569;29902;38317;643;87;0;78741
2025-07;Região de Saúde do Centro;Unidade Local de Saúde da Região de Leiria, EPE;540;9414;51048;20787;946;2944;433;85679
2025-07;Região de Saúde LVT;Unidade Local de Saúde de Almada-Seixal, EPE;449;9297;37478;23398;843;2272;239;73737
2025-07;Região de Saúde Norte;Unidade Local de Saúde de Braga, EPE;547;9887;57279;42546;602;4736;680;115597
2025-07;Região de Saúde Norte;Unidade Local de Saúde de Entre Douro e Vouga, EPE;359;14363;68749;17825;763;159;141;102218
2025-07;Região de Saúde Norte;Unidade Local de Saúde de São João, EPE;692;13507;53826;21072;3756;0;50631;92853
2025-07;Região de Saúde Norte;Unidade Local de Saúde do Alto Minho, EPE;327;9557;45797;25964;655;1450;21;83750
2025-07;Região de Saúde do Alentejo;ULS Baixo Alentejo;170;6833;34909;22738;800;656;184;66106
2025-07;Região de Saúde LVT;Unidade Local de Saúde da Arrábida, EPE;250;8099;33555;21378;959;2554;3347;66795
2025-07;Região de Saúde do Centro;Unidade Local de Saúde de Coimbra, EPE;858;21107;81340;32995;1300;4038;1612;141638
2025-07;Região de Saúde LVT;Unidade Local de Saúde de Loures-Odivelas, EPE;145;5261;26653;17259;686;122;8321;50126
2025-07;Região de Saúde Norte;Unidade Local de Saúde de Santo António, EPE;360;7621;43906;16210;1239;1505;9931;70841
2025-07;Região de Saúde Norte;Unidade Local de Saúde de Trás-os-Montes e Alto Douro, EPE;309;11559;80274;33387;705;4023;7;130257
2025-07;Região de Saúde LVT;Unidade Local de Saúde do Arco Ribeirinho, EPE;179;6375;38446;31916;1102;2434;513;80452
2025-07;Região de Saúde Norte;Unidade Local de Saúde do Nordeste, EPE;197;5050;40742;8980;482;2384;226;57835
2025-07;Região de Saúde LVT;Unidade Local de Saúde do Oeste, EPE;269;10345;43787;25709;1072;1106;2560;82288
2025-07;Região de Saúde Norte;Unidade Local de Saúde do Tâmega e Sousa, EPE;570;16737;57043;22846;665;9298;18020;107159
2025-07;Região de Saúde do Centro;Unidade Local de Saúde Castelo Branco, EPE;79;2767;18908;15978;778;1017;38;39527
2025-07;Região de Saúde do Centro;Unidade Local de Saúde da Cova da Beira, EPE;69;2934;25167;9953;139;1355;82;39617
2025-07;Região de Saúde LVT;Unidade Local de Saúde de Amadora/Sintra, EPE;409;14562;40444;66054;2066;2467;2780;126002
2025-07;Região de Saúde LVT;Unidade Local de Saúde de Lisboa Ocidental, EPE;206;6075;32255;29547;1680;2275;5294;72038
2025-07;Região de Saúde LVT;Unidade Local de Saúde de Santa Maria, EPE;550;13180;49038;38221;1826;1572;1883;104387
2025-07;Região de Saúde Norte;Unidade Local de Saúde de Vila Nova de Gaia/Espinho, EPE;295;8189;65497;21580;1021;2278;646;98860
2025-07;Região de Saúde do Algarve;Unidade Local de Saúde do Algarve, EPE;645;27321;99183;76372;3086;7026;3596;213633
2025-07;Região de Saúde do Alentejo;Unidade Local de Saúde do Alto Alentejo, EPE;173;5066;26407;17887;523;1040;62;51096
2025-07;Região de Saúde do Centro;Unidade Local de Saúde do Baixo Mondego, EPE;95;3124;22385;11014;95;595;92;37308
2025-07;Região de Saúde LVT;Unidade Local de Saúde do Médio Tejo, EPE;349;8087;42583;31820;756;3258;231;86853
2025-07;Região de Saúde LVT;Unidade Local de Saúde da Lezíria, EPE;236;8914;32580;13456;666;4113;116;59965
2025-07;Região de Saúde do Centro;Unidade Local de Saúde da Região de Aveiro, EPE;370;12839;60876;14058;1339;4761;223;94243
2025-07;Região de Saúde do Centro;Unidade Local de Saúde de Dão-Lafões, EPE;353;11387;47036;29394;2570;695;8686;91435
2025-07;Região de Saúde do Alentejo;Unidade Local de Saúde do Alentejo Central, EPE;201;8496;23020;22064;1129;1962;196;56872
2025-07;Região de Saúde do Centro;ULS Guarda;183;5415;30309;19547;1011;933;78;57398
2025-07;Região de Saúde Norte;Unidade Local de Saúde da Póvoa de Varzim/Vila do Conde, EPE;181;3558;18524;14677;598;1;156;37539
2025-07;Região de Saúde Norte;Unidade Local de Saúde de Barcelos/Esposende, EPE;77;2894;15606;15569;625;394;10;35165
2025-07;Região de Saúde Norte;ULS Matosinhos;155;7585;26749;8211;1010;536;5337;44246
2025-07;Região de Saúde LVT;Unidade Local de Saúde de São José, EPE;531;9703;73588;41469;3391;2474;1589;131156
2025-07;Região de Saúde Norte;Unidade Local de Saúde do Alto Ave, EPE;112;6111;34822;30608;826;6674;423;79153
2025-07;Região de Saúde LVT;Unidade Local de Saúde do Estuário do Tejo, EPE;182;5340;31593;16707;571;4101;133;58494
2025-07;Região de Saúde do Alentejo;ULS Litoral Alentejano;133;4231;23221;23086;1040;1617;0;53328
2025-07;Região de Saúde Norte;Unidade Local de Saúde do Médio Ave, EPE;198;6410;40953;13967;557;1177;12;63262
2025-06;Região de Saúde LVT;Unidade Local de Saúde da Arrábida, EPE;214;7050;28570;18416;812;2173;2662;57235
2025-06;Região de Saúde do Centro;Unidade Local de Saúde da Região de Leiria, EPE;478;8073;43494;17839;803;2414;356;73101
2025-06;Região de Saúde LVT;Unidade Local de Saúde de Almada-Seixal, EPE;387;8071;32117;20026;706;1939;202;63246
2025-06;Região de Saúde do Centro;Unidade Local de Saúde de Dão-Lafões, EPE;305;9763;40004;25215;2138;692;7364;78117
2025-06;Região de Saúde Norte;ULS Matosinhos;130;6524;22885;6815;823;462;4473;37639
2025-06;Região de Saúde Norte;Unidade Local de Saúde de Vila Nova de Gaia/Espinho, EPE;255;7019;55987;18574;870;1931;524;84636
2025-06;Região de Saúde do Alentejo;Unidade Local de Saúde do Alto Alentejo, EPE;161;4336;22417;15288;442;878;53;43522
2025-06;Região de Saúde LVT;Hospital de Cascais, PPP;191;8346;25631;33216;568;74;0;68026
2025-06;Região de Saúde do Centro;ULS Guarda;158;4650;25724;16915;821;804;63;49072
2025-06;Região de Saúde LVT;Unidade Local de Saúde da Lezíria, EPE;211;7770;27624;11899;551;3539;103;51594
2025-06;Região de Saúde do Centro;Unidade Local de Saúde de Coimbra, EPE;748;18312;69649;27923;1111;3482;1612;121225
2025-06;Região de Saúde Norte;Unidade Local de Saúde de Entre Douro e Vouga, EPE;308;12265;58481;15671;660;145;119;87530
2025-06;Região de Saúde Norte;Unidade Local de Saúde de São João, EPE;592;11464;45549;17803;3158;0;44047;78566
2025-06;Região de Saúde do Alentejo;ULS Litoral Alentejano;113;3598;19714;19493;876;1370;0;45164
2025-06;Região de Saúde LVT;Unidade Local de Saúde do Médio Tejo, EPE;302;7009;36147;27377;661;2769;199;74265
2025-06;Região de Saúde Norte;Unidade Local de Saúde do Tâmega e Sousa, EPE;494;14273;48441;19395;555;7926;15170;91084
2025-06;Região de Saúde Norte;Unidade Local de Saúde da Póvoa de Varzim/Vila do Conde, EPE;156;3041;15712;12607;493;1;136;32010
2025-06;Região de Saúde Norte;Unidade Local de Saúde de Braga, EPE;460;8211;47536;35409;508;3937;569;96061
2025-06;Região de Saúde LVT;Unidade Local de Saúde de Loures-Odivelas, EPE;118;4569;22823;15003;583;97;7033;43193
2025-06;Região de Saúde LVT;Unidade Local de Saúde de Santa Maria, EPE;451;11371;41961;32538;1514;1347;1568;89182
2025-06;Região de Saúde Norte;Unidade Local de Saúde de Santo António, EPE;323;6533;37097;13824;1052;1290;8442;60119
2025-06;Região de Saúde LVT;Unidade Local de Saúde de São José, EPE;450;8374;63042;35625;2858;2124;1271;112473
2025-06;Região de Saúde Norte;Unidade Local de Saúde de Trás-os-Montes e Alto Douro, EPE;266;9914;68087;28431;591;3474;6;110763
2025-06;Região de Saúde Norte;Unidade Local de Saúde do Alto Ave, EPE;90;5276;29470;25832;686;5646;370;67000
2025-06;Região de Saúde do Centro;Unidade Local de Saúde do Baixo Mondego, EPE;82;2625;18718;9362;78;502;78;31367
2025-06;Região de Saúde do Centro;Unidade Local de Saúde Castelo Branco, EPE;64;2363;16060;13669;683;866;37;33705
2025-06;Região de Saúde do Centro;Unidade Local de Saúde da Cova da Beira, EPE;55;2492;21439;8587;121;1151;79;33845
2025-06;Região de Saúde LVT;Unidade Local de Saúde de Amadora/Sintra, EPE;351;12628;34226;57015;1753;2087;2722;108060
2025-06;Região de Saúde LVT;Unidade Local de Saúde de Lisboa Ocidental, EPE;173;5335;27664;25310;1431;1937;4469;61850
2025-06;Região de Saúde do Alentejo;Unidade Local de Saúde do Alentejo Central, EPE;175;7272;19644;19131;979;1609;173;48810
2025-06;Região de Saúde do Algarve;Unidade Local de Saúde do Algarve, EPE;585;23449;82396;65137;2515;6062;2111;180144
2025-06;Região de Saúde Norte;Unidade Local de Saúde do Alto Minho, EPE;279;8129;38476;21872;557;1199;18;70512
2025-06;Região de Saúde do Alentejo;ULS Baixo Alentejo;135;5883;29793;19844;693;533;167;56881
2025-06;Região de Saúde Norte;Unidade Local de Saúde do Médio Ave, EPE;159;5506;34733;11964;480;1014;12;53856
2025-06;Região de Saúde LVT;Unidade Local de Saúde do Oeste, EPE;233;8827;37360;22163;906;933;2165;70422
2025-06;Região de Saúde do Centro;Unidade Local de Saúde da Região de Aveiro, EPE;321;11023;51964;12105;1139;4050;185;80602
2025-06;Região de Saúde Norte;Unidade Local de Saúde de Barcelos/Esposende, EPE;69;2492;13343;13064;506;352;10;29826
2025-06;Região de Saúde LVT;Unidade Local de Saúde do Arco Ribeirinho, EPE;158;5542;32724;27493;909;2033;431;68859
2025-06;Região de Saúde LVT;Unidade Local de Saúde do Estuário do Tejo, EPE;159;4638;27434;14994;496;3548;85;51269
2025-06;Região de Saúde Norte;Unidade Local de Saúde do Nordeste, EPE;175;4288;34920;7649;410;2021;169;49463
2025-05;Região de Saúde Norte;Unidade Local de Saúde da Póvoa de Varzim/Vila do Conde, EPE;132;2549;13083;10634;387;1;105;26786
2025-05;Região de Saúde Norte;Unidade Local de Saúde de Santo António, EPE;279;5521;30648;11355;872;1100;7081;49775
2025-05;Região de Saúde Norte;Unidade Local de Saúde de Vila Nova de Gaia/Espinho, EPE;206;5902;46697;15577;727;1576;416;70685
2025-05;Região de Saúde do Algarve;Unidade Local de Saúde do Algarve, EPE;485;19518;67964;53877;2072;5003;1752;148919
2025-05;Região de Saúde Norte;Unidade Local de Saúde do Alto Minho, EPE;237;6724;31837;18122;460;980;15;58360
2025-05;Região de Saúde do Centro;Unidade Local de Saúde do Baixo Mondego, EPE;72;2240;15410;7816;64;420;63;26022
2025-05;Região de Saúde do Centro;Unidade Local de Saúde da Região de Leiria, EPE;404;6767;36036;14956;691;1958;294;60812
2025-05;Região de Saúde LVT;Unidade Local de Saúde de Amadora/Sintra, EPE;303;10937;29297;49035;1466;1779;848;92817
2025-05;Região de Saúde LVT;Unidade Local de Saúde de Lisboa Ocidental, EPE;145;4577;23197;21150;1205;1650;3815;51924
2025-05;Região de Saúde LVT;Unidade Local de Saúde de Loures-Odivelas, EPE;97;3836;18996;12733;512;75;5698;36249
2025-05;Região de Saúde Norte;ULS Matosinhos;104;5493;18960;5559;643;382;3675;31141
2025-05;Região de Saúde Norte;Unidade Local de Saúde de Trás-os-Montes e Alto Douro, EPE;224;8364;56518;23768;512;2853;3;92239
2025-05;Região de Saúde Norte;Unidade Local de Saúde do Alto Ave, EPE;73;4474;24500;21353;547;4702;325;55649
2025-05;Região de Saúde LVT;Unidade Local de Saúde do Oeste, EPE;199;7462;31183;18677;727;789;1827;59037
2025-05;Região de Saúde Norte;Unidade Local de Saúde do Tâmega e Sousa, EPE;415;11924;40084;16079;468;6510;12476;75480
2025-05;Região de Saúde do Centro;Unidade Local de Saúde da Cova da Beira, EPE;45;2093;17705;7378;100;971;72;28292
2025-05;Região de Saúde do Centro;ULS Guarda;140;3981;21508;14243;690;671;58;41233
2025-05;Região de Saúde LVT;Unidade Local de Saúde da Lezíria, EPE;179;6492;22953;10386;446;2990;86;43446
2025-05;Região de Saúde Norte;Unidade Local de Saúde de Braga, EPE;385;6919;39571;29307;411;3254;459;79847
2025-05;Região de Saúde LVT;Unidade Local de Saúde de São José, EPE;384;7087;52842;29633;2422;1715;970;94083
2025-05;Região de Saúde LVT;Unidade Local de Saúde do Estuário do Tejo, EPE;144;3948;23018;13350;420;3033;10;43913
2025-05;Região de Saúde do Alentejo;ULS Litoral Alentejano;94;2994;16397;16177;726;1138;0;37526
2025-05;Região de Saúde Norte;Unidade Local de Saúde do Nordeste, EPE;155;3582;29327;6383;342;1662;142;41451
2025-05;Região de Saúde do Centro;Unidade Local de Saúde Castelo Branco, EPE;50;1968;13331;11493;604;741;28;28187
2025-05;Região de Saúde do Centro;Unidade Local de Saúde da Região de Aveiro, EPE;279;9320;43240;10189;960;3310;150;67298
2025-05;Região de Saúde LVT;Unidade Local de Saúde de Almada-Seixal, EPE;322;6867;26944;16784;585;1651;156;53153
2025-05;Região de Saúde Norte;Unidade Local de Saúde de Barcelos/Esposende, EPE;63;2101;11148;10790;387;287;9;24776
2025-05;Região de Saúde do Centro;Unidade Local de Saúde de Coimbra, EPE;616;15463;58025;23035;961;2925;1535;101025
2025-05;Região de Saúde Norte;Unidade Local de Saúde de Entre Douro e Vouga, EPE;271;10336;48587;13479;558;130;97;73361
2025-05;Região de Saúde do Alentejo;ULS Baixo Alentejo;111;4919;24547;16802;596;448;148;47423
2025-05;Região de Saúde LVT;Hospital de Cascais, PPP;157;7193;21250;28186;471;65;0;57322
2025-05;Região de Saúde LVT;Unidade Local de Saúde da Arrábida, EPE;176;5994;23836;15483;694;1806;2076;47989
2025-05;Região de Saúde do Centro;Unidade Local de Saúde de Dão-Lafões, EPE;246;8116;33194;20810;1731;689;6057;64786
2025-05;Região de Saúde LVT;Unidade Local de Saúde de Santa Maria, EPE;365;9621;34986;26694;1249;1114;1270;74029
2025-05;Região de Saúde Norte;Unidade Local de Saúde de São João, EPE;496;9533;37795;14704;2644;0;37074;65172
2025-05;Região de Saúde do Alentejo;Unidade Local de Saúde do Alentejo Central, EPE;146;6092;16177;16174;810;1289;142;40688
2025-05;Região de Saúde do Alentejo;Unidade Local de Saúde do Alto Alentejo, EPE;133;3578;18504;12803;362;794;47;36174
2025-05;Região de Saúde LVT;Unidade Local de Saúde do Arco Ribeirinho, EPE;135;4745;27125;22959;722;1668;359;57354
2025-05;Região de Saúde Norte;Unidade Local de Saúde do Médio Ave, EPE;134;4664;28793;9927;398;842;0;44758
2025-05;Região de Saúde LVT;Unidade Local de Saúde do Médio Tejo, EPE;248;5973;29735;22935;561;2285;174;61737
2025-04;Região de Saúde LVT;Unidade Local de Saúde da Lezíria, EPE;148;5188;17944;8716;352;2324;72;34672
2025-04;Região de Saúde Norte;Unidade Local de Saúde de Barcelos/Esposende, EPE;54;1714;8984;8435;292;224;5;19703
2025-04;Região de Saúde do Centro;Unidade Local de Saúde de Coimbra, EPE;499;12497;45892;18158;755;2273;1494;80074
2025-04;Região de Saúde LVT;Unidade Local de Saúde de Loures-Odivelas, EPE;85;2985;15003;9975;411;57;4445;28516
2025-04;Região de Saúde do Alentejo;Unidade Local de Saúde do Alentejo Central, EPE;115;4927;12679;12677;620;956;116;31974
2025-04;Região de Saúde do Alentejo;Unidade Local de Saúde do Alto Alentejo, EPE;107;2849;14731;10149;281;732;42;28849
2025-04;Região de Saúde LVT;Unidade Local de Saúde do Arco Ribeirinho, EPE;111;3867;21445;18672;551;1334;285;45980
2025-04;Região de Saúde do Centro;Unidade Local de Saúde do Baixo Mondego, EPE;63;1806;12180;6263;43;335;48;20690
2025-04;Região de Saúde Norte;Unidade Local de Saúde do Tâmega e Sousa, EPE;340;9468;31638;12774;370;5087;9984;59677
2025-04;Região de Saúde do Centro;Unidade Local de Saúde da Região de Aveiro, EPE;238;7422;34278;8145;736;2660;109;53479
2025-04;Região de Saúde Norte;Unidade Local de Saúde de Entre Douro e Vouga, EPE;212;8283;38743;11060;443;92;68;58833
2025-04;Região de Saúde Norte;ULS Matosinhos;83;4405;15183;4264;437;303;2863;24675
2025-04;Região de Saúde do Alentejo;ULS Litoral Alentejano;74;2383;13038;12819;574;904;0;29792
2025-04;Região de Saúde LVT;Hospital de Cascais, PPP;109;5807;16690;22702;367;55;0;45730
2025-04;Região de Saúde do Centro;Unidade Local de Saúde Castelo Branco, EPE;44;1581;10448;9118;479;596;21;22266
2025-04;Região de Saúde do Centro;Unidade Local de Saúde da Região de Leiria, EPE;322;5446;28603;12030;533;1493;228;48427
2025-04;Região de Saúde LVT;Unidade Local de Saúde de Amadora/Sintra, EPE;249;8790;22987;39429;1191;1397;591;74043
2025-04;Região de Saúde do Centro;Unidade Local de Saúde de Dão-Lafões, EPE;198;6480;26257;16708;1324;685;4773;51652
2025-04;Região de Saúde Norte;Unidade Local de Saúde de São João, EPE;395;7546;29841;11491;2088;0;29547;51361
2025-04;Região de Saúde LVT;Unidade Local de Saúde de São José, EPE;294;5711;41659;23491;1925;1342;651;74422
2025-04;Região de Saúde LVT;Unidade Local de Saúde do Médio Tejo, EPE;197;4822;23475;18536;472;1787;134;49289
2025-04;Região de Saúde Norte;Unidade Local de Saúde do Nordeste, EPE;126;2876;23542;5138;278;1323;115;33283
2025-04;Região de Saúde do Centro;Unidade Local de Saúde da Cova da Beira, EPE;31;1658;13995;6005;75;811;65;22575
2025-04;Região de Saúde do Centro;ULS Guarda;111;3244;17341;11511;550;513;53;33270
2025-04;Região de Saúde Norte;Unidade Local de Saúde de Braga, EPE;307;5547;31245;23181;335;2538;359;63153
2025-04;Região de Saúde LVT;Unidade Local de Saúde de Lisboa Ocidental, EPE;111;3659;18639;16953;964;1284;3042;41610
2025-04;Região de Saúde Norte;Unidade Local de Saúde de Trás-os-Montes e Alto Douro, EPE;184;6652;45149;19039;418;2252;2;73694
2025-04;Região de Saúde Norte;Unidade Local de Saúde do Alto Ave, EPE;56;3592;19467;16900;428;3678;281;44121
2025-04;Região de Saúde do Alentejo;ULS Baixo Alentejo;89;3922;19407;13307;461;335;126;37521
2025-04;Região de Saúde Norte;Unidade Local de Saúde do Médio Ave, EPE;107;3786;22856;7854;305;688;0;35596
2025-04;Região de Saúde LVT;Unidade Local de Saúde do Oeste, EPE;167;6022;24943;14974;586;638;1425;47330
2025-04;Região de Saúde LVT;Unidade Local de Saúde da Arrábida, EPE;151;4804;18763;12326;519;1388;1797;37951
2025-04;Região de Saúde Norte;Unidade Local de Saúde da Póvoa de Varzim/Vila do Conde, EPE;112;2053;10269;8624;321;0;75;21379
2025-04;Região de Saúde LVT;Unidade Local de Saúde de Almada-Seixal, EPE;261;5538;21246;13528;467;1272;310;42312
2025-04;Região de Saúde LVT;Unidade Local de Saúde de Santa Maria, EPE;291;7709;27858;20750;950;874;1041;58432
2025-04;Região de Saúde Norte;Unidade Local de Saúde de Santo António, EPE;220;4449;23842;9052;685;899;5549;39147
2025-04;Região de Saúde Norte;Unidade Local de Saúde de Vila Nova de Gaia/Espinho, EPE;170;4729;37085;12482;608;1227;333;56301
2025-04;Região de Saúde do Algarve;Unidade Local de Saúde do Algarve, EPE;392;15528;53557;42755;1636;3921;1418;117789
2025-04;Região de Saúde Norte;Unidade Local de Saúde do Alto Minho, EPE;193;5340;24987;14611;364;790;8;46285
2025-04;Região de Saúde LVT;Unidade Local de Saúde do Estuário do Tejo, EPE;118;3268;18793;11464;345;2254;4;36242
2025-03;Região de Saúde LVT;Unidade Local de Saúde da Arrábida, EPE;122;3675;14240;9652;356;1057;1416;29102
2025-03;Região de Saúde do Centro;Unidade Local de Saúde da Cova da Beira, EPE;23;1282;10607;4832;47;636;22;17427
2025-03;Região de Saúde Norte;Unidade Local de Saúde da Póvoa de Varzim/Vila do Conde, EPE;89;1606;7870;6560;242;0;58;16367
2025-03;Região de Saúde do Centro;Unidade Local de Saúde da Região de Leiria, EPE;235;4152;21765;9195;399;1059;171;36805
2025-03;Região de Saúde do Centro;Unidade Local de Saúde de Coimbra, EPE;386;9625;34690;13767;563;1673;1423;60704
2025-03;Região de Saúde do Centro;Unidade Local de Saúde de Dão-Lafões, EPE;149;4880;19785;12694;928;671;3583;39107
2025-03;Região de Saúde LVT;Unidade Local de Saúde de Lisboa Ocidental, EPE;89;2782;14105;13105;736;958;2240;31775
2025-03;Região de Saúde LVT;Unidade Local de Saúde de Loures-Odivelas, EPE;70;2257;11314;7593;312;37;3106;21583
2025-03;Região de Saúde Norte;ULS Matosinhos;66;3368;11390;3201;267;208;2146;18500
2025-03;Região de Saúde LVT;Unidade Local de Saúde de Santa Maria, EPE;216;5851;21023;15127;692;666;792;43575
2025-03;Região de Saúde Norte;Unidade Local de Saúde de Vila Nova de Gaia/Espinho, EPE;129;3565;27945;9485;457;920;248;42501
2025-03;Região de Saúde Norte;Unidade Local de Saúde do Alto Minho, EPE;157;3942;18813;11098;285;570;8;34865
2025-03;Região de Saúde LVT;Unidade Local de Saúde do Arco Ribeirinho, EPE;81;2982;16208;14407;414;1024;231;35116
2025-03;Região de Saúde do Alentejo;ULS Litoral Alentejano;56;1816;9942;9788;439;689;0;22730
2025-03;Região de Saúde LVT;Unidade Local de Saúde da Lezíria, EPE;113;3946;13432;6958;272;1715;62;26436
2025-03;Região de Saúde Norte;Unidade Local de Saúde de Braga, EPE;231;4165;23447;17286;249;1894;259;47272
2025-03;Região de Saúde LVT;Hospital de Cascais, PPP;86;4372;12467;17346;273;45;0;34589
2025-03;Região de Saúde do Centro;Unidade Local de Saúde da Região de Aveiro, EPE;190;5663;26064;6280;538;2006;77;40741
2025-03;Região de Saúde LVT;Unidade Local de Saúde de Amadora/Sintra, EPE;196;6686;17423;30576;860;1037;159;56778
2025-03;Região de Saúde Norte;Unidade Local de Saúde de Santo António, EPE;167;3374;17599;6736;517;713;4083;29106
2025-03;Região de Saúde do Alentejo;Unidade Local de Saúde do Alto Alentejo, EPE;78;2193;11203;7883;191;649;36;22197
2025-03;Região de Saúde Norte;Unidade Local de Saúde do Alto Ave, EPE;48;2716;14815;12727;298;2662;218;33266
2025-03;Região de Saúde do Alentejo;ULS Baixo Alentejo;63;2922;14689;10592;360;261;66;28887
2025-03;Região de Saúde do Centro;Unidade Local de Saúde do Baixo Mondego, EPE;50;1368;9149;4949;31;240;39;15787
2025-03;Região de Saúde Norte;Unidade Local de Saúde do Médio Ave, EPE;82;2892;17563;5770;216;482;0;27005
2025-03;Região de Saúde do Centro;ULS Guarda;89;2435;13153;9012;426;369;47;25484
2025-03;Região de Saúde Norte;Unidade Local de Saúde de Barcelos/Esposende, EPE;45;1310;6768;6329;214;165;5;14831
2025-03;Região de Saúde do Alentejo;Unidade Local de Saúde do Alentejo Central, EPE;85;3738;9659;9870;443;713;93;24508
2025-03;Região de Saúde do Algarve;Unidade Local de Saúde do Algarve, EPE;296;11764;40587;32501;1244;2918;1100;89310
2025-03;Região de Saúde LVT;Unidade Local de Saúde do Médio Tejo, EPE;145;3653;17331;14425;353;1350;104;37257
2025-03;Região de Saúde do Centro;Unidade Local de Saúde Castelo Branco, EPE;31;1181;7802;6990;371;466;14;16841
2025-03;Região de Saúde LVT;Unidade Local de Saúde de Almada-Seixal, EPE;200;4176;15911;10422;359;862;243;31930
2025-03;Região de Saúde Norte;Unidade Local de Saúde de Entre Douro e Vouga, EPE;167;6330;29080;8630;345;61;42;44613
2025-03;Região de Saúde Norte;Unidade Local de Saúde de São João, EPE;298;5729;22235;8640;1549;0;22896;38451
2025-03;Região de Saúde LVT;Unidade Local de Saúde de São José, EPE;230;4307;31053;18069;1405;968;410;56032
2025-03;Região de Saúde Norte;Unidade Local de Saúde de Trás-os-Montes e Alto Douro, EPE;140;4990;34436;14657;311;1662;1;56196
2025-03;Região de Saúde LVT;Unidade Local de Saúde do Estuário do Tejo, EPE;95;2583;14469;9635;285;1741;3;28808
2025-03;Região de Saúde Norte;Unidade Local de Saúde do Nordeste, EPE;92;2221;18068;3883;222;957;49;25443
2025-03;Região de Saúde LVT;Unidade Local de Saúde do Oeste, EPE;129;4575;19104;11461;429;444;1066;36142
2025-03;Região de Saúde Norte;Unidade Local de Saúde do Tâmega e Sousa, EPE;280;7165;23824;9830;303;3816;7342;45218
2025-02;Região de Saúde LVT;Hospital de Cascais, PPP;58;2862;8156;11560;181;35;0;22852
2025-02;Região de Saúde do Centro;Unidade Local de Saúde Castelo Branco, EPE;23;783;5277;4816;229;321;9;11449
2025-02;Região de Saúde LVT;Unidade Local de Saúde de Amadora/Sintra, EPE;130;4328;11665;21278;610;685;123;38696
2025-02;Região de Saúde LVT;Unidade Local de Saúde de Lisboa Ocidental, EPE;57;1812;9102;9126;473;637;1448;21207
2025-02;Região de Saúde LVT;Unidade Local de Saúde de Loures-Odivelas, EPE;46;1498;7440;5168;220;24;1973;14396
2025-02;Região de Saúde do Algarve;Unidade Local de Saúde do Algarve, EPE;182;7891;27284;21836;792;1953;793;59938
2025-02;Região de Saúde LVT;Unidade Local de Saúde do Arco Ribeirinho, EPE;55;2063;11004;9840;292;723;161;23977
2025-02;Região de Saúde do Centro;Unidade Local de Saúde do Baixo Mondego, EPE;31;887;6153;3384;20;149;39;10624
2025-02;Região de Saúde LVT;Unidade Local de Saúde do Oeste, EPE;71;2921;12404;7463;297;277;699;23433
2025-02;Região de Saúde LVT;Unidade Local de Saúde da Arrábida, EPE;76;2362;9510;6512;205;718;1095;19383
2025-02;Região de Saúde Norte;Unidade Local de Saúde da Póvoa de Varzim/Vila do Conde, EPE;63;1063;5224;4449;154;0;45;10953
2025-02;Região de Saúde do Centro;Unidade Local de Saúde da Região de Leiria, EPE;159;2838;14367;6118;266;672;138;24420
2025-02;Região de Saúde Norte;Unidade Local de Saúde de Barcelos/Esposende, EPE;24;861;4425;4140;149;104;3;9703
2025-02;Região de Saúde do Centro;Unidade Local de Saúde de Coimbra, EPE;286;6477;22910;9314;391;1083;1364;40461
2025-02;Região de Saúde do Centro;Unidade Local de Saúde de Dão-Lafões, EPE;104;3253;13119;8585;558;660;2378;26279
2025-02;Região de Saúde Norte;Unidade Local de Saúde de Entre Douro e Vouga, EPE;100;3656;17017;5271;215;35;27;26294
2025-02;Região de Saúde Norte;ULS Matosinhos;44;2279;7533;1986;134;132;1414;12108
2025-02;Região de Saúde Norte;Unidade Local de Saúde de Santo António, EPE;115;2219;11413;4459;352;516;2576;19074
2025-02;Região de Saúde LVT;Unidade Local de Saúde do Estuário do Tejo, EPE;63;1787;9959;7220;210;1200;1;20439
2025-02;Região de Saúde Norte;Unidade Local de Saúde do Nordeste, EPE;67;1493;12193;2709;160;622;33;17244
2025-02;Região de Saúde do Centro;ULS Guarda;61;1585;8884;6239;277;249;35;17295
2025-02;Região de Saúde do Centro;Unidade Local de Saúde da Região de Aveiro, EPE;122;3709;17172;4220;366;1351;53;26940
2025-02;Região de Saúde Norte;Unidade Local de Saúde de Braga, EPE;139;2722;15121;11262;164;1219;185;30627
2025-02;Região de Saúde LVT;Unidade Local de Saúde de Santa Maria, EPE;136;3857;13835;9690;417;422;485;28357
2025-02;Região de Saúde Norte;Unidade Local de Saúde de São João, EPE;202;3718;14514;5635;1014;0;15560;25083
2025-02;Região de Saúde Norte;Unidade Local de Saúde de Trás-os-Montes e Alto Douro, EPE;99;3359;22951;9809;203;1148;0;37569
2025-02;Região de Saúde Norte;Unidade Local de Saúde do Alto Ave, EPE;30;1829;9784;8189;197;1744;145;21773
2025-02;Região de Saúde Norte;Unidade Local de Saúde do Médio Ave, EPE;54;1896;11518;3685;142;301;0;17596
2025-02;Região de Saúde Norte;Unidade Local de Saúde do Tâmega e Sousa, EPE;188;4716;15452;6508;213;2493;4948;29570
2025-02;Região de Saúde LVT;Unidade Local de Saúde da Lezíria, EPE;76;2717;8994;5359;256;1132;48;18534
2025-02;Região de Saúde Norte;Unidade Local de Saúde de Vila Nova de Gaia/Espinho, EPE;81;2359;18247;6283;287;629;147;27886
2025-02;Região de Saúde do Alentejo;Unidade Local de Saúde do Alto Alentejo, EPE;55;1464;7324;5308;113;625;0;14889
2025-02;Região de Saúde Norte;Unidade Local de Saúde do Alto Minho, EPE;103;2541;12291;7571;167;386;5;23059
2025-02;Região de Saúde do Alentejo;ULS Baixo Alentejo;47;1990;9866;7512;248;154;47;19817
2025-02;Região de Saúde do Alentejo;ULS Litoral Alentejano;37;1200;6568;6450;289;455;0;14999
2025-02;Região de Saúde do Centro;Unidade Local de Saúde da Cova da Beira, EPE;17;854;7049;3398;36;441;16;11795
2025-02;Região de Saúde LVT;Unidade Local de Saúde de Almada-Seixal, EPE;127;2746;10449;6906;234;546;179;21008
2025-02;Região de Saúde LVT;Unidade Local de Saúde de São José, EPE;153;2815;19988;12236;895;625;268;36712
2025-02;Região de Saúde do Alentejo;Unidade Local de Saúde do Alentejo Central, EPE;54;2474;6452;6645;298;464;65;16387
2025-02;Região de Saúde LVT;Unidade Local de Saúde do Médio Tejo, EPE;95;2383;11111;9886;246;898;59;24619
2025-01;Região de Saúde Norte;Unidade Local de Saúde de Braga, EPE;64;1396;7811;5574;72;645;82;15562
2025-01;Região de Saúde do Centro;Unidade Local de Saúde de Coimbra, EPE;147;3489;11548;4800;202;601;1289;20787
2025-01;Região de Saúde do Algarve;Unidade Local de Saúde do Algarve, EPE;108;4264;14281;11278;370;1003;375;31304
2025-01;Região de Saúde Norte;Unidade Local de Saúde do Alto Minho, EPE;59;1340;6427;3766;82;211;2;11885
2025-01;Região de Saúde do Alentejo;ULS Baixo Alentejo;29;1057;5332;4000;132;70;31;10620
2025-01;Região de Saúde LVT;Unidade Local de Saúde do Médio Tejo, EPE;50;1300;5793;5240;116;450;37;12949
2025-01;Região de Saúde do Centro;ULS Guarda;32;847;4653;3445;153;130;25;9260
2025-01;Região de Saúde do Centro;Unidade Local de Saúde da Região de Aveiro, EPE;72;1910;8799;2235;171;710;20;13897
2025-01;Região de Saúde do Centro;Unidade Local de Saúde de Dão-Lafões, EPE;61;1743;6623;4332;211;652;1215;13622
2025-01;Região de Saúde Norte;Unidade Local de Saúde de Entre Douro e Vouga, EPE;59;2147;9702;3002;135;22;15;15067
2025-01;Região de Saúde Norte;Unidade Local de Saúde de Santo António, EPE;57;1157;5843;2244;186;286;1418;9773
2025-01;Região de Saúde Norte;Unidade Local de Saúde de Trás-os-Montes e Alto Douro, EPE;51;1807;11825;5112;106;615;0;19516
2025-01;Região de Saúde LVT;Unidade Local de Saúde do Estuário do Tejo, EPE;33;983;5088;3768;106;598;0;10576
2025-01;Região de Saúde Norte;Unidade Local de Saúde do Médio Ave, EPE;30;1005;5876;1868;59;163;0;9001
2025-01;Região de Saúde do Centro;Unidade Local de Saúde Castelo Branco, EPE;16;428;2818;2577;107;181;6;6127
2025-01;Região de Saúde LVT;Unidade Local de Saúde da Arrábida, EPE;40;1256;4961;3198;108;367;610;9930
2025-01;Região de Saúde LVT;Unidade Local de Saúde de Amadora/Sintra, EPE;69;2293;6292;11606;314;363;88;20937
2025-01;Região de Saúde Norte;Unidade Local de Saúde de Barcelos/Esposende, EPE;13;451;2328;1948;74;46;2;4860
2025-01;Região de Saúde LVT;Unidade Local de Saúde de Lisboa Ocidental, EPE;33;957;4469;4967;258;313;732;10997
2025-01;Região de Saúde Norte;Unidade Local de Saúde de Vila Nova de Gaia/Espinho, EPE;36;1225;9207;3308;132;317;76;14225
2025-01;Região de Saúde do Alentejo;Unidade Local de Saúde do Alto Alentejo, EPE;32;770;3781;2970;64;357;0;7974
2025-01;Região de Saúde Norte;Unidade Local de Saúde do Nordeste, EPE;32;764;6477;1413;82;339;24;9107
2025-01;Região de Saúde do Centro;Unidade Local de Saúde da Cova da Beira, EPE;9;464;3698;1875;15;260;10;6321
2025-01;Região de Saúde LVT;Unidade Local de Saúde da Lezíria, EPE;42;1477;4546;2472;89;585;24;9211
2025-01;Região de Saúde do Centro;Unidade Local de Saúde da Região de Leiria, EPE;81;1464;7236;3234;137;332;67;12484
2025-01;Região de Saúde LVT;Unidade Local de Saúde de Almada-Seixal, EPE;61;1493;5390;3542;111;304;138;10901
2025-01;Região de Saúde LVT;Unidade Local de Saúde de Loures-Odivelas, EPE;23;832;3865;2630;109;9;988;7468
2025-01;Região de Saúde LVT;Unidade Local de Saúde de Santa Maria, EPE;68;2024;7070;4761;207;221;275;14351
2025-01;Região de Saúde do Centro;Unidade Local de Saúde do Baixo Mondego, EPE;18;483;3235;1783;12;70;10;5601
2025-01;Região de Saúde Norte;Unidade Local de Saúde do Tâmega e Sousa, EPE;103;2564;7955;3322;104;1311;2598;15359
2025-01;Região de Saúde LVT;Hospital de Cascais, PPP;30;1578;4085;5995;99;14;0;11801
2025-01;Região de Saúde Norte;Unidade Local de Saúde da Póvoa de Varzim/Vila do Conde, EPE;34;525;2629;2279;79;0;15;5546
2025-01;Região de Saúde Norte;ULS Matosinhos;26;1169;3880;979;62;66;720;6182
2025-01;Região de Saúde Norte;Unidade Local de Saúde de São João, EPE;91;1971;7475;2776;469;0;7774;12782
2025-01;Região de Saúde LVT;Unidade Local de Saúde de São José, EPE;83;1448;10189;6357;477;316;155;18870
2025-01;Região de Saúde do Alentejo;Unidade Local de Saúde do Alentejo Central, EPE;34;1332;3340;3476;142;252;48;8576
2025-01;Região de Saúde Norte;Unidade Local de Saúde do Alto Ave, EPE;19;1028;5024;4108;84;909;90;11172
2025-01;Região de Saúde LVT;Unidade Local de Saúde do Arco Ribeirinho, EPE;30;1026;5615;5082;144;385;90;12282
2025-01;Região de Saúde do Alentejo;ULS Litoral Alentejano;19;624;3417;3374;151;237;0;7822
2025-01;Região de Saúde LVT;Unidade Local de Saúde do Oeste, EPE;39;1486;6270;3781;158;143;343;11877
2024-12;Região de Saúde Norte;Unidade Local de Saúde da Póvoa de Varzim/Vila do Conde, EPE;275;6121;30137;28723;1161;5;1324;66422
2024-12;Região de Saúde do Centro;Unidade Local de Saúde de Dão-Lafões, EPE;506;17646;69753;47497;2580;7380;15760;145362
2024-12;Região de Saúde Norte;Unidade Local de Saúde de Entre Douro e Vouga, EPE;633;24225;110747;57703;1859;769;361;195936
2024-12;Região de Saúde Norte;Unidade Local de Saúde de São João, EPE;1031;24214;94644;43006;7381;0;95315;170276
2024-12;Região de Saúde LVT;Unidade Local de Saúde de São José, EPE;707;9356;74081;51366;4994;804;110018;141308
2024-12;Região de Saúde Norte;Unidade Local de Saúde de Trás-os-Montes e Alto Douro, EPE;472;19442;141515;62986;1432;6576;9;232423
2024-12;Região de Saúde do Algarve;Unidade Local de Saúde do Algarve, EPE;1165;50916;168559;138667;4750;13276;3426;377333
2024-12;Região de Saúde Norte;Unidade Local de Saúde do Alto Ave, EPE;196;11258;61983;64785;1945;10540;1076;150707
2024-12;Região de Saúde Norte;Unidade Local de Saúde do Alto Minho, EPE;526;15506;82573;68523;1194;2949;43;171271
2024-12;Região de Saúde do Centro;Unidade Local de Saúde do Baixo Mondego, EPE;109;5099;41028;23257;149;1149;182;70791
2024-12;Região de Saúde LVT;Unidade Local de Saúde do Estuário do Tejo, EPE;388;12780;67508;47229;1796;2455;12;132156
2024-12;Região de Saúde Norte;Unidade Local de Saúde do Médio Ave, EPE;328;11359;66478;44530;853;2933;6;126481
2024-12;Região de Saúde Norte;ULS Matosinhos;282;13243;44342;21734;1358;1229;9315;82188
2024-12;Região de Saúde do Alentejo;ULS Litoral Alentejano;103;4721;22588;22569;237;1450;52794;51668
2024-12;Região de Saúde LVT;Hospital de Cascais, PPP;371;18462;53973;81703;1538;524;16;156571
2024-12;Região de Saúde do Centro;Unidade Local de Saúde da Cova da Beira, EPE;142;4600;43451;19487;239;3280;66;71199
2024-12;Região de Saúde LVT;Unidade Local de Saúde de Almada-Seixal, EPE;774;17021;55577;62728;4211;2094;1860;142405
2024-12;Região de Saúde Norte;Unidade Local de Saúde de Braga, EPE;871;17780;100625;83428;1254;7948;1580;211906
2024-12;Região de Saúde LVT;Unidade Local de Saúde do Arco Ribeirinho, EPE;317;10637;61280;58466;2192;4571;6835;137463
2024-12;Região de Saúde do Alentejo;ULS Baixo Alentejo;310;11399;61452;40756;1524;998;446;116439
2024-12;Região de Saúde LVT;Unidade Local de Saúde do Médio Tejo, EPE;594;14728;72335;60307;1449;4082;436;153495
2024-12;Região de Saúde Norte;Unidade Local de Saúde do Nordeste, EPE;323;8354;64262;28245;803;4145;237;106132
2024-12;Região de Saúde do Centro;ULS Guarda;338;8767;51619;37434;2306;1836;144;102300
2024-12;Região de Saúde do Centro;Unidade Local de Saúde da Região de Aveiro, EPE;590;22107;97006;46082;2574;8670;402;177029
2024-12;Região de Saúde do Centro;Unidade Local de Saúde da Região de Leiria, EPE;796;16149;77717;53579;1725;4287;879;154253
2024-12;Região de Saúde Norte;Unidade Local de Saúde de Barcelos/Esposende, EPE;105;4313;25856;33267;1560;629;52;65730
2024-12;Região de Saúde do Centro;Unidade Local de Saúde Castelo Branco, EPE;118;4556;34578;29745;1234;2212;161;72443
2024-12;Região de Saúde LVT;Unidade Local de Saúde da Arrábida, EPE;359;15612;53812;32974;1086;4099;7995;107942
2024-12;Região de Saúde LVT;Unidade Local de Saúde da Lezíria, EPE;350;16105;55682;39258;1258;1303;307;113956
2024-12;Região de Saúde LVT;Unidade Local de Saúde de Amadora/Sintra, EPE;716;25614;75961;139205;4484;4741;2354;250721
2024-12;Região de Saúde do Centro;Unidade Local de Saúde de Coimbra, EPE;1609;42713;140019;66432;2854;9444;28866;263071
2024-12;Região de Saúde LVT;Unidade Local de Saúde de Lisboa Ocidental, EPE;262;10877;47511;59889;2926;3921;9208;125386
2024-12;Região de Saúde LVT;Unidade Local de Saúde de Loures-Odivelas, EPE;306;12951;58517;34318;1364;1187;1738;108643
2024-12;Região de Saúde LVT;Unidade Local de Saúde de Santa Maria, EPE;889;22082;84776;78399;4675;2590;2718;193411
2024-12;Região de Saúde Norte;Unidade Local de Saúde de Santo António, EPE;618;12954;71950;32049;2468;5788;20978;125827
2024-12;Região de Saúde Norte;Unidade Local de Saúde de Vila Nova de Gaia/Espinho, EPE;469;13905;103829;55075;2163;4581;2482;180022
2024-12;Região de Saúde do Alentejo;Unidade Local de Saúde do Alentejo Central, EPE;360;16023;37015;35903;2425;1387;823;93113
2024-12;Região de Saúde do Alentejo;Unidade Local de Saúde do Alto Alentejo, EPE;277;8675;40359;39272;1051;2341;0;91975
2024-12;Região de Saúde LVT;Unidade Local de Saúde do Oeste, EPE;451;18156;75389;74805;2569;4241;1194;175611
2024-12;Região de Saúde Norte;Unidade Local de Saúde do Tâmega e Sousa, EPE;1001;28642;94333;55003;1570;17273;14893;197822
2024-11;Região de Saúde LVT;Unidade Local de Saúde do Estuário do Tejo, EPE;358;11566;61862;42648;1679;2029;12;120142
2024-11;Região de Saúde Norte;Unidade Local de Saúde do Nordeste, EPE;288;7692;57712;26750;751;3819;216;97012
2024-11;Região de Saúde LVT;Unidade Local de Saúde do Oeste, EPE;407;16505;68859;69837;2399;3979;958;161986
2024-11;Região de Saúde LVT;Unidade Local de Saúde da Lezíria, EPE;304;14463;50809;36563;1174;952;284;104265
2024-11;Região de Saúde do Centro;Unidade Local de Saúde de Dão-Lafões, EPE;459;16059;63475;43507;2345;6736;14501;132581
2024-11;Região de Saúde Norte;Unidade Local de Saúde de Trás-os-Montes e Alto Douro, EPE;440;17730;129555;57949;1331;6021;8;213026
2024-11;Região de Saúde Norte;Unidade Local de Saúde de Vila Nova de Gaia/Espinho, EPE;422;12670;94377;50025;2005;4210;2397;163709
2024-11;Região de Saúde Norte;Unidade Local de Saúde do Alto Ave, EPE;183;10178;56788;59627;1844;9590;1010;138210
2024-11;Região de Saúde LVT;Unidade Local de Saúde do Arco Ribeirinho, EPE;288;9545;55995;53170;2029;4115;6742;125142
2024-11;Região de Saúde do Alentejo;ULS Litoral Alentejano;97;4205;20443;20664;220;1298;48288;46927
2024-11;Região de Saúde LVT;Hospital de Cascais, PPP;341;16542;48211;70596;1088;218;1;136996
2024-11;Região de Saúde LVT;Unidade Local de Saúde da Arrábida, EPE;322;14067;48848;29588;975;3705;7446;97505
2024-11;Região de Saúde Norte;Unidade Local de Saúde da Póvoa de Varzim/Vila do Conde, EPE;246;5539;27465;26240;1080;5;1296;60575
2024-11;Região de Saúde Norte;Unidade Local de Saúde de Braga, EPE;798;16212;91898;76665;1174;7244;1450;193991
2024-11;Região de Saúde Norte;Unidade Local de Saúde de Entre Douro e Vouga, EPE;568;22173;101015;53380;1757;751;325;179644
2024-11;Região de Saúde LVT;Unidade Local de Saúde de Loures-Odivelas, EPE;275;11779;53991;31618;1267;1127;1312;100057
2024-11;Região de Saúde LVT;Unidade Local de Saúde de São José, EPE;641;8584;67849;47750;4572;742;100565;130138
2024-11;Região de Saúde do Centro;Unidade Local de Saúde do Baixo Mondego, EPE;98;4690;37777;21460;132;1063;163;65220
2024-11;Região de Saúde Norte;Unidade Local de Saúde do Médio Ave, EPE;299;10335;60147;41869;781;2790;6;116221
2024-11;Região de Saúde LVT;Unidade Local de Saúde do Médio Tejo, EPE;528;13285;65957;54276;1324;3659;382;139029
2024-11;Região de Saúde Norte;Unidade Local de Saúde do Tâmega e Sousa, EPE;879;26166;84525;51600;1473;15825;13871;180468
2024-11;Região de Saúde do Centro;Unidade Local de Saúde da Cova da Beira, EPE;126;4227;40013;17789;223;3049;61;65427
2024-11;Região de Saúde do Centro;ULS Guarda;313;7982;47237;34141;2177;1651;135;93501
2024-11;Região de Saúde do Centro;Unidade Local de Saúde da Região de Aveiro, EPE;545;19993;88466;43158;2389;7856;366;162407
2024-11;Região de Saúde LVT;Unidade Local de Saúde de Almada-Seixal, EPE;691;15222;50365;58647;4104;1838;1903;130867
2024-11;Região de Saúde Norte;Unidade Local de Saúde de Barcelos/Esposende, EPE;93;3898;23371;31000;1472;590;45;60424
2024-11;Região de Saúde do Centro;Unidade Local de Saúde de Coimbra, EPE;1471;38947;129248;61490;2673;8656;26505;242485
2024-11;Região de Saúde LVT;Unidade Local de Saúde de Lisboa Ocidental, EPE;232;9770;43150;54493;2712;3567;8497;113924
2024-11;Região de Saúde Norte;ULS Matosinhos;261;12130;40394;20656;1296;1134;8605;75871
2024-11;Região de Saúde LVT;Unidade Local de Saúde de Santa Maria, EPE;804;19827;77234;72544;4426;2358;2456;177193
2024-11;Região de Saúde Norte;Unidade Local de Saúde de Santo António, EPE;570;11844;66123;29663;2308;5296;19468;115804
2024-11;Região de Saúde Norte;Unidade Local de Saúde de São João, EPE;929;22291;87421;40011;6858;0;86446;157510
2024-11;Região de Saúde do Algarve;Unidade Local de Saúde do Algarve, EPE;1068;46718;154984;127990;4422;12280;3109;347462
2024-11;Região de Saúde do Alentejo;Unidade Local de Saúde do Alto Alentejo, EPE;248;7956;36499;36505;979;1954;0;84141
2024-11;Região de Saúde do Alentejo;ULS Baixo Alentejo;278;10348;56379;37336;1389;894;415;106624
2024-11;Região de Saúde do Centro;Unidade Local de Saúde Castelo Branco, EPE;105;4156;31732;27092;1134;2044;151;66263
2024-11;Região de Saúde do Centro;Unidade Local de Saúde da Região de Leiria, EPE;732;14731;70823;50093;1605;3954;809;141938
2024-11;Região de Saúde LVT;Unidade Local de Saúde de Amadora/Sintra, EPE;635;23199;69903;126911;4181;4305;2252;229134
2024-11;Região de Saúde do Alentejo;Unidade Local de Saúde do Alentejo Central, EPE;333;14643;34054;32597;2278;1157;757;85062
2024-11;Região de Saúde Norte;Unidade Local de Saúde do Alto Minho, EPE;471;14034;74956;63878;1112;2722;42;157173
2024-10;Região de Saúde Norte;Unidade Local de Saúde da Póvoa de Varzim/Vila do Conde, EPE;215;4987;24803;23634;978;4;1275;54621
2024-10;Região de Saúde do Centro;Unidade Local de Saúde da Região de Leiria, EPE;663;13500;64545;46522;1486;3595;752;130311
2024-10;Região de Saúde Norte;Unidade Local de Saúde de Entre Douro e Vouga, EPE;514;20133;92112;49250;1613;734;307;164356
2024-10;Região de Saúde LVT;Unidade Local de Saúde de Lisboa Ocidental, EPE;207;8879;39189;49116;2476;3264;7721;103131
2024-10;Região de Saúde Norte;Unidade Local de Saúde de São João, EPE;843;20474;79678;36407;6103;0;77816;143505
2024-10;Região de Saúde do Alentejo;Unidade Local de Saúde do Alto Alentejo, EPE;223;7231;33161;33068;906;1736;0;76325
2024-10;Região de Saúde Norte;Unidade Local de Saúde do Médio Ave, EPE;266;9409;54535;38303;703;2569;6;105785
2024-10;Região de Saúde LVT;Unidade Local de Saúde de Almada-Seixal, EPE;636;13618;45504;53829;3921;1497;1755;119005
2024-10;Região de Saúde LVT;Unidade Local de Saúde de Santa Maria, EPE;731;17673;69390;65895;4077;2128;2224;159894
2024-10;Região de Saúde Norte;Unidade Local de Saúde do Alto Ave, EPE;166;9162;51614;54080;1651;8663;908;125336
2024-10;Região de Saúde LVT;Unidade Local de Saúde do Médio Tejo, EPE;480;12020;59804;49209;1204;3370;353;126087
2024-10;Região de Saúde do Centro;Unidade Local de Saúde da Região de Aveiro, EPE;500;18092;80276;39906;2188;7066;335;148028
2024-10;Região de Saúde Norte;Unidade Local de Saúde de Braga, EPE;718;14707;83356;69607;1076;6606;1318;176070
2024-10;Região de Saúde LVT;Unidade Local de Saúde de Loures-Odivelas, EPE;259;10667;49245;28668;1155;1041;1253;91035
2024-10;Região de Saúde Norte;Unidade Local de Saúde de Santo António, EPE;518;10777;60308;27053;2097;4745;17928;105498
2024-10;Região de Saúde Norte;Unidade Local de Saúde de Vila Nova de Gaia/Espinho, EPE;384;11543;85529;45219;1804;3851;2314;148330
2024-10;Região de Saúde do Alentejo;Unidade Local de Saúde do Alentejo Central, EPE;300;13409;30945;29186;2083;967;706;76890
2024-10;Região de Saúde do Algarve;Unidade Local de Saúde do Algarve, EPE;987;42567;141978;118072;4049;11295;2880;318948
2024-10;Região de Saúde do Alentejo;ULS Baixo Alentejo;250;9507;51198;33973;1277;796;392;97001
2024-10;Região de Saúde Norte;Unidade Local de Saúde do Nordeste, EPE;269;7068;52261;24324;677;3477;191;88076
2024-10;Região de Saúde LVT;Hospital de Cascais, PPP;305;14923;43740;64165;976;195;1;124304
2024-10;Região de Saúde LVT;Unidade Local de Saúde da Arrábida, EPE;284;12765;43990;26313;874;3285;6877;87511
2024-10;Região de Saúde do Centro;Unidade Local de Saúde da Cova da Beira, EPE;116;3849;36707;16115;203;2742;56;59732
2024-10;Região de Saúde LVT;Unidade Local de Saúde da Lezíria, EPE;269;13122;46048;34087;1054;831;274;95411
2024-10;Região de Saúde LVT;Unidade Local de Saúde de Amadora/Sintra, EPE;579;20975;63464;114909;3779;3940;2181;207646
2024-10;Região de Saúde Norte;Unidade Local de Saúde de Barcelos/Esposende, EPE;86;3539;21077;28631;1371;547;32;55251
2024-10;Região de Saúde do Centro;Unidade Local de Saúde de Coimbra, EPE;1339;35373;117963;55982;2449;7973;24171;221079
2024-10;Região de Saúde do Centro;Unidade Local de Saúde de Dão-Lafões, EPE;418;14667;54617;41527;1562;5688;14598;118479
2024-10;Região de Saúde Norte;ULS Matosinhos;227;11038;36501;19014;1235;1061;7832;69076
2024-10;Região de Saúde LVT;Unidade Local de Saúde de São José, EPE;586;7856;61525;43665;4102;685;90878;118419
2024-10;Região de Saúde LVT;Unidade Local de Saúde do Estuário do Tejo, EPE;322;10252;58441;41535;2127;1841;530;114518
2024-10;Região de Saúde do Alentejo;ULS Litoral Alentejano;77;3800;18521;18783;202;1191;43896;42574
2024-10;Região de Saúde do Centro;Unidade Local de Saúde Castelo Branco, EPE;94;3840;29016;24796;1046;1787;87;60579
2024-10;Região de Saúde do Centro;ULS Guarda;286;7306;43104;31224;2011;1502;118;85433
2024-10;Região de Saúde Norte;Unidade Local de Saúde de Trás-os-Montes e Alto Douro, EPE;397;16152;118360;52884;1232;5466;8;194491
2024-10;Região de Saúde Norte;Unidade Local de Saúde do Alto Minho, EPE;436;12905;68666;59261;1015;2510;40;144793
2024-10;Região de Saúde LVT;Unidade Local de Saúde do Arco Ribeirinho, EPE;266;8542;50775;48218;1874;3708;6642;113383
2024-10;Região de Saúde do Centro;Unidade Local de Saúde do Baixo Mondego, EPE;90;4260;34590;19585;112;953;143;59590
2024-10;Região de Saúde LVT;Unidade Local de Saúde do Oeste, EPE;377;14777;62361;62709;2156;3608;827;145988
2024-10;Região de Saúde Norte;Unidade Local de Saúde do Tâmega e Sousa, EPE;792;23845;76923;46668;1356;14348;12904;163932
2024-09;Região de Saúde do Centro;ULS Guarda;261;6610;38717;28256;1838;1362;107;77044
2024-09;Região de Saúde Norte;Unidade Local de Saúde de Entre Douro e Vouga, EPE;477;18125;82658;45165;1461;709;290;148595
2024-09;Região de Saúde LVT;Unidade Local de Saúde de Santa Maria, EPE;641;15708;61841;59344;3696;1843;1920;143073
2024-09;Região de Saúde Norte;Unidade Local de Saúde de Santo António, EPE;472;9783;54045;24315;1893;4216;16064;94724
2024-09;Região de Saúde Norte;Unidade Local de Saúde de Vila Nova de Gaia/Espinho, EPE;349;10339;76268;40078;1581;3477;2366;132092
2024-09;Região de Saúde LVT;Unidade Local de Saúde do Estuário do Tejo, EPE;273;9071;52255;36884;1874;1650;456;102007
2024-09;Região de Saúde do Alentejo;ULS Litoral Alentejano;72;3408;16626;16941;191;1072;39401;38310
2024-09;Região de Saúde do Centro;Unidade Local de Saúde de Dão-Lafões, EPE;376;13132;50799;35749;1827;5467;11810;107350
2024-09;Região de Saúde LVT;Unidade Local de Saúde de Loures-Odivelas, EPE;227;9626;44158;25355;1050;945;1145;81361
2024-09;Região de Saúde Norte;Unidade Local de Saúde de São João, EPE;740;18432;71655;32707;5330;0;69420;128864
2024-09;Região de Saúde LVT;Unidade Local de Saúde de São José, EPE;532;7077;54827;39056;3579;603;81187;105674
2024-09;Região de Saúde do Alentejo;Unidade Local de Saúde do Alentejo Central, EPE;265;12149;27778;25897;1914;800;666;68803
2024-09;Região de Saúde Norte;Unidade Local de Saúde do Alto Ave, EPE;147;8253;46470;48289;1441;7667;823;112267
2024-09;Região de Saúde Norte;Unidade Local de Saúde do Tâmega e Sousa, EPE;714;21599;67236;42740;1180;12917;11317;146386
2024-09;Região de Saúde do Centro;Unidade Local de Saúde da Cova da Beira, EPE;102;3494;32925;14366;185;2497;56;53569
2024-09;Região de Saúde do Centro;Unidade Local de Saúde da Região de Leiria, EPE;596;12258;57914;41823;1326;3138;666;117055
2024-09;Região de Saúde LVT;Unidade Local de Saúde de Almada-Seixal, EPE;570;12186;41033;49126;3733;1209;518;107857
2024-09;Região de Saúde do Centro;Unidade Local de Saúde de Coimbra, EPE;1199;32035;106164;49583;2133;7180;21900;198294
2024-09;Região de Saúde Norte;ULS Matosinhos;208;9915;32524;17103;1131;936;7010;61817
2024-09;Região de Saúde do Alentejo;Unidade Local de Saúde do Alto Alentejo, EPE;204;6688;30172;29821;831;1564;0;69280
2024-09;Região de Saúde Norte;Unidade Local de Saúde do Alto Minho, EPE;399;11578;61704;53346;914;2197;35;130138
2024-09;Região de Saúde do Centro;Unidade Local de Saúde do Baixo Mondego, EPE;83;3848;31269;17614;102;861;133;53777
2024-09;Região de Saúde Norte;Unidade Local de Saúde do Médio Ave, EPE;239;8485;48977;34452;647;2344;6;95144
2024-09;Região de Saúde LVT;Unidade Local de Saúde do Médio Tejo, EPE;436;10834;53682;43718;1085;2872;312;112627
2024-09;Região de Saúde LVT;Unidade Local de Saúde do Oeste, EPE;351;13231;55688;55968;1924;3238;734;130400
2024-09;Região de Saúde do Centro;Unidade Local de Saúde Castelo Branco, EPE;87;3476;26261;22447;948;1543;78;54762
2024-09;Região de Saúde LVT;Unidade Local de Saúde da Arrábida, EPE;258;11525;39209;22965;752;2875;6119;77584
2024-09;Região de Saúde Norte;Unidade Local de Saúde da Póvoa de Varzim/Vila do Conde, EPE;192;4459;22265;21147;887;2;1240;48952
2024-09;Região de Saúde LVT;Unidade Local de Saúde de Lisboa Ocidental, EPE;185;7999;35151;43684;2212;2893;6814;92124
2024-09;Região de Saúde do Algarve;Unidade Local de Saúde do Algarve, EPE;886;38273;127787;107207;3663;10241;2610;288057
2024-09;Região de Saúde LVT;Unidade Local de Saúde do Arco Ribeirinho, EPE;243;7546;45086;42766;1700;3298;6135;100639
2024-09;Região de Saúde Norte;Unidade Local de Saúde do Nordeste, EPE;245;6391;47185;21802;606;3148;168;79377
2024-09;Região de Saúde LVT;Hospital de Cascais, PPP;275;13247;39014;57293;837;168;1;110834
2024-09;Região de Saúde LVT;Unidade Local de Saúde da Lezíria, EPE;233;11851;41148;30950;934;724;257;85840
2024-09;Região de Saúde do Centro;Unidade Local de Saúde da Região de Aveiro, EPE;457;16214;71734;35648;1968;6262;310;132283
2024-09;Região de Saúde LVT;Unidade Local de Saúde de Amadora/Sintra, EPE;521;18687;56725;102474;3391;3544;2108;185342
2024-09;Região de Saúde Norte;Unidade Local de Saúde de Barcelos/Esposende, EPE;78;3168;18908;26254;1299;501;29;50208
2024-09;Região de Saúde Norte;Unidade Local de Saúde de Braga, EPE;658;13148;75059;62659;952;5925;1190;158401
2024-09;Região de Saúde Norte;Unidade Local de Saúde de Trás-os-Montes e Alto Douro, EPE;357;14523;107127;47830;1122;4912;8;175871
2024-09;Região de Saúde do Alentejo;ULS Baixo Alentejo;230;8619;46049;30668;1108;703;351;87377
2024-08;Região de Saúde do Centro;ULS Guarda;238;5993;34658;25490;1673;1240;94;69292
2024-08;Região de Saúde LVT;Unidade Local de Saúde da Lezíria, EPE;207;10644;36908;27802;846;643;99;77050
2024-08;Região de Saúde do Centro;Unidade Local de Saúde da Região de Leiria, EPE;539;10996;51890;37828;1195;2786;611;105234
2024-08;Região de Saúde do Centro;Unidade Local de Saúde de Dão-Lafões, EPE;346;11795;45585;32597;1639;4855;10512;96817
2024-08;Região de Saúde LVT;Unidade Local de Saúde de Lisboa Ocidental, EPE;165;7216;31395;39114;1961;2614;5982;82465
2024-08;Região de Saúde Norte;ULS Matosinhos;189;8917;29159;15216;977;801;6192;55259
2024-08;Região de Saúde Norte;Unidade Local de Saúde de Trás-os-Montes e Alto Douro, EPE;325;13022;96837;43291;1030;4392;7;158897
2024-08;Região de Saúde Norte;Unidade Local de Saúde de Vila Nova de Gaia/Espinho, EPE;307;9233;67904;35885;1405;3130;2182;117864
2024-08;Região de Saúde Norte;Unidade Local de Saúde do Alto Minho, EPE;371;10396;55335;47957;816;1938;31;116813
2024-08;Região de Saúde Norte;Unidade Local de Saúde do Médio Ave, EPE;218;7651;44003;31076;579;2080;6;85607
2024-08;Região de Saúde LVT;Unidade Local de Saúde do Médio Tejo, EPE;395;9816;48093;39071;976;2615;276;100966
2024-08;Região de Saúde Norte;Unidade Local de Saúde do Tâmega e Sousa, EPE;644;19369;59893;38281;1095;11412;10105;130694
2024-08;Região de Saúde LVT;Unidade Local de Saúde da Arrábida, EPE;245;10421;34653;20430;666;2531;5322;68946
2024-08;Região de Saúde do Centro;Unidade Local de Saúde da Região de Aveiro, EPE;411;14509;64223;32131;1760;5500;281;118534
2024-08;Região de Saúde LVT;Unidade Local de Saúde de Amadora/Sintra, EPE;457;16533;50198;91610;2997;3117;2048;164912
2024-08;Região de Saúde Norte;Unidade Local de Saúde de Barcelos/Esposende, EPE;66;2841;16898;23907;1213;447;28;45372
2024-08;Região de Saúde do Centro;Unidade Local de Saúde de Coimbra, EPE;1062;28932;95015;44468;1858;6382;19798;177717
2024-08;Região de Saúde LVT;Unidade Local de Saúde de Santa Maria, EPE;552;13831;54738;53093;3307;1636;1665;127157
2024-08;Região de Saúde LVT;Unidade Local de Saúde de São José, EPE;487;6372;48886;34838;3053;527;73362;94163
2024-08;Região de Saúde Norte;Unidade Local de Saúde do Nordeste, EPE;218;5727;42468;19651;532;2839;153;71435
2024-08;Região de Saúde LVT;Unidade Local de Saúde do Oeste, EPE;309;11856;49978;50454;1739;2867;655;117203
2024-08;Região de Saúde Norte;Unidade Local de Saúde da Póvoa de Varzim/Vila do Conde, EPE;172;3958;19953;19040;803;1;1220;43927
2024-08;Região de Saúde Norte;Unidade Local de Saúde de Santo António, EPE;426;8779;48176;21506;1687;3720;14347;84294
2024-08;Região de Saúde Norte;Unidade Local de Saúde de São João, EPE;668;16471;64196;29271;4642;0;62659;115248
2024-08;Região de Saúde do Alentejo;ULS Baixo Alentejo;218;7750;41337;27960;990;597;332;78852
2024-08;Região de Saúde do Alentejo;ULS Litoral Alentejano;66;3062;14827;15379;178;946;35430;34458
2024-08;Região de Saúde do Centro;Unidade Local de Saúde Castelo Branco, EPE;73;3126;23709;20429;841;1405;71;49583
2024-08;Região de Saúde Norte;Unidade Local de Saúde de Braga, EPE;590;11711;67274;56725;851;5317;1079;142468
2024-08;Região de Saúde do Alentejo;Unidade Local de Saúde do Alentejo Central, EPE;230;10957;24701;22938;1690;719;637;61235
2024-08;Região de Saúde do Algarve;Unidade Local de Saúde do Algarve, EPE;786;34146;114076;96325;3299;9133;2309;257765
2024-08;Região de Saúde do Alentejo;Unidade Local de Saúde do Alto Alentejo, EPE;185;6030;27094;26651;744;1376;0;62080
2024-08;Região de Saúde Norte;Unidade Local de Saúde do Alto Ave, EPE;129;7410;41643;43429;1284;6845;768;100740
2024-08;Região de Saúde do Centro;Unidade Local de Saúde do Baixo Mondego, EPE;74;3475;28150;15920;95;787;124;48501
2024-08;Região de Saúde LVT;Unidade Local de Saúde do Estuário do Tejo, EPE;234;8047;46782;33052;1679;1429;409;91223
2024-08;Região de Saúde LVT;Hospital de Cascais, PPP;244;11741;34767;51179;734;155;1;98820
2024-08;Região de Saúde do Centro;Unidade Local de Saúde da Cova da Beira, EPE;98;3100;29597;13092;160;2264;53;48311
2024-08;Região de Saúde LVT;Unidade Local de Saúde de Almada-Seixal, EPE;502;10876;36584;44054;3382;1049;459;96447
2024-08;Região de Saúde Norte;Unidade Local de Saúde de Entre Douro e Vouga, EPE;429;16298;74054;41520;1358;685;266;134344
2024-08;Região de Saúde LVT;Unidade Local de Saúde de Loures-Odivelas, EPE;210;8748;39641;22684;909;866;1048;73058
2024-08;Região de Saúde LVT;Unidade Local de Saúde do Arco Ribeirinho, EPE;223;6710;39854;38249;1588;2983;5632;89607
2024-07;Região de Saúde do Centro;ULS Guarda;211;5180;29842;22295;1459;1080;74;60067
2024-07;Região de Saúde do Centro;Unidade Local de Saúde de Coimbra, EPE;949;25722;83202;38896;1593;5460;17331;155822
2024-07;Região de Saúde do Centro;Unidade Local de Saúde de Dão-Lafões, EPE;303;10347;39837;28974;1387;4180;9154;85028
2024-07;Região de Saúde Norte;ULS Matosinhos;167;7881;25539;13256;847;699;5352;48389
2024-07;Região de Saúde LVT;Unidade Local de Saúde de Santa Maria, EPE;473;12366;48129;46639;2876;1443;1483;111926
2024-07;Região de Saúde LVT;Unidade Local de Saúde de São José, EPE;424;5615;42398;29983;2489;466;64830;81375
2024-07;Região de Saúde Norte;Unidade Local de Saúde de Vila Nova de Gaia/Espinho, EPE;272;8243;59568;31332;1199;2743;1787;103357
2024-07;Região de Saúde Norte;Unidade Local de Saúde do Alto Minho, EPE;330;8993;47553;41402;703;1634;29;100615
2024-07;Região de Saúde LVT;Hospital de Cascais, PPP;227;10457;30708;45125;620;143;1;87280
2024-07;Região de Saúde Norte;Unidade Local de Saúde da Póvoa de Varzim/Vila do Conde, EPE;153;3514;17419;16937;699;1;1192;38723
2024-07;Região de Saúde do Centro;Unidade Local de Saúde da Região de Aveiro, EPE;362;12928;56567;28556;1548;4687;252;104648
2024-07;Região de Saúde Norte;Unidade Local de Saúde de Barcelos/Esposende, EPE;60;2487;14809;20933;1103;391;23;39783
2024-07;Região de Saúde Norte;Unidade Local de Saúde de Braga, EPE;536;10328;58828;49910;721;4771;955;125094
2024-07;Região de Saúde Norte;Unidade Local de Saúde de Entre Douro e Vouga, EPE;382;14298;65359;37810;1208;666;256;119723
2024-07;Região de Saúde Norte;Unidade Local de Saúde de Trás-os-Montes e Alto Douro, EPE;277;11296;83022;37488;885;3812;6;136780
2024-07;Região de Saúde LVT;Unidade Local de Saúde do Arco Ribeirinho, EPE;193;6029;35344;33900;1405;2644;4726;79515
2024-07;Região de Saúde Norte;Unidade Local de Saúde do Nordeste, EPE;192;4959;36436;16977;481;2410;138;61455
2024-07;Região de Saúde LVT;Unidade Local de Saúde da Lezíria, EPE;183;9540;32413;24640;755;566;76;68097
2024-07;Região de Saúde LVT;Unidade Local de Saúde de Almada-Seixal, EPE;450;9691;32269;39084;3020;937;421;85451
2024-07;Região de Saúde Norte;Unidade Local de Saúde de Santo António, EPE;370;7806;42174;18438;1437;3271;12711;73496
2024-07;Região de Saúde Norte;Unidade Local de Saúde de São João, EPE;591;14380;56070;25276;3947;0;56394;100264
2024-07;Região de Saúde do Alentejo;Unidade Local de Saúde do Alentejo Central, EPE;211;9894;21853;20396;1469;635;601;54458
2024-07;Região de Saúde do Alentejo;ULS Litoral Alentejano;55;2622;12725;13523;164;797;30736;29886
2024-07;Região de Saúde LVT;Unidade Local de Saúde do Oeste, EPE;269;10513;43839;44945;1527;2534;560;103627
2024-07;Região de Saúde do Centro;Unidade Local de Saúde da Cova da Beira, EPE;81;2709;25761;11672;135;2004;52;42362
2024-07;Região de Saúde do Centro;Unidade Local de Saúde da Região de Leiria, EPE;474;9783;45652;33691;1057;2434;530;93091
2024-07;Região de Saúde LVT;Unidade Local de Saúde de Lisboa Ocidental, EPE;157;6512;27860;34875;1673;2258;5236;73335
2024-07;Região de Saúde do Alentejo;Unidade Local de Saúde do Alto Alentejo, EPE;162;5280;23753;23280;617;1219;0;54311
2024-07;Região de Saúde Norte;Unidade Local de Saúde do Alto Ave, EPE;111;6610;36814;38453;1078;6003;683;89069
2024-07;Região de Saúde do Alentejo;ULS Baixo Alentejo;202;6846;36381;25024;880;529;307;69862
2024-07;Região de Saúde do Centro;Unidade Local de Saúde do Baixo Mondego, EPE;60;2960;24396;14049;82;685;116;42232
2024-07;Região de Saúde LVT;Unidade Local de Saúde do Estuário do Tejo, EPE;212;7192;41456;29446;1448;1246;364;81000
2024-07;Região de Saúde Norte;Unidade Local de Saúde do Médio Ave, EPE;194;6784;39030;27766;497;1807;5;76078
2024-07;Região de Saúde LVT;Unidade Local de Saúde do Médio Tejo, EPE;338;8708;42004;34155;850;2208;252;88263
2024-07;Região de Saúde Norte;Unidade Local de Saúde do Tâmega e Sousa, EPE;583;17009;52138;31680;949;9932;8949;112291
2024-07;Região de Saúde do Centro;Unidade Local de Saúde Castelo Branco, EPE;63;2765;20771;18003;734;1204;64;43540
2024-07;Região de Saúde LVT;Unidade Local de Saúde da Arrábida, EPE;219;9353;30321;18052;572;2233;4808;60750
2024-07;Região de Saúde LVT;Unidade Local de Saúde de Amadora/Sintra, EPE;405;14743;44077;80818;2527;2722;1943;145292
2024-07;Região de Saúde LVT;Unidade Local de Saúde de Loures-Odivelas, EPE;189;7824;35328;20460;814;764;959;65379
2024-07;Região de Saúde do Algarve;Unidade Local de Saúde do Algarve, EPE;679;29679;97008;82465;2907;7963;1867;220701
2024-06;Região de Saúde do Centro;Unidade Local de Saúde da Cova da Beira, EPE;73;2287;21980;10210;118;1753;44;36421
2024-06;Região de Saúde LVT;Unidade Local de Saúde da Lezíria, EPE;159;8292;27585;21337;668;466;74;58507
2024-06;Região de Saúde Norte;Unidade Local de Saúde da Póvoa de Varzim/Vila do Conde, EPE;136;2983;14843;14686;593;1;1173;33242
2024-06;Região de Saúde do Centro;Unidade Local de Saúde da Região de Leiria, EPE;411;8405;39226;29308;912;2041;443;80303
2024-06;Região de Saúde Norte;Unidade Local de Saúde de Barcelos/Esposende, EPE;53;2125;12702;17837;1017;341;23;34075
2024-06;Região de Saúde Norte;Unidade Local de Saúde de Entre Douro e Vouga, EPE;327;12204;55894;33692;1081;638;224;103836
2024-06;Região de Saúde LVT;Unidade Local de Saúde de Loures-Odivelas, EPE;166;6850;30405;17885;708;674;795;56688
2024-06;Região de Saúde LVT;Unidade Local de Saúde de Santa Maria, EPE;395;10760;40724;39484;2406;1225;1262;94994
2024-06;Região de Saúde Norte;Unidade Local de Saúde de São João, EPE;503;12268;47671;21476;3341;0;49726;85259
2024-06;Região de Saúde do Algarve;Unidade Local de Saúde do Algarve, EPE;556;25137;80952;70230;2472;6840;1560;186187
2024-06;Região de Saúde LVT;Unidade Local de Saúde do Médio Tejo, EPE;287;7473;35688;29158;727;1825;213;75158
2024-06;Região de Saúde LVT;Hospital de Cascais, PPP;194;9009;26299;38761;524;121;1;74908
2024-06;Região de Saúde do Centro;ULS Guarda;180;4463;25128;19069;1299;921;296;51060
2024-06;Região de Saúde LVT;Unidade Local de Saúde de Amadora/Sintra, EPE;352;12720;37816;69703;2156;2305;1025;125052
2024-06;Região de Saúde do Centro;Unidade Local de Saúde de Dão-Lafões, EPE;252;8911;33096;25028;949;3470;8901;71706
2024-06;Região de Saúde Norte;Unidade Local de Saúde de Santo António, EPE;320;6728;35923;15482;1216;2785;10953;62454
2024-06;Região de Saúde LVT;Unidade Local de Saúde de São José, EPE;342;4905;36655;25923;2016;426;57738;70267
2024-06;Região de Saúde Norte;Unidade Local de Saúde de Trás-os-Montes e Alto Douro, EPE;236;9585;70167;32081;767;3288;5;116124
2024-06;Região de Saúde Norte;Unidade Local de Saúde do Alto Minho, EPE;292;7672;40386;35198;571;1415;21;85534
2024-06;Região de Saúde do Alentejo;ULS Baixo Alentejo;179;5879;31117;21613;740;432;292;59960
2024-06;Região de Saúde Norte;Unidade Local de Saúde do Nordeste, EPE;167;4310;30966;14669;431;2028;115;52571
2024-06;Região de Saúde Norte;Unidade Local de Saúde do Tâmega e Sousa, EPE;500;14423;44084;26993;818;8464;7686;95282
2024-06;Região de Saúde do Centro;Unidade Local de Saúde Castelo Branco, EPE;46;2343;17811;15628;655;1036;57;37519
2024-06;Região de Saúde LVT;Unidade Local de Saúde da Arrábida, EPE;197;8152;25744;15242;493;1890;3954;51718
2024-06;Região de Saúde Norte;Unidade Local de Saúde de Braga, EPE;450;8826;50462;42796;596;4129;806;107259
2024-06;Região de Saúde LVT;Unidade Local de Saúde do Estuário do Tejo, EPE;185;6266;35678;25429;1216;1052;301;69826
2024-06;Região de Saúde do Centro;Unidade Local de Saúde da Região de Aveiro, EPE;327;11201;48288;24990;1343;3947;214;90096
2024-06;Região de Saúde LVT;Unidade Local de Saúde de Lisboa Ocidental, EPE;131;5728;23940;30011;1440;1926;4442;63176
2024-06;Região de Saúde Norte;Unidade Local de Saúde de Vila Nova de Gaia/Espinho, EPE;232;7074;50758;27092;984;2473;1697;88613
2024-06;Região de Saúde do Alentejo;Unidade Local de Saúde do Alto Alentejo, EPE;139;4517;20089;19951;516;0;1008;45212
2024-06;Região de Saúde Norte;Unidade Local de Saúde do Alto Ave, EPE;93;5824;31416;32923;900;5081;609;76237
2024-06;Região de Saúde LVT;Unidade Local de Saúde do Arco Ribeirinho, EPE;153;5275;30452;29346;1228;2338;4208;68792
2024-06;Região de Saúde do Centro;Unidade Local de Saúde do Baixo Mondego, EPE;54;2488;20665;12348;76;607;100;36238
2024-06;Região de Saúde LVT;Unidade Local de Saúde de Almada-Seixal, EPE;371;8453;27777;33678;2592;790;374;73661
2024-06;Região de Saúde do Centro;Unidade Local de Saúde de Coimbra, EPE;813;22367;71205;33492;1330;4594;14746;133801
2024-06;Região de Saúde Norte;ULS Matosinhos;145;6742;21586;11307;729;621;4520;41130
2024-06;Região de Saúde do Alentejo;Unidade Local de Saúde do Alentejo Central, EPE;174;8519;18635;17580;1269;535;574;46712
2024-06;Região de Saúde do Alentejo;ULS Litoral Alentejano;51;2219;10534;11538;137;671;26195;25150
2024-06;Região de Saúde Norte;Unidade Local de Saúde do Médio Ave, EPE;165;5868;33734;24003;430;1518;5;65718
2024-06;Região de Saúde LVT;Unidade Local de Saúde do Oeste, EPE;230;9059;37350;38788;1337;2156;471;88920
2024-05;Região de Saúde do Centro;Unidade Local de Saúde Castelo Branco, EPE;43;1917;14824;13004;562;842;47;31192
2024-05;Região de Saúde LVT;Unidade Local de Saúde da Lezíria, EPE;140;7058;22896;17954;586;367;71;49001
2024-05;Região de Saúde Norte;Unidade Local de Saúde da Póvoa de Varzim/Vila do Conde, EPE;113;2465;12142;12557;517;1;1139;27795
2024-05;Região de Saúde LVT;Unidade Local de Saúde de Amadora/Sintra, EPE;284;10726;31556;58384;1861;1869;898;104680
2024-05;Região de Saúde LVT;Unidade Local de Saúde de Santa Maria, EPE;321;9127;33639;32588;1990;1041;1018;78706
2024-05;Região de Saúde LVT;Unidade Local de Saúde de São José, EPE;279;4099;30193;21155;1627;354;48717;57707
2024-05;Região de Saúde Norte;Unidade Local de Saúde de Trás-os-Montes e Alto Douro, EPE;203;8077;57722;26488;620;2732;4;95842
2024-05;Região de Saúde Norte;Unidade Local de Saúde de Vila Nova de Gaia/Espinho, EPE;197;5867;41736;22856;845;2143;1607;73644
2024-05;Região de Saúde do Alentejo;ULS Baixo Alentejo;155;4965;25815;18124;596;329;217;49984
2024-05;Região de Saúde do Centro;Unidade Local de Saúde do Baixo Mondego, EPE;49;2065;17182;10289;58;506;81;30149
2024-05;Região de Saúde LVT;Unidade Local de Saúde do Médio Tejo, EPE;242;6254;29352;23990;618;1498;185;61954
2024-05;Região de Saúde do Centro;ULS Guarda;153;3775;20676;15844;1125;788;43;42361
2024-05;Região de Saúde do Centro;Unidade Local de Saúde da Região de Leiria, EPE;360;7039;32840;24772;777;1751;359;67539
2024-05;Região de Saúde LVT;Unidade Local de Saúde de Lisboa Ocidental, EPE;120;4904;20055;25186;1201;1635;3788;53101
2024-05;Região de Saúde Norte;Unidade Local de Saúde do Alto Ave, EPE;79;4857;26188;27207;737;4215;352;63283
2024-05;Região de Saúde Norte;Unidade Local de Saúde do Alto Minho, EPE;246;6409;33278;29458;494;1158;19;71043
2024-05;Região de Saúde do Alentejo;ULS Litoral Alentejano;43;1827;8678;9633;123;558;21734;20862
2024-05;Região de Saúde Norte;Unidade Local de Saúde do Nordeste, EPE;142;3611;25554;12377;369;1648;93;43701
2024-05;Região de Saúde LVT;Hospital de Cascais, PPP;173;7715;22152;32223;405;92;1;62760
2024-05;Região de Saúde do Centro;Unidade Local de Saúde da Cova da Beira, EPE;63;1902;18045;8543;103;1446;39;30102
2024-05;Região de Saúde Norte;Unidade Local de Saúde de Braga, EPE;385;7361;41822;35437;500;3387;649;88892
2024-05;Região de Saúde Norte;Unidade Local de Saúde de Entre Douro e Vouga, EPE;278;10197;46829;29200;942;611;196;88057
2024-05;Região de Saúde Norte;ULS Matosinhos;120;5648;17921;9342;622;522;3733;34175
2024-05;Região de Saúde LVT;Unidade Local de Saúde do Estuário do Tejo, EPE;162;5319;29551;21386;1051;875;246;58344
2024-05;Região de Saúde Norte;Unidade Local de Saúde do Médio Ave, EPE;136;4931;28266;20050;347;1298;5;55028
2024-05;Região de Saúde Norte;Unidade Local de Saúde do Tâmega e Sousa, EPE;394;11788;36431;21937;544;6475;7330;77569
2024-05;Região de Saúde LVT;Unidade Local de Saúde da Arrábida, EPE;174;6920;21555;12906;419;1606;3467;43580
2024-05;Região de Saúde do Centro;Unidade Local de Saúde da Região de Aveiro, EPE;285;9460;40099;21086;1156;3313;176;75399
2024-05;Região de Saúde Norte;Unidade Local de Saúde de Barcelos/Esposende, EPE;48;1779;10374;14936;905;307;18;28349
2024-05;Região de Saúde do Centro;Unidade Local de Saúde de Coimbra, EPE;690;18808;58909;27987;1134;3877;12226;111405
2024-05;Região de Saúde LVT;Unidade Local de Saúde de Loures-Odivelas, EPE;134;5836;25543;15223;603;598;689;47937
2024-05;Região de Saúde do Alentejo;Unidade Local de Saúde do Alentejo Central, EPE;149;7089;15236;14631;1087;439;486;38631
2024-05;Região de Saúde LVT;Unidade Local de Saúde de Almada-Seixal, EPE;300;7204;23355;28269;2291;667;313;62086
2024-05;Região de Saúde do Centro;Unidade Local de Saúde de Dão-Lafões, EPE;211;7473;27731;20930;796;2914;7474;60055
2024-05;Região de Saúde Norte;Unidade Local de Saúde de Santo António, EPE;273;5636;29922;12784;1010;2333;8993;51958
2024-05;Região de Saúde Norte;Unidade Local de Saúde de São João, EPE;424;10177;39577;17478;2730;0;41866;70386
2024-05;Região de Saúde do Algarve;Unidade Local de Saúde do Algarve, EPE;463;20849;66198;58562;2068;5782;1263;153922
2024-05;Região de Saúde do Alentejo;Unidade Local de Saúde do Alto Alentejo, EPE;119;3755;16593;16398;413;0;813;37278
2024-05;Região de Saúde LVT;Unidade Local de Saúde do Arco Ribeirinho, EPE;113;4558;25356;24666;1068;2063;3336;57824
2024-05;Região de Saúde LVT;Unidade Local de Saúde do Oeste, EPE;185;7565;30890;32663;1127;1780;400;74210
2024-04;Região de Saúde do Centro;Unidade Local de Saúde da Região de Aveiro, EPE;227;7439;30924;16460;907;2558;150;58515
2024-04;Região de Saúde LVT;Unidade Local de Saúde de Amadora/Sintra, EPE;227;8523;24523;45278;1477;1442;856;81470
2024-04;Região de Saúde do Centro;Unidade Local de Saúde de Dão-Lafões, EPE;165;5855;21734;16412;624;2283;5855;47073
2024-04;Região de Saúde LVT;Unidade Local de Saúde de Lisboa Ocidental, EPE;98;3894;15788;19562;921;1267;2939;41530
2024-04;Região de Saúde LVT;Unidade Local de Saúde de Loures-Odivelas, EPE;118;4746;20174;12117;487;488;428;38130
2024-04;Região de Saúde LVT;Unidade Local de Saúde de Santa Maria, EPE;262;7303;25977;25143;1541;833;804;61059
2024-04;Região de Saúde LVT;Unidade Local de Saúde de São José, EPE;228;3244;23284;16470;1308;283;38187;44817
2024-04;Região de Saúde do Alentejo;Unidade Local de Saúde do Alto Alentejo, EPE;97;2946;12960;12912;312;617;0;29844
2024-04;Região de Saúde Norte;Unidade Local de Saúde do Alto Ave, EPE;69;3883;20486;20901;562;3352;266;49253
2024-04;Região de Saúde Norte;Unidade Local de Saúde do Alto Minho, EPE;201;5081;25914;23093;414;897;19;55600
2024-04;Região de Saúde do Alentejo;ULS Baixo Alentejo;118;3885;19885;14023;493;261;240;38665
2024-04;Região de Saúde do Alentejo;ULS Litoral Alentejano;28;1457;6676;7456;99;426;16853;16142
2024-04;Região de Saúde LVT;Unidade Local de Saúde do Oeste, EPE;147;6095;24094;25506;876;1344;310;58062
2024-04;Região de Saúde do Centro;ULS Guarda;119;2714;14602;11072;783;545;30;29835
2024-04;Região de Saúde do Centro;Unidade Local de Saúde da Região de Leiria, EPE;302;5635;25940;19780;638;1427;291;53722
2024-04;Região de Saúde Norte;Unidade Local de Saúde de Barcelos/Esposende, EPE;40;1414;8048;11710;772;252;15;22236
2024-04;Região de Saúde Norte;Unidade Local de Saúde de Entre Douro e Vouga, EPE;221;8162;37277;24269;794;587;182;71310
2024-04;Região de Saúde Norte;ULS Matosinhos;97;4476;13959;7356;495;414;2915;26797
2024-04;Região de Saúde do Alentejo;Unidade Local de Saúde do Alentejo Central, EPE;119;5590;12121;11704;859;343;442;30736
2024-04;Região de Saúde do Algarve;Unidade Local de Saúde do Algarve, EPE;356;16395;50565;46108;1674;4653;925;119751
2024-04;Região de Saúde LVT;Unidade Local de Saúde do Arco Ribeirinho, EPE;98;3673;19786;19437;868;1718;2673;45580
2024-04;Região de Saúde do Centro;Unidade Local de Saúde do Baixo Mondego, EPE;41;1626;13556;8059;54;404;65;23740
2024-04;Região de Saúde LVT;Hospital de Cascais, PPP;148;6243;17341;24656;302;74;1;48764
2024-04;Região de Saúde do Centro;Unidade Local de Saúde Castelo Branco, EPE;29;1519;11456;9859;438;637;34;23938
2024-04;Região de Saúde do Centro;Unidade Local de Saúde da Cova da Beira, EPE;46;1476;13794;6767;73;1137;27;23293
2024-04;Região de Saúde Norte;Unidade Local de Saúde da Póvoa de Varzim/Vila do Conde, EPE;95;1918;9354;10145;434;1;1117;21947
2024-04;Região de Saúde Norte;Unidade Local de Saúde de Braga, EPE;318;5912;32955;27831;367;2652;515;70035
2024-04;Região de Saúde do Centro;Unidade Local de Saúde de Coimbra, EPE;539;14825;45649;22053;908;3066;9652;87040
2024-04;Região de Saúde Norte;Unidade Local de Saúde de São João, EPE;330;8108;31177;13420;2088;0;32593;55123
2024-04;Região de Saúde Norte;Unidade Local de Saúde do Nordeste, EPE;121;2852;19893;9738;293;1231;76;34128
2024-04;Região de Saúde Norte;Unidade Local de Saúde do Tâmega e Sousa, EPE;337;9445;28258;17193;564;5649;4731;61446
2024-04;Região de Saúde LVT;Unidade Local de Saúde da Arrábida, EPE;147;5519;16439;9931;325;1273;2753;33634
2024-04;Região de Saúde LVT;Unidade Local de Saúde da Lezíria, EPE;118;5660;17859;13949;479;273;63;38338
2024-04;Região de Saúde LVT;Unidade Local de Saúde de Almada-Seixal, EPE;234;5769;17896;21867;1857;542;231;48165
2024-04;Região de Saúde Norte;Unidade Local de Saúde de Santo António, EPE;223;4548;23452;9939;799;1860;7015;40821
2024-04;Região de Saúde Norte;Unidade Local de Saúde de Vila Nova de Gaia/Espinho, EPE;165;4631;32325;18439;683;1793;1480;58036
2024-04;Região de Saúde LVT;Unidade Local de Saúde do Médio Tejo, EPE;206;4950;22872;18468;475;1150;136;48121
2024-04;Região de Saúde Norte;Unidade Local de Saúde de Trás-os-Montes e Alto Douro, EPE;165;6409;44875;20563;466;2156;4;74634
2024-04;Região de Saúde LVT;Unidade Local de Saúde do Estuário do Tejo, EPE;128;4290;23064;16879;819;709;188;45889
2024-04;Região de Saúde Norte;Unidade Local de Saúde do Médio Ave, EPE;109;3961;22144;15447;250;1012;3;42923
2024-03;Região de Saúde do Centro;Unidade Local de Saúde da Cova da Beira, EPE;39;1077;9931;4999;56;841;20;16943
2024-03;Região de Saúde LVT;Unidade Local de Saúde de Amadora/Sintra, EPE;170;6342;17749;32895;1117;1014;482;59287
2024-03;Região de Saúde Norte;Unidade Local de Saúde de Braga, EPE;236;4495;24424;20499;254;1939;370;51847
2024-03;Região de Saúde do Centro;Unidade Local de Saúde de Coimbra, EPE;405;11115;33372;16230;667;2245;7066;64034
2024-03;Região de Saúde LVT;Unidade Local de Saúde de Santa Maria, EPE;202;5537;18697;17996;1085;609;568;44126
2024-03;Região de Saúde Norte;Unidade Local de Saúde de Santo António, EPE;169;3440;17172;7131;600;1348;5218;29860
2024-03;Região de Saúde do Alentejo;ULS Litoral Alentejano;19;1051;4856;5398;67;310;12243;11701
2024-03;Região de Saúde LVT;Hospital de Cascais, PPP;112;4795;12771;17804;219;61;1;35762
2024-03;Região de Saúde LVT;Unidade Local de Saúde da Arrábida, EPE;114;4160;11896;7177;235;984;1965;24566
2024-03;Região de Saúde Norte;Unidade Local de Saúde de Barcelos/Esposende, EPE;28;1091;5927;8699;650;204;10;16599
2024-03;Região de Saúde Norte;Unidade Local de Saúde de Entre Douro e Vouga, EPE;166;6194;28173;19473;591;560;168;55157
2024-03;Região de Saúde LVT;Unidade Local de Saúde de Loures-Odivelas, EPE;84;3633;14895;8860;399;363;328;28234
2024-03;Região de Saúde Norte;Unidade Local de Saúde de Vila Nova de Gaia/Espinho, EPE;124;3436;23388;14001;511;1481;1320;42941
2024-03;Região de Saúde Norte;Unidade Local de Saúde do Alto Ave, EPE;60;2896;15113;15285;371;2482;196;36207
2024-03;Região de Saúde Norte;Unidade Local de Saúde do Alto Minho, EPE;153;3770;18972;16908;288;671;14;40762
2024-03;Região de Saúde do Alentejo;ULS Baixo Alentejo;87;2856;14530;10498;360;204;147;28535
2024-03;Região de Saúde Norte;Unidade Local de Saúde do Médio Ave, EPE;83;2966;16356;11342;175;711;2;31633
2024-03;Região de Saúde do Centro;Unidade Local de Saúde Castelo Branco, EPE;26;1128;8623;7193;324;488;25;17782
2024-03;Região de Saúde Norte;Unidade Local de Saúde de São João, EPE;236;6081;22832;9673;1491;0;23865;40313
2024-03;Região de Saúde Norte;Unidade Local de Saúde de Trás-os-Montes e Alto Douro, EPE;0;0;0;0;0;0;0;0
2024-03;Região de Saúde LVT;Unidade Local de Saúde do Arco Ribeirinho, EPE;80;2780;14657;14206;658;1308;2044;33689
2024-03;Região de Saúde LVT;Unidade Local de Saúde do Oeste, EPE;117;4607;17698;18745;633;940;224;42740
2024-03;Região de Saúde do Centro;ULS Guarda;101;2210;11742;8919;612;478;20;24062
2024-03;Região de Saúde do Centro;Unidade Local de Saúde da Região de Aveiro, EPE;172;5585;22405;12103;650;1816;119;42731
2024-03;Região de Saúde LVT;Unidade Local de Saúde de Almada-Seixal, EPE;188;4358;12942;15985;1361;391;166;35225
2024-03;Região de Saúde LVT;Unidade Local de Saúde de Lisboa Ocidental, EPE;79;2955;11559;14313;692;952;2109;30550
2024-03;Região de Saúde Norte;ULS Matosinhos;75;3334;10159;5289;369;315;2082;19541
2024-03;Região de Saúde LVT;Unidade Local de Saúde de São José, EPE;155;2418;17166;12088;952;210;27631;32989
2024-03;Região de Saúde do Algarve;Unidade Local de Saúde do Algarve, EPE;260;12040;36613;33754;1287;3454;579;87408
2024-03;Região de Saúde do Alentejo;Unidade Local de Saúde do Alto Alentejo, EPE;78;2209;9550;9533;226;0;446;21596
2024-03;Região de Saúde do Centro;Unidade Local de Saúde do Baixo Mondego, EPE;34;1231;10050;5888;37;295;41;17535
2024-03;Região de Saúde Norte;Unidade Local de Saúde do Nordeste, EPE;91;2138;14665;7284;221;904;66;25303
2024-03;Região de Saúde Norte;Unidade Local de Saúde do Tâmega e Sousa, EPE;265;6964;20472;12023;414;4184;3531;44322
2024-03;Região de Saúde LVT;Unidade Local de Saúde da Lezíria, EPE;91;4133;12856;10346;368;190;68;27984
2024-03;Região de Saúde Norte;Unidade Local de Saúde da Póvoa de Varzim/Vila do Conde, EPE;75;1425;6818;7609;331;1;888;16259
2024-03;Região de Saúde do Centro;Unidade Local de Saúde da Região de Leiria, EPE;234;4195;19403;14919;471;1083;210;40305
2024-03;Região de Saúde do Centro;Unidade Local de Saúde de Dão-Lafões, EPE;121;4301;15950;12022;458;1679;4306;34531
2024-03;Região de Saúde do Alentejo;Unidade Local de Saúde do Alentejo Central, EPE;90;4076;8817;8461;606;252;304;22302
2024-03;Região de Saúde LVT;Unidade Local de Saúde do Estuário do Tejo, EPE;95;3304;17093;12558;579;561;125;34190
2024-03;Região de Saúde LVT;Unidade Local de Saúde do Médio Tejo, EPE;157;3683;16729;13289;340;811;102;35009
2024-02;Região de Saúde LVT;Unidade Local de Saúde da Arrábida, EPE;75;2727;7472;4444;153;688;1272;15559
2024-02;Região de Saúde do Centro;Unidade Local de Saúde da Região de Aveiro, EPE;115;3564;14079;7595;401;1182;70;26936
2024-02;Região de Saúde do Centro;Unidade Local de Saúde da Região de Leiria, EPE;157;2710;12410;9691;308;753;127;26029
2024-02;Região de Saúde do Centro;Unidade Local de Saúde de Coimbra, EPE;258;7244;21303;10435;445;1463;4815;41148
2024-02;Região de Saúde do Centro;Unidade Local de Saúde de Dão-Lafões, EPE;79;2824;10461;7867;301;1104;2831;22636
2024-02;Região de Saúde Norte;Unidade Local de Saúde de Santo António, EPE;114;2247;10749;4649;413;928;3373;19100
2024-02;Região de Saúde Norte;Unidade Local de Saúde de São João, EPE;147;3969;14706;6051;949;0;14828;25822
2024-02;Região de Saúde do Alentejo;Unidade Local de Saúde do Alto Alentejo, EPE;51;1483;6315;6189;162;285;0;14485
2024-02;Região de Saúde Norte;Unidade Local de Saúde do Alto Ave, EPE;35;1918;9734;9613;231;1661;120;23192
2024-02;Região de Saúde do Alentejo;ULS Baixo Alentejo;59;1819;9442;6897;235;137;104;18589
2024-02;Região de Saúde do Centro;ULS Guarda;79;1495;7640;5760;381;309;15;15664
2024-02;Região de Saúde Norte;Unidade Local de Saúde da Póvoa de Varzim/Vila do Conde, EPE;56;914;4384;4881;213;1;565;10449
2024-02;Região de Saúde Norte;Unidade Local de Saúde de Braga, EPE;153;2956;15542;13250;179;1324;187;33404
2024-02;Região de Saúde Norte;Unidade Local de Saúde de Entre Douro e Vouga, EPE;103;4107;17992;12516;391;387;51;35496
2024-02;Região de Saúde LVT;Unidade Local de Saúde de Loures-Odivelas, EPE;52;2336;9711;5592;268;274;204;18233
2024-02;Região de Saúde LVT;Unidade Local de Saúde de Santa Maria, EPE;137;3618;11768;10944;712;398;353;27577
2024-02;Região de Saúde Norte;Unidade Local de Saúde de Trás-os-Montes e Alto Douro, EPE;96;3226;21201;9675;208;1020;1;35426
2024-02;Região de Saúde LVT;Unidade Local de Saúde do Arco Ribeirinho, EPE;52;1777;9587;9273;447;699;1430;21835
2024-02;Região de Saúde do Centro;Unidade Local de Saúde do Baixo Mondego, EPE;22;808;6514;3648;23;198;25;11213
2024-02;Região de Saúde LVT;Unidade Local de Saúde do Estuário do Tejo, EPE;68;2177;10923;7939;336;367;81;21810
2024-02;Região de Saúde LVT;Unidade Local de Saúde do Médio Tejo, EPE;100;2363;10775;8216;216;465;63;22135
2024-02;Região de Saúde Norte;Unidade Local de Saúde do Nordeste, EPE;56;1405;9692;4776;135;590;45;16654
2024-02;Região de Saúde LVT;Hospital de Cascais, PPP;78;3225;8051;11201;145;33;1;22733
2024-02;Região de Saúde do Centro;Unidade Local de Saúde da Cova da Beira, EPE;29;672;6323;3256;41;532;11;10853
2024-02;Região de Saúde LVT;Unidade Local de Saúde de Almada-Seixal, EPE;119;2835;8275;10198;915;252;111;22594
2024-02;Região de Saúde LVT;Unidade Local de Saúde de São José, EPE;99;1605;11310;8075;676;121;18314;21886
2024-02;Região de Saúde Norte;Unidade Local de Saúde de Vila Nova de Gaia/Espinho, EPE;91;2340;15274;9445;341;1036;124;28527
2024-02;Região de Saúde LVT;Unidade Local de Saúde do Oeste, EPE;81;3010;11115;11849;429;609;137;27093
2024-02;Região de Saúde Norte;Unidade Local de Saúde do Tâmega e Sousa, EPE;184;4424;12595;7133;286;2692;2432;27314
2024-02;Região de Saúde do Centro;Unidade Local de Saúde Castelo Branco, EPE;17;761;5673;4588;212;320;19;11571
2024-02;Região de Saúde LVT;Unidade Local de Saúde da Lezíria, EPE;55;2631;7904;6409;237;133;19;17369
2024-02;Região de Saúde LVT;Unidade Local de Saúde de Amadora/Sintra, EPE;96;4164;11357;20926;765;642;120;37950
2024-02;Região de Saúde Norte;ULS Matosinhos;60;2151;6551;3279;248;174;1314;12463
2024-02;Região de Saúde do Algarve;Unidade Local de Saúde do Algarve, EPE;181;7656;23524;21788;872;2231;365;56252
2024-02;Região de Saúde Norte;Unidade Local de Saúde do Médio Ave, EPE;54;1928;10614;7127;124;466;1;20313
2024-02;Região de Saúde Norte;Unidade Local de Saúde de Barcelos/Esposende, EPE;21;688;3818;5539;435;145;6;10646
2024-02;Região de Saúde LVT;Unidade Local de Saúde de Lisboa Ocidental, EPE;63;1957;7431;8989;430;625;1344;19495
2024-02;Região de Saúde do Alentejo;Unidade Local de Saúde do Alentejo Central, EPE;60;2594;5683;5295;406;165;243;14203
2024-02;Região de Saúde Norte;Unidade Local de Saúde do Alto Minho, EPE;110;2472;12350;10832;173;425;10;26362
2024-02;Região de Saúde do Alentejo;ULS Litoral Alentejano;10;676;3048;3431;45;213;16853;7423
2024-01;Região de Saúde LVT;Hospital de Cascais, PPP;42;1618;3844;5298;63;15;0;10880
2024-01;Região de Saúde do Centro;ULS Guarda;36;885;3999;3143;187;137;9;8387
2024-01;Região de Saúde Norte;Unidade Local de Saúde da Póvoa de Varzim/Vila do Conde, EPE;39;512;2283;2367;87;1;246;5289
2024-01;Região de Saúde do Centro;Unidade Local de Saúde de Coimbra, EPE;143;3788;10403;5048;203;801;2485;20386
2024-01;Região de Saúde Norte;Unidade Local de Saúde de Entre Douro e Vouga, EPE;65;2247;9493;6913;233;253;45;19204
2024-01;Região de Saúde LVT;Unidade Local de Saúde de Lisboa Ocidental, EPE;35;1013;3726;4113;209;325;627;9421
2024-01;Região de Saúde LVT;Unidade Local de Saúde de Loures-Odivelas, EPE;33;1178;4758;2681;117;150;89;8917
2024-01;Região de Saúde do Alentejo;Unidade Local de Saúde do Alentejo Central, EPE;33;1159;1926;1372;126;88;2699;4704
2024-01;Região de Saúde LVT;Unidade Local de Saúde do Médio Tejo, EPE;56;1240;5368;3923;116;251;31;10954
2024-01;Região de Saúde Norte;Unidade Local de Saúde do Tâmega e Sousa, EPE;106;2248;6093;3233;116;1332;973;13128
2024-01;Região de Saúde do Centro;Unidade Local de Saúde da Região de Aveiro, EPE;60;1847;6910;3835;179;619;44;13450
2024-01;Região de Saúde Norte;ULS Matosinhos;37;1154;3196;1570;109;108;647;6174
2024-01;Região de Saúde Norte;Unidade Local de Saúde de Santo António, EPE;62;1245;5226;2276;184;524;1721;9517
2024-01;Região de Saúde Norte;Unidade Local de Saúde de São João, EPE;84;2091;7063;3015;460;0;7165;12713
2024-01;Região de Saúde do Alentejo;ULS Baixo Alentejo;30;966;4858;3757;132;73;68;9816
2024-01;Região de Saúde do Centro;Unidade Local de Saúde do Baixo Mondego, EPE;12;453;3308;1718;16;102;6;5609
2024-01;Região de Saúde Norte;Unidade Local de Saúde do Médio Ave, EPE;28;1019;5344;3302;80;203;0;9976
2024-01;Região de Saúde do Centro;Unidade Local de Saúde da Cova da Beira, EPE;18;352;3320;1711;18;250;6;5669
2024-01;Região de Saúde LVT;Unidade Local de Saúde de Amadora/Sintra, EPE;54;2143;5446;10116;363;291;73;18413
2024-01;Região de Saúde do Centro;Unidade Local de Saúde de Dão-Lafões, EPE;44;1562;5532;4098;130;545;1193;11911
2024-01;Região de Saúde Norte;Unidade Local de Saúde do Alto Ave, EPE;19;1003;4899;4595;112;854;66;11482
2024-01;Região de Saúde Norte;Unidade Local de Saúde do Nordeste, EPE;32;775;5023;2672;81;318;26;8901
2024-01;Região de Saúde do Centro;Unidade Local de Saúde Castelo Branco, EPE;10;418;2991;2199;94;162;11;5874
2024-01;Região de Saúde LVT;Unidade Local de Saúde da Arrábida, EPE;45;1421;3747;2159;55;357;589;7784
2024-01;Região de Saúde do Centro;Unidade Local de Saúde da Região de Leiria, EPE;96;1435;6259;4928;147;400;60;13265
2024-01;Região de Saúde Norte;Unidade Local de Saúde de Barcelos/Esposende, EPE;12;353;1932;2714;209;76;3;5296
2024-01;Região de Saúde Norte;Unidade Local de Saúde de Braga, EPE;81;1480;7856;6517;92;706;105;16732
2024-01;Região de Saúde LVT;Unidade Local de Saúde de São José, EPE;50;842;5499;3902;370;58;8803;10721
2024-01;Região de Saúde Norte;Unidade Local de Saúde de Trás-os-Montes e Alto Douro, EPE;50;1736;10886;5001;91;544;0;18308
2024-01;Região de Saúde do Algarve;Unidade Local de Saúde do Algarve, EPE;85;3933;11966;11169;459;1071;201;28683
2024-01;Região de Saúde do Alentejo;Unidade Local de Saúde do Alto Alentejo, EPE;32;777;3286;3209;76;154;9;7534
2024-01;Região de Saúde LVT;Unidade Local de Saúde do Arco Ribeirinho, EPE;23;953;4848;4457;254;332;826;10867
2024-01;Região de Saúde LVT;Unidade Local de Saúde do Oeste, EPE;41;1593;5670;5802;217;318;76;13641
2024-01;Região de Saúde LVT;Unidade Local de Saúde da Lezíria, EPE;32;1331;3864;3078;116;68;10;8489
2024-01;Região de Saúde LVT;Unidade Local de Saúde de Almada-Seixal, EPE;66;1441;3936;4771;493;135;57;10842
2024-01;Região de Saúde LVT;Unidade Local de Saúde de Santa Maria, EPE;65;1863;5660;5093;353;186;162;13220
2024-01;Região de Saúde Norte;Unidade Local de Saúde de Vila Nova de Gaia/Espinho, EPE;52;1284;7559;4551;127;528;66;14101
2024-01;Região de Saúde Norte;Unidade Local de Saúde do Alto Minho, EPE;63;1306;6346;5452;76;241;7;13484
2024-01;Região de Saúde LVT;Unidade Local de Saúde do Estuário do Tejo, EPE;41;1076;5477;3683;165;192;41;10634
2024-01;Região de Saúde do Alentejo;ULS Litoral Alentejano;7;376;1522;1808;24;128;4357;3865
2023-12;Região de Saúde do Alentejo;Hospital Espírito Santo Évora;336;13475;31186;19671;2149;621;545;67438
2023-12;Região de Saúde do Alentejo;ULS Baixo Alentejo;318;11597;58694;39066;1321;913;783;111909
2023-12;Região de Saúde do Centro;CHU Cova da Beira;147;4713;42138;19424;252;3443;70;70117
2023-12;Região de Saúde LVT;CH Barreiro/Montijo;303;11862;66368;61693;2044;4771;9858;147041
2023-12;Região de Saúde LVT;Centro Hospitalar de Lisboa Ocidental, EPE;292;11764;48168;62790;3219;4183;8668;130416
2023-12;Região de Saúde LVT;Centro Hospitalar Médio Tejo, EPE;650;15123;73959;59193;1231;3642;560;153798
2023-12;Região de Saúde LVT;Hospital Fernando Fonseca;658;23972;73471;138159;4603;5480;4872;246343
2023-12;Região de Saúde Norte;CH Póvoa Varzim/Vila Conde;250;7032;30648;30930;1339;467;1596;70666
2023-12;Região de Saúde Norte;CH Trás-os-Montes Alto Douro;568;18925;97834;61962;1789;10796;10;191874
2023-12;Região de Saúde do Centro;CHU Coimbra;1550;41218;141849;72790;2711;8966;2476;269084
2023-12;Região de Saúde LVT;Centro Hospitalar do Oeste, EPE;467;17036;69089;76348;2364;3310;996;168614
2023-12;Região de Saúde LVT;Hospital de Loures, EPE;325;13207;64454;41435;1556;1397;687;122374
2023-12;Região de Saúde LVT;Hospital Garcia de Orta;753;17752;57134;66822;5455;1666;906;149582
2023-12;Região de Saúde Norte;Hospital Santa Maria Maior, EPE;137;4372;24266;34445;2458;840;74;66518
2023-12;Região de Saúde Norte;Unidade Local de Saúde do Alto Minho, EPE;495;15050;80224;71524;1008;2609;157;170910
2023-12;Região de Saúde do Algarve;CHU Algarve;1105;51641;159367;142939;5682;14340;2616;375074
2023-12;Região de Saúde do Centro;Hospital Figueira Foz;155;4757;40299;25075;194;1117;381;71597
2023-12;Região de Saúde do Centro;ULS Guarda;356;8402;48994;35823;2261;1950;150;97786
2023-12;Região de Saúde do Centro;ULS Castelo Branco;167;4713;35828;25937;1170;1691;101;69506
2023-12;Região de Saúde Norte;CHU São João;1164;25312;98210;42750;6002;0;94229;173438
2023-12;Região de Saúde Norte;CH Entre Douro e Vouga;657;24794;108924;86641;3042;2349;1816;226407
2023-12;Região de Saúde Norte;Centro Hospitalar Universitário de Santo António, EPE;603;12955;71679;33024;2166;5716;21614;126143
2023-12;Região de Saúde Norte;Hospital de Braga, EPE;891;17556;98209;84354;1361;9302;1463;211673
2023-12;Região de Saúde Norte;ULS Matosinhos;285;12801;43286;23669;1442;1429;9702;82912
2023-12;Região de Saúde Norte;Unidade Local de Saúde do Nordeste, EPE;295;7854;57565;30805;902;4157;268;101578
2023-12;Região de Saúde LVT;CHU Lisboa Central;644;9582;69022;56116;4508;891;107356;140763
2023-12;Região de Saúde LVT;CHU Lisboa Norte;858;21937;79631;72642;5206;2462;13178;182736
2023-12;Região de Saúde LVT;Hospital de Cascais, PPP;394;18220;52024;80337;1373;193;0;152541
2023-12;Região de Saúde Norte;Centro Hospitalar do Médio Ave, EPE;300;11395;65685;46424;1252;2371;10;127427
2023-12;Região de Saúde Norte;CH Vila Nova Gaia/Espinho;441;16427;107673;63103;1570;6480;953;195694
2023-12;Região de Saúde do Alentejo;ULS Litoral Alentejano;106;4622;20584;21409;278;1192;48897;48191
2023-12;Região de Saúde do Alentejo;ULS Norte Alentejano;241;8432;38472;39160;770;2381;102;89456
2023-12;Região de Saúde do Centro;CH Leiria;788;17741;84442;65220;2266;4329;786;174786
2023-12;Região de Saúde do Centro;Centro Hospitalar do Baixo Vouga, EPE;614;22171;94230;52348;3286;7249;841;179898
2023-12;Região de Saúde do Centro;CH Tondela-Viseu;531;17491;70707;50792;2223;7099;15780;148843
2023-12;Região de Saúde LVT;CH Setúbal;335;14780;54751;31629;717;5763;10618;107975
2023-12;Região de Saúde LVT;Hospital de Vila Franca de Xira, EPE;421;13601;69237;47988;2342;2369;595;135958
2023-12;Região de Saúde LVT;Hospital Distrital de Santarém, EPE;324;15253;53308;48405;1698;905;321;119893
2023-12;Região de Saúde Norte;Centro Hospitalar Tâmega e Sousa, EPE;929;28014;84854;50572;1321;16175;19515;181865
2023-12;Região de Saúde Norte;Hospital da Senhora da Oliveira, Guimarães, EPE;209;11737;62598;63534;1638;10407;976;150123
2023-11;Região de Saúde do Alentejo;ULS Baixo Alentejo;297;10578;53766;35362;1201;843;473;102047
2023-11;Região de Saúde LVT;CH Barreiro/Montijo;271;10805;60753;56635;1857;4369;9116;134690
2023-11;Região de Saúde LVT;CHU Lisboa Central;584;8756;63447;51827;4138;796;96832;129548
2023-11;Região de Saúde LVT;CH Setúbal;313;13088;50283;28986;675;5345;9768;98690
2023-11;Região de Saúde Norte;Centro Hospitalar do Médio Ave, EPE;265;10259;59995;42515;1172;2136;10;116342
2023-11;Região de Saúde Norte;Centro Hospitalar Tâmega e Sousa, EPE;833;25594;78739;47435;1224;14894;18041;168719
2023-11;Região de Saúde Norte;CH Trás-os-Montes Alto Douro;448;17210;89353;58072;1363;9302;10;175748
2023-11;Região de Saúde Norte;CH Vila Nova Gaia/Espinho;400;15023;98762;57012;1420;5922;860;178539
2023-11;Região de Saúde do Alentejo;Hospital Espírito Santo Évora;300;12134;29195;18318;2021;544;505;62512
2023-11;Região de Saúde do Centro;CHU Cova da Beira;130;4203;38304;17521;229;3153;64;63540
2023-11;Região de Saúde do Centro;CHU Coimbra;1368;36802;129636;67389;2558;8112;2168;245865
2023-11;Região de Saúde do Centro;ULS Castelo Branco;155;4279;32826;23629;1077;1559;89;63525
2023-11;Região de Saúde LVT;Hospital de Loures, EPE;292;11887;59491;38487;1464;1249;642;112870
2023-11;Região de Saúde LVT;Hospital Distrital de Santarém, EPE;285;13667;48942;44197;1601;844;270;109536
2023-11;Região de Saúde LVT;Hospital Fernando Fonseca;607;21902;68400;127582;4338;5236;2195;228065
2023-11;Região de Saúde LVT;Hospital Garcia de Orta;692;16122;52640;61433;5075;1541;803;137503
2023-11;Região de Saúde Norte;Unidade Local de Saúde do Alto Minho, EPE;437;13766;73855;65329;914;2410;119;156711
2023-11;Região de Saúde do Alentejo;ULS Norte Alentejano;212;7644;35053;35242;699;2113;89;80963
2023-11;Região de Saúde do Algarve;CHU Algarve;991;46957;145936;130638;5307;13223;2390;343052
2023-11;Região de Saúde do Centro;ULS Guarda;316;7686;44765;32397;2113;1818;131;89095
2023-11;Região de Saúde LVT;CHU Lisboa Norte;783;19739;73185;66490;4862;2265;12965;167324
2023-11;Região de Saúde LVT;Centro Hospitalar Médio Tejo, EPE;591;13596;67588;53908;1132;3342;488;140157
2023-11;Região de Saúde Norte;CH Póvoa Varzim/Vila Conde;221;6235;27887;27991;1255;449;1452;64038
2023-11;Região de Saúde Norte;Centro Hospitalar Universitário de Santo António, EPE;548;11613;65861;30846;2018;5225;20209;116111
2023-11;Região de Saúde Norte;Hospital da Senhora da Oliveira, Guimarães, EPE;191;10492;57059;58262;1541;9612;855;137157
2023-11;Região de Saúde do Centro;CH Leiria;706;16284;78115;60081;2115;4061;697;161362
2023-11;Região de Saúde do Centro;Hospital Figueira Foz;139;4308;36661;22668;179;1016;345;64971
2023-11;Região de Saúde LVT;Centro Hospitalar de Lisboa Ocidental, EPE;266;10567;44029;57748;2989;3861;8099;119460
2023-11;Região de Saúde LVT;Centro Hospitalar do Oeste, EPE;405;15201;62697;69644;2165;2993;807;153105
2023-11;Região de Saúde LVT;Hospital de Vila Franca de Xira, EPE;384;12371;63334;43614;2205;2151;535;124059
2023-11;Região de Saúde Norte;CH Entre Douro e Vouga;597;22556;99633;79790;2869;2117;1627;207562
2023-11;Região de Saúde Norte;Unidade Local de Saúde do Nordeste, EPE;256;7146;52229;28411;832;3774;239;92648
2023-11;Região de Saúde do Alentejo;ULS Litoral Alentejano;96;4213;18760;19510;253;1087;44445;43919
2023-11;Região de Saúde do Centro;Centro Hospitalar do Baixo Vouga, EPE;548;20073;86822;48291;3092;6633;744;165459
2023-11;Região de Saúde do Centro;CH Tondela-Viseu;476;15787;64549;46087;2057;6509;14533;135465
2023-11;Região de Saúde LVT;Hospital de Cascais, PPP;290;16146;47585;74625;1323;187;0;140156
2023-11;Região de Saúde Norte;CHU São João;1063;23201;90354;39628;5577;0;85871;159823
2023-11;Região de Saúde Norte;Hospital de Braga, EPE;802;15917;89510;77388;1250;8519;1277;193386
2023-11;Região de Saúde Norte;Hospital Santa Maria Maior, EPE;122;3968;22018;31373;2216;754;66;60451
2023-11;Região de Saúde Norte;ULS Matosinhos;257;11621;39784;21803;1368;1321;8966;76154
2023-10;Região de Saúde do Alentejo;ULS Norte Alentejano;186;6984;32101;32072;635;1950;77;73928
2023-10;Região de Saúde do Centro;ULS Guarda;286;7197;41245;29675;1943;1690;120;82036
2023-10;Região de Saúde Norte;CH Vila Nova Gaia/Espinho;363;13769;90045;51215;1251;5436;702;162079
2023-10;Região de Saúde Norte;Hospital Santa Maria Maior, EPE;117;3617;20261;28713;2002;665;62;55375
2023-10;Região de Saúde Norte;Unidade Local de Saúde do Alto Minho, EPE;401;12512;67296;59647;841;2169;111;142866
2023-10;Região de Saúde do Alentejo;ULS Litoral Alentejano;88;3854;17163;17850;232;994;40791;40181
2023-10;Região de Saúde do Centro;CH Leiria;650;15029;71939;55087;1938;3658;618;148301
2023-10;Região de Saúde do Centro;Centro Hospitalar do Baixo Vouga, EPE;492;18272;79656;44238;2836;5988;698;151482
2023-10;Região de Saúde do Centro;CH Tondela-Viseu;432;14222;58850;41908;1899;5936;13373;123247
2023-10;Região de Saúde LVT;Centro Hospitalar de Lisboa Ocidental, EPE;236;9374;39966;52539;2759;3478;7405;108352
2023-10;Região de Saúde LVT;Hospital de Loures, EPE;272;10661;54815;35377;1337;1069;609;103531
2023-10;Região de Saúde Norte;Centro Hospitalar do Médio Ave, EPE;237;9438;54473;38538;1090;1947;9;105723
2023-10;Região de Saúde Norte;CH Entre Douro e Vouga;542;20603;91148;73042;2661;1924;1608;189920
2023-10;Região de Saúde Norte;CH Póvoa Varzim/Vila Conde;198;5548;25531;24905;1148;436;1374;57766
2023-10;Região de Saúde Norte;Hospital da Senhora da Oliveira, Guimarães, EPE;174;9312;51867;52692;1419;8765;751;124229
2023-10;Região de Saúde Norte;ULS Matosinhos;231;10659;36486;20059;1273;1196;8220;69904
2023-10;Região de Saúde do Alentejo;ULS Baixo Alentejo;271;9723;48995;31897;1087;786;354;92759
2023-10;Região de Saúde LVT;Hospital de Cascais, PPP;309;14128;43456;68232;1183;143;0;127451
2023-10;Região de Saúde LVT;Hospital Garcia de Orta;657;14566;48512;56257;4646;1391;714;126029
2023-10;Região de Saúde Norte;CHU São João;965;21223;82895;36623;5104;0;76178;146810
2023-10;Região de Saúde Norte;Unidade Local de Saúde do Nordeste, EPE;231;6476;47298;26309;784;3471;223;84569
2023-10;Região de Saúde do Alentejo;Hospital Espírito Santo Évora;274;10925;26980;16906;1851;484;464;57420
2023-10;Região de Saúde do Centro;CHU Coimbra;1232;33075;118255;61488;2362;7357;1936;223769
2023-10;Região de Saúde do Centro;Hospital Figueira Foz;129;3915;33646;20689;167;931;314;59477
2023-10;Região de Saúde LVT;Centro Hospitalar do Oeste, EPE;372;13647;57072;63171;1987;2714;703;138963
2023-10;Região de Saúde LVT;CHU Lisboa Norte;715;17668;66930;60397;4481;2078;12780;152269
2023-10;Região de Saúde LVT;Centro Hospitalar Médio Tejo, EPE;543;12270;61979;49644;1010;3057;459;128503
2023-10;Região de Saúde LVT;Hospital de Vila Franca de Xira, EPE;349;11043;57677;39222;2021;1959;496;112271
2023-10;Região de Saúde LVT;Hospital Distrital de Santarém, EPE;251;12311;44889;40343;1450;773;246;100017
2023-10;Região de Saúde LVT;Hospital Fernando Fonseca;551;19885;62967;117011;3972;4956;1814;209342
2023-10;Região de Saúde Norte;Centro Hospitalar Tâmega e Sousa, EPE;756;23564;72748;44060;1133;13568;17460;155829
2023-10;Região de Saúde Norte;CH Trás-os-Montes Alto Douro;407;15714;81974;53507;1266;8575;9;161443
2023-10;Região de Saúde Norte;Centro Hospitalar Universitário de Santo António, EPE;502;10591;60114;28537;1908;4811;18370;106463
2023-10;Região de Saúde Norte;Hospital de Braga, EPE;732;14473;81759;70664;1174;7814;1158;176616
2023-10;Região de Saúde do Algarve;CHU Algarve;905;42847;133496;119261;4827;12084;2167;313420
2023-10;Região de Saúde do Centro;CHU Cova da Beira;121;3840;34874;15857;212;2878;56;57782
2023-10;Região de Saúde do Centro;ULS Castelo Branco;137;3901;29850;21329;1007;1381;83;57605
2023-10;Região de Saúde LVT;CH Barreiro/Montijo;252;9914;55934;51833;1638;3998;8396;123569
2023-10;Região de Saúde LVT;CHU Lisboa Central;526;7939;57825;47607;3773;702;86007;118372
2023-10;Região de Saúde LVT;CH Setúbal;286;11805;46142;26355;626;4840;8961;90054
2023-09;Região de Saúde LVT;CH Barreiro/Montijo;236;8983;50816;46573;1445;3542;7667;111595
2023-09;Região de Saúde Norte;Centro Hospitalar Universitário de Santo António, EPE;447;9508;54058;26127;1717;4334;16377;96191
2023-09;Região de Saúde Norte;CH Vila Nova Gaia/Espinho;324;12527;81141;45237;1103;4861;607;145193
2023-09;Região de Saúde do Alentejo;ULS Norte Alentejano;174;6382;28949;28757;546;1867;0;66675
2023-09;Região de Saúde do Algarve;CHU Algarve;825;38740;120733;107828;4422;10961;1911;283509
2023-09;Região de Saúde do Centro;CHU Cova da Beira;111;3439;31412;14086;189;2548;53;51785
2023-09;Região de Saúde do Centro;CH Tondela-Viseu;385;12745;52971;37621;1726;5329;12105;110777
2023-09;Região de Saúde do Centro;ULS Castelo Branco;131;3566;27204;19128;891;1233;76;52153
2023-09;Região de Saúde LVT;Centro Hospitalar Médio Tejo, EPE;480;11041;56008;44909;916;2769;424;116123
2023-09;Região de Saúde LVT;Hospital de Loures, EPE;245;9568;49726;32062;1233;900;570;93734
2023-09;Região de Saúde Norte;CHU São João;872;19149;74591;33224;4653;0;67616;132489
2023-09;Região de Saúde Norte;Centro Hospitalar do Médio Ave, EPE;219;8524;48893;34436;973;1725;9;94770
2023-09;Região de Saúde Norte;CH Póvoa Varzim/Vila Conde;178;4992;22913;22131;1030;422;1328;51666
2023-09;Região de Saúde do Alentejo;Hospital Espírito Santo Évora;242;9764;24188;15283;1671;427;409;51575
2023-09;Região de Saúde do Alentejo;ULS Litoral Alentejano;79;3473;15468;16086;210;896;36719;36212
2023-09;Região de Saúde LVT;CHU Lisboa Central;462;7068;51721;43127;3452;632;76378;106462
2023-09;Região de Saúde LVT;Centro Hospitalar de Lisboa Ocidental, EPE;211;8381;35631;47268;2448;3057;6698;96996
2023-09;Região de Saúde LVT;Hospital de Cascais, PPP;271;12569;39037;61380;1063;128;0;114448
2023-09;Região de Saúde LVT;Hospital de Vila Franca de Xira, EPE;317;9798;51669;34680;1799;1764;441;100027
2023-09;Região de Saúde LVT;Hospital Fernando Fonseca;495;17811;56961;105129;3542;4488;1148;188426
2023-09;Região de Saúde LVT;Hospital Garcia de Orta;583;13119;43655;50167;4126;1236;639;112886
2023-09;Região de Saúde Norte;Unidade Local de Saúde do Alto Minho, EPE;365;11173;60496;53792;763;1920;103;128509
2023-09;Região de Saúde do Centro;Centro Hospitalar do Baixo Vouga, EPE;460;16541;72105;39996;2556;5350;480;137008
2023-09;Região de Saúde do Centro;CHU Coimbra;1097;29443;106223;55240;2153;6517;1721;200673
2023-09;Região de Saúde do Centro;Hospital Figueira Foz;117;3552;30414;18704;152;845;308;53784
2023-09;Região de Saúde LVT;Centro Hospitalar do Oeste, EPE;343;12341;51737;57009;1762;2470;654;125662
2023-09;Região de Saúde LVT;CHU Lisboa Norte;645;15969;60449;54652;4118;1867;12523;137700
2023-09;Região de Saúde LVT;Hospital Distrital de Santarém, EPE;231;11166;40678;36288;1332;703;230;90398
2023-09;Região de Saúde Norte;Hospital da Senhora da Oliveira, Guimarães, EPE;153;8136;45776;46224;1237;7662;665;109188
2023-09;Região de Saúde Norte;Hospital Santa Maria Maior, EPE;107;3322;18473;26016;1765;577;56;50260
2023-09;Região de Saúde Norte;ULS Matosinhos;213;9581;32951;18128;1149;1095;7430;63117
2023-09;Região de Saúde do Alentejo;ULS Baixo Alentejo;249;8689;43903;28557;995;705;381;83098
2023-09;Região de Saúde do Centro;CH Leiria;584;13568;65208;49727;1733;3265;565;134085
2023-09;Região de Saúde do Centro;ULS Guarda;259;6620;37438;26837;1742;1538;82;74434
2023-09;Região de Saúde LVT;CH Setúbal;256;10591;41848;23715;572;4308;8140;81290
2023-09;Região de Saúde Norte;CH Entre Douro e Vouga;485;18596;81872;65677;2431;1672;1559;170733
2023-09;Região de Saúde Norte;Centro Hospitalar Tâmega e Sousa, EPE;668;21376;65704;39961;1027;12011;16147;140747
2023-09;Região de Saúde Norte;CH Trás-os-Montes Alto Douro;375;14121;74079;48505;1144;7768;8;145992
2023-09;Região de Saúde Norte;Hospital de Braga, EPE;648;12986;73441;63856;1077;6972;1022;158980
2023-09;Região de Saúde Norte;Unidade Local de Saúde do Nordeste, EPE;214;5910;42582;23996;726;3133;195;76561
2023-08;Região de Saúde do Centro;CH Leiria;525;12018;58305;44501;1517;2856;490;119722
2023-08;Região de Saúde do Centro;Centro Hospitalar do Baixo Vouga, EPE;407;14683;64450;35851;2245;4743;415;122379
2023-08;Região de Saúde do Centro;CH Tondela-Viseu;341;11334;47304;33711;1550;4760;10756;99000
2023-08;Região de Saúde LVT;Centro Hospitalar de Lisboa Ocidental, EPE;189;7417;31483;42207;2175;2671;5942;86142
2023-08;Região de Saúde LVT;CHU Lisboa Norte;575;14163;53789;49027;3681;1664;12235;122899
2023-08;Região de Saúde Norte;CH Trás-os-Montes Alto Douro;338;12560;65974;43746;1034;6909;7;130561
2023-08;Região de Saúde Norte;CH Vila Nova Gaia/Espinho;289;11279;72158;39941;950;4358;541;128975
2023-08;Região de Saúde Norte;Unidade Local de Saúde do Alto Minho, EPE;330;9981;54162;48248;685;1707;101;115113
2023-08;Região de Saúde do Centro;Hospital Figueira Foz;101;3158;27162;16993;135;757;198;48306
2023-08;Região de Saúde do Centro;ULS Guarda;240;5903;33373;24174;1563;1367;74;66620
2023-08;Região de Saúde LVT;CH Setúbal;227;9399;37667;21399;511;3865;7287;73068
2023-08;Região de Saúde LVT;Centro Hospitalar do Oeste, EPE;306;11114;46724;50976;1544;2273;605;112937
2023-08;Região de Saúde LVT;Centro Hospitalar Médio Tejo, EPE;427;9857;50191;40351;818;2437;374;104081
2023-08;Região de Saúde LVT;Hospital de Loures, EPE;225;8656;44822;29521;1117;751;531;85092
2023-08;Região de Saúde LVT;Hospital de Vila Franca de Xira, EPE;295;8753;46067;31231;1596;1591;389;89533
2023-08;Região de Saúde Norte;CH Entre Douro e Vouga;430;16599;72964;58967;2166;1440;1540;152566
2023-08;Região de Saúde Norte;CH Póvoa Varzim/Vila Conde;163;4406;20185;19617;925;416;1285;45712
2023-08;Região de Saúde Norte;Hospital de Braga, EPE;582;11663;65369;56997;974;6219;896;141804
2023-08;Região de Saúde Norte;ULS Matosinhos;201;8618;29320;15926;1003;986;6609;56054
2023-08;Região de Saúde do Algarve;CHU Algarve;760;34494;108133;96701;4009;9952;1716;254049
2023-08;Região de Saúde LVT;Hospital de Cascais, PPP;233;11143;34773;54797;948;106;0;102000
2023-08;Região de Saúde LVT;Hospital Fernando Fonseca;455;15851;50826;93664;3095;4020;968;167911
2023-08;Região de Saúde Norte;CHU São João;789;17134;66598;29668;4165;0;60558;118354
2023-08;Região de Saúde Norte;Hospital da Senhora da Oliveira, Guimarães, EPE;143;7386;41681;42184;1135;6932;618;99461
2023-08;Região de Saúde do Alentejo;Hospital Espírito Santo Évora;213;8727;21511;13782;1476;385;366;46094
2023-08;Região de Saúde do Alentejo;ULS Baixo Alentejo;221;7808;39235;25928;882;633;336;74707
2023-08;Região de Saúde do Alentejo;ULS Litoral Alentejano;71;3126;13921;14478;188;806;33030;32590
2023-08;Região de Saúde do Centro;CHU Cova da Beira;102;3118;28058;12682;163;2254;48;46377
2023-08;Região de Saúde do Centro;ULS Castelo Branco;120;3235;24770;17121;786;1100;73;47132
2023-08;Região de Saúde LVT;Hospital Distrital de Santarém, EPE;211;10000;36406;32617;1223;608;217;81065
2023-08;Região de Saúde Norte;Centro Hospitalar Universitário de Santo António, EPE;396;8484;47981;23086;1546;3844;14509;85337
2023-08;Região de Saúde Norte;Hospital Santa Maria Maior, EPE;97;2946;16533;23347;1545;526;50;44994
2023-08;Região de Saúde do Alentejo;ULS Norte Alentejano;156;5691;25907;25618;474;1664;0;59510
2023-08;Região de Saúde do Centro;CHU Coimbra;975;26042;95166;49750;1934;5656;1482;179523
2023-08;Região de Saúde LVT;CH Barreiro/Montijo;215;8131;45588;41786;1292;3164;6718;100176
2023-08;Região de Saúde LVT;CHU Lisboa Central;412;6220;45824;38309;3143;557;68298;94465
2023-08;Região de Saúde LVT;Hospital Garcia de Orta;506;11706;39166;44435;3661;1090;523;100564
2023-08;Região de Saúde Norte;Centro Hospitalar do Médio Ave, EPE;202;7627;43663;30748;864;1517;7;84621
2023-08;Região de Saúde Norte;Centro Hospitalar Tâmega e Sousa, EPE;597;19182;58743;35534;893;10581;14697;125530
2023-08;Região de Saúde Norte;Unidade Local de Saúde do Nordeste, EPE;183;5304;38186;21443;644;2807;179;68567
2023-07;Região de Saúde do Alentejo;ULS Norte Alentejano;134;4976;22594;22260;387;1435;0;51786
2023-07;Região de Saúde do Centro;Hospital Figueira Foz;77;2674;23038;14843;109;635;193;41376
2023-07;Região de Saúde LVT;CHU Lisboa Norte;501;12571;47223;43049;3200;1448;11971;107992
2023-07;Região de Saúde Norte;Centro Hospitalar do Médio Ave, EPE;188;6754;38472;26831;717;1370;6;74332
2023-07;Região de Saúde Norte;Centro Hospitalar Tâmega e Sousa, EPE;528;16691;51052;30925;759;9248;12674;109203
2023-07;Região de Saúde Norte;Hospital de Braga, EPE;491;10235;56912;49728;846;5379;737;123591
2023-07;Região de Saúde Norte;Hospital Santa Maria Maior, EPE;85;2594;14386;20403;1328;448;38;39244
2023-07;Região de Saúde do Alentejo;Hospital Espírito Santo Évora;197;7704;18736;12194;1304;293;326;40428
2023-07;Região de Saúde do Centro;ULS Guarda;205;5005;28275;20837;1360;1177;62;56859
2023-07;Região de Saúde LVT;CH Setúbal;196;8090;33260;19013;427;3418;6207;64404
2023-07;Região de Saúde LVT;Hospital de Vila Franca de Xira, EPE;261;7784;40519;27856;1391;1378;349;79189
2023-07;Região de Saúde do Alentejo;ULS Baixo Alentejo;197;6885;34196;22884;724;557;297;65443
2023-07;Região de Saúde do Centro;CHU Cova da Beira;89;2714;24076;11046;140;1915;37;39980
2023-07;Região de Saúde do Centro;CH Leiria;466;10367;50341;38318;1314;2409;424;103215
2023-07;Região de Saúde do Centro;Centro Hospitalar do Baixo Vouga, EPE;355;12920;56106;31341;1952;4037;356;106711
2023-07;Região de Saúde do Centro;CH Tondela-Viseu;284;9811;40646;29344;1324;4130;9160;85539
2023-07;Região de Saúde LVT;Centro Hospitalar Médio Tejo, EPE;379;8655;43760;35411;704;2116;324;91025
2023-07;Região de Saúde LVT;Hospital Distrital de Santarém, EPE;186;8802;31688;28781;1076;537;146;71070
2023-07;Região de Saúde LVT;Hospital Fernando Fonseca;401;14019;44343;82157;2697;3532;856;147149
2023-07;Região de Saúde LVT;Hospital Garcia de Orta;445;10429;34252;38435;3151;955;466;87667
2023-07;Região de Saúde Norte;Centro Hospitalar Universitário de Santo António, EPE;332;7457;41554;19839;1388;3332;12514;73902
2023-07;Região de Saúde Norte;Hospital da Senhora da Oliveira, Guimarães, EPE;119;6400;36481;37150;983;6006;559;87139
2023-07;Região de Saúde Norte;Unidade Local de Saúde do Nordeste, EPE;155;4459;32356;18143;553;2413;158;58079
2023-07;Região de Saúde do Alentejo;ULS Litoral Alentejano;62;2734;11896;12325;166;674;28404;27857
2023-07;Região de Saúde do Algarve;CHU Algarve;637;29491;91799;82502;3599;8674;1463;216702
2023-07;Região de Saúde do Centro;CHU Coimbra;819;22679;82846;43536;1677;4739;1286;156296
2023-07;Região de Saúde LVT;CH Barreiro/Montijo;186;7307;40173;36780;1125;2764;5873;88335
2023-07;Região de Saúde LVT;Centro Hospitalar do Oeste, EPE;269;9811;40726;44359;1302;2061;523;98528
2023-07;Região de Saúde Norte;CHU São João;690;14998;57716;25841;3632;0;54034;102877
2023-07;Região de Saúde Norte;CH Vila Nova Gaia/Espinho;251;9956;63163;34248;732;3846;470;112196
2023-07;Região de Saúde Norte;ULS Matosinhos;180;7471;25278;13507;875;875;5698;48186
2023-07;Região de Saúde Norte;Unidade Local de Saúde do Alto Minho, EPE;279;8514;46281;40790;580;1365;93;97809
2023-07;Região de Saúde do Centro;ULS Castelo Branco;102;2812;21505;15036;660;966;58;41081
2023-07;Região de Saúde LVT;CHU Lisboa Central;370;5422;39637;33116;2727;462;60840;81734
2023-07;Região de Saúde LVT;Centro Hospitalar de Lisboa Ocidental, EPE;165;6540;27279;37290;1881;2239;5189;75394
2023-07;Região de Saúde LVT;Hospital de Cascais, PPP;209;9899;30370;47878;840;89;0;89285
2023-07;Região de Saúde LVT;Hospital de Loures, EPE;200;7649;39344;26834;944;582;483;75553
2023-07;Região de Saúde Norte;CH Entre Douro e Vouga;372;14424;63241;51848;1917;1207;1514;133009
2023-07;Região de Saúde Norte;CH Póvoa Varzim/Vila Conde;145;3931;18034;17671;856;416;335;41053
2023-07;Região de Saúde Norte;CH Trás-os-Montes Alto Douro;302;10789;56216;37604;865;5859;5;111635
2023-06;Região de Saúde do Alentejo;ULS Baixo Alentejo;165;5950;29117;19484;599;485;249;55800
2023-06;Região de Saúde do Algarve;CHU Algarve;535;24785;76627;69657;3113;7385;1210;182102
2023-06;Região de Saúde do Centro;Centro Hospitalar do Baixo Vouga, EPE;304;11098;47633;26760;1654;3457;302;90906
2023-06;Região de Saúde LVT;CHU Lisboa Central;321;4657;33634;28196;2362;384;52876;69554
2023-06;Região de Saúde LVT;CHU Lisboa Norte;423;10841;40152;36827;2740;1245;10403;92228
2023-06;Região de Saúde Norte;Centro Hospitalar Tâmega e Sousa, EPE;464;14236;43296;26335;625;7767;11081;92723
2023-06;Região de Saúde Norte;Centro Hospitalar Universitário de Santo António, EPE;285;6387;35390;16680;1189;2801;10712;62732
2023-06;Região de Saúde Norte;ULS Matosinhos;169;6432;21301;11335;754;780;4830;40771
2023-06;Região de Saúde Norte;Unidade Local de Saúde do Nordeste, EPE;136;3831;27507;15422;464;2054;131;49414
2023-06;Região de Saúde do Alentejo;Hospital Espírito Santo Évora;170;6547;16028;10522;1149;229;267;34645
2023-06;Região de Saúde do Alentejo;ULS Litoral Alentejano;51;2319;10061;10462;139;576;24356;23608
2023-06;Região de Saúde do Centro;CH Tondela-Viseu;245;8329;34417;24993;1118;3501;7737;72603
2023-06;Região de Saúde do Centro;ULS Guarda;170;4241;23819;17952;1158;1020;51;48360
2023-06;Região de Saúde do Centro;ULS Castelo Branco;87;2417;18359;12830;541;848;51;35082
2023-06;Região de Saúde LVT;CH Setúbal;167;6879;28675;16548;368;2966;5145;55603
2023-06;Região de Saúde LVT;Hospital de Loures, EPE;179;6661;33911;24007;817;477;443;66052
2023-06;Região de Saúde LVT;Hospital de Vila Franca de Xira, EPE;235;6713;34843;24376;1197;1140;299;68504
2023-06;Região de Saúde LVT;Hospital Garcia de Orta;390;9110;29399;32620;2699;784;399;75002
2023-06;Região de Saúde Norte;CH Vila Nova Gaia/Espinho;209;8591;54128;28618;574;3261;405;95381
2023-06;Região de Saúde Norte;Hospital de Braga, EPE;422;8735;48328;42264;706;4576;639;105031
2023-06;Região de Saúde Norte;Unidade Local de Saúde do Alto Minho, EPE;243;7217;39529;34347;469;1087;92;82892
2023-06;Região de Saúde do Centro;Hospital Figueira Foz;68;2239;19416;12678;86;533;181;35020
2023-06;Região de Saúde Norte;Centro Hospitalar do Médio Ave, EPE;165;5753;32866;23040;607;1190;4;63621
2023-06;Região de Saúde Norte;CH Entre Douro e Vouga;311;12352;53491;44692;1639;1021;1330;113506
2023-06;Região de Saúde Norte;CH Trás-os-Montes Alto Douro;267;9241;47620;32057;733;4987;3;94905
2023-06;Região de Saúde Norte;Hospital da Senhora da Oliveira, Guimarães, EPE;102;5547;31306;31505;813;5123;469;74396
2023-06;Região de Saúde Norte;Hospital Santa Maria Maior, EPE;77;2191;12152;17408;1121;396;1;33345
2023-06;Região de Saúde do Centro;CH Leiria;396;8834;42789;32662;1123;1983;353;87787
2023-06;Região de Saúde LVT;CH Barreiro/Montijo;161;6386;34572;32105;931;2338;5036;76493
2023-06;Região de Saúde LVT;Centro Hospitalar Médio Tejo, EPE;331;7457;37479;30644;566;1819;278;78296
2023-06;Região de Saúde LVT;Hospital Distrital de Santarém, EPE;162;7680;26946;24683;936;454;137;60861
2023-06;Região de Saúde Norte;CHU São João;594;12924;49290;21773;3116;0;46883;87697
2023-06;Região de Saúde do Alentejo;ULS Norte Alentejano;109;4227;19445;19078;340;1201;0;44400
2023-06;Região de Saúde do Centro;CHU Cova da Beira;78;2354;20389;9514;121;1625;33;34081
2023-06;Região de Saúde do Centro;CHU Coimbra;678;19184;71027;37443;1459;3826;1070;133617
2023-06;Região de Saúde LVT;Centro Hospitalar de Lisboa Ocidental, EPE;138;5664;23527;32122;1644;1906;4469;65001
2023-06;Região de Saúde LVT;Centro Hospitalar do Oeste, EPE;236;8583;35131;37993;1080;1719;394;84742
2023-06;Região de Saúde LVT;Hospital de Cascais, PPP;188;8590;25996;41265;722;82;0;76843
2023-06;Região de Saúde LVT;Hospital Fernando Fonseca;355;12327;37971;70774;2271;3062;708;126760
2023-06;Região de Saúde Norte;CH Póvoa Varzim/Vila Conde;128;3367;15359;15395;733;415;291;35397
2023-05;Região de Saúde do Alentejo;ULS Baixo Alentejo;137;4975;24130;16474;507;413;197;46636
2023-05;Região de Saúde do Algarve;CHU Algarve;431;20328;62815;58495;2638;6122;1017;150829
2023-05;Região de Saúde LVT;Hospital Fernando Fonseca;310;10511;31717;59238;1859;2507;562;106142
2023-05;Região de Saúde LVT;Hospital Garcia de Orta;342;7780;24725;27192;2297;626;352;62962
2023-05;Região de Saúde Norte;CH Vila Nova Gaia/Espinho;171;7212;44854;23862;447;2717;335;79263
2023-05;Região de Saúde Norte;Hospital de Braga, EPE;349;7324;40322;35249;584;3756;524;87584
2023-05;Região de Saúde do Centro;Hospital Figueira Foz;59;1889;16087;10588;76;415;174;29114
2023-05;Região de Saúde LVT;CHU Lisboa Central;264;3843;27436;22960;1942;313;43767;56758
2023-05;Região de Saúde LVT;Centro Hospitalar de Lisboa Ocidental, EPE;118;4830;19777;27048;1337;1561;3730;54671
2023-05;Região de Saúde LVT;Hospital de Cascais, PPP;158;7362;21590;34628;607;69;0;64414
2023-05;Região de Saúde LVT;Hospital de Loures, EPE;157;5704;28453;20689;687;377;367;56067
2023-05;Região de Saúde Norte;CHU São João;494;10780;40738;17945;2596;0;39548;72553
2023-05;Região de Saúde Norte;Centro Hospitalar Tâmega e Sousa, EPE;394;11788;36053;21937;513;6449;9065;77134
2023-05;Região de Saúde Norte;Hospital da Senhora da Oliveira, Guimarães, EPE;84;4369;24674;24724;635;3916;365;58402
2023-05;Região de Saúde Norte;Hospital Santa Maria Maior, EPE;68;1845;10189;14456;892;335;1;27785
2023-05;Região de Saúde Norte;Unidade Local de Saúde do Nordeste, EPE;117;3208;22689;12960;369;1683;108;41026
2023-05;Região de Saúde do Alentejo;ULS Litoral Alentejano;44;1934;8306;8833;125;465;20410;19707
2023-05;Região de Saúde do Centro;CH Leiria;338;7358;35752;27078;913;1595;274;73034
2023-05;Região de Saúde do Centro;CHU Coimbra;555;15987;58845;31419;1195;3183;901;111184
2023-05;Região de Saúde do Centro;CH Tondela-Viseu;212;6883;28637;20909;906;2934;6413;60481
2023-05;Região de Saúde LVT;CH Barreiro/Montijo;142;5553;28807;26958;782;1990;4303;64232
2023-05;Região de Saúde LVT;CH Setúbal;150;5703;24060;14163;306;2184;4288;46566
2023-05;Região de Saúde LVT;Centro Hospitalar do Oeste, EPE;205;7209;29596;31624;881;1545;333;71060
2023-05;Região de Saúde LVT;Centro Hospitalar Médio Tejo, EPE;287;6282;31203;25862;443;1328;224;65405
2023-05;Região de Saúde LVT;Hospital Distrital de Santarém, EPE;135;6529;22255;20710;767;369;117;50765
2023-05;Região de Saúde Norte;CH Póvoa Varzim/Vila Conde;104;2786;12699;13093;583;408;243;29673
2023-05;Região de Saúde Norte;Centro Hospitalar Universitário de Santo António, EPE;233;5297;29288;13620;969;2368;9188;51775
2023-05;Região de Saúde do Centro;CHU Cova da Beira;67;1977;16964;8138;106;1382;27;28634
2023-05;Região de Saúde do Centro;ULS Guarda;148;3545;19916;15290;951;882;43;40732
2023-05;Região de Saúde do Centro;ULS Castelo Branco;79;2008;15121;10781;427;730;46;29146
2023-05;Região de Saúde LVT;Hospital de Vila Franca de Xira, EPE;202;5633;28716;20931;982;924;235;57388
2023-05;Região de Saúde Norte;Centro Hospitalar do Médio Ave, EPE;147;4768;27345;19507;526;996;3;53289
2023-05;Região de Saúde Norte;CH Entre Douro e Vouga;261;10344;44582;38381;1433;858;193;95859
2023-05;Região de Saúde Norte;Unidade Local de Saúde do Alto Minho, EPE;211;6003;33294;28545;386;903;81;69342
2023-05;Região de Saúde do Alentejo;Hospital Espírito Santo Évora;139;5393;13369;8869;959;175;213;28904
2023-05;Região de Saúde do Alentejo;ULS Norte Alentejano;89;3527;16196;15922;277;961;36;36972
2023-05;Região de Saúde do Centro;Centro Hospitalar do Baixo Vouga, EPE;251;9305;39473;22432;1402;2812;251;75675
2023-05;Região de Saúde LVT;CHU Lisboa Norte;352;9182;33307;30505;2298;1020;8537;76664
2023-05;Região de Saúde Norte;CH Trás-os-Montes Alto Douro;214;7758;39423;26836;616;4120;3;78967
2023-05;Região de Saúde Norte;ULS Matosinhos;131;5419;17647;9375;614;643;4002;33829
2023-04;Região de Saúde do Alentejo;Hospital Espírito Santo Évora;117;4316;10391;6991;762;145;171;22722
2023-04;Região de Saúde do Centro;CHU Coimbra;419;12664;45977;24678;906;2501;694;87145
2023-04;Região de Saúde LVT;CHU Lisboa Norte;290;7315;25998;23501;1792;796;6690;59692
2023-04;Região de Saúde LVT;Centro Hospitalar Médio Tejo, EPE;243;5046;24477;20369;335;1032;182;51502
2023-04;Região de Saúde LVT;Hospital de Loures, EPE;132;4626;22662;16481;560;296;226;44757
2023-04;Região de Saúde Norte;Centro Hospitalar do Médio Ave, EPE;130;3812;21644;15194;409;771;2;41960
2023-04;Região de Saúde Norte;CH Póvoa Varzim/Vila Conde;80;2195;10020;10348;401;378;195;23422
2023-04;Região de Saúde Norte;CH Trás-os-Montes Alto Douro;172;6167;30851;21204;480;3223;3;62097
2023-04;Região de Saúde Norte;Centro Hospitalar Universitário de Santo António, EPE;189;4294;22868;10595;760;1885;7340;40591
2023-04;Região de Saúde Norte;Hospital da Senhora da Oliveira, Guimarães, EPE;70;3739;20817;20636;507;3253;296;49022
2023-04;Região de Saúde Norte;Hospital de Braga, EPE;292;5800;31531;27527;456;2862;402;68468
2023-04;Região de Saúde Norte;Unidade Local de Saúde do Nordeste, EPE;105;2593;17997;10313;286;1318;83;32612
2023-04;Região de Saúde do Algarve;CHU Algarve;342;16107;48659;46900;2085;4784;797;118877
2023-04;Região de Saúde do Centro;Centro Hospitalar do Baixo Vouga, EPE;200;7455;30736;17693;1092;2126;195;59302
2023-04;Região de Saúde do Centro;ULS Guarda;117;2848;15741;12176;756;714;36;32352
2023-04;Região de Saúde LVT;CH Setúbal;124;4544;18843;11237;254;1803;3190;36805
2023-04;Região de Saúde LVT;Centro Hospitalar do Oeste, EPE;169;5812;23571;24476;677;1214;293;55919
2023-04;Região de Saúde LVT;Hospital Distrital de Santarém, EPE;111;5262;17388;16349;636;270;97;40016
2023-04;Região de Saúde Norte;Hospital Santa Maria Maior, EPE;55;1448;8121;11530;694;275;1;22123
2023-04;Região de Saúde Norte;Unidade Local de Saúde do Alto Minho, EPE;169;4804;26411;22735;286;700;78;55105
2023-04;Região de Saúde LVT;CHU Lisboa Central;212;3161;22182;18280;1581;237;35166;45653
2023-04;Região de Saúde LVT;Hospital de Cascais, PPP;128;5900;16829;27373;493;58;0;50781
2023-04;Região de Saúde Norte;Centro Hospitalar Tâmega e Sousa, EPE;332;9511;28632;17402;412;5001;6745;61290
2023-04;Região de Saúde Norte;ULS Matosinhos;106;4360;13729;7260;453;517;3164;26425
2023-04;Região de Saúde do Alentejo;ULS Litoral Alentejano;36;1561;6413;7047;102;356;16206;15515
2023-04;Região de Saúde do Alentejo;ULS Norte Alentejano;68;2832;12770;12433;221;762;0;29086
2023-04;Região de Saúde do Centro;CH Leiria;282;5836;28019;21352;723;1223;206;57435
2023-04;Região de Saúde do Centro;CH Tondela-Viseu;163;5435;22461;16482;720;2259;5105;47520
2023-04;Região de Saúde LVT;CH Barreiro/Montijo;120;4521;22528;21471;637;1451;3422;50728
2023-04;Região de Saúde LVT;Centro Hospitalar de Lisboa Ocidental, EPE;98;3882;15520;21122;1088;1235;2938;42945
2023-04;Região de Saúde LVT;Hospital de Vila Franca de Xira, EPE;154;4458;22261;16579;770;704;175;44926
2023-04;Região de Saúde LVT;Hospital Fernando Fonseca;257;8593;24882;46427;1454;1939;393;83552
2023-04;Região de Saúde do Alentejo;ULS Baixo Alentejo;120;4026;19057;13353;398;311;154;37265
2023-04;Região de Saúde do Centro;CHU Cova da Beira;58;1586;13264;6573;92;1086;24;22659
2023-04;Região de Saúde do Centro;Hospital Figueira Foz;47;1491;12838;8185;53;307;33;22921
2023-04;Região de Saúde do Centro;ULS Castelo Branco;63;1603;11653;8490;341;589;37;22739
2023-04;Região de Saúde LVT;Hospital Garcia de Orta;272;6207;19181;21433;1803;473;259;49369
2023-04;Região de Saúde Norte;CHU São João;397;8673;32011;13851;2072;0;30697;57004
2023-04;Região de Saúde Norte;CH Entre Douro e Vouga;221;8084;35066;30613;1164;675;142;75823
2023-04;Região de Saúde Norte;CH Vila Nova Gaia/Espinho;142;5720;35150;18321;346;2158;274;61837
2023-03;Região de Saúde do Alentejo;Hospital Espírito Santo Évora;79;3335;7719;5470;604;98;140;17305
2023-03;Região de Saúde do Algarve;CHU Algarve;262;11976;36094;35543;1623;3636;611;89134
2023-03;Região de Saúde do Centro;ULS Castelo Branco;51;1217;8578;6559;264;451;28;17120
2023-03;Região de Saúde LVT;CH Setúbal;94;3512;14114;8803;197;1385;2474;28105
2023-03;Região de Saúde LVT;Hospital de Cascais, PPP;104;4556;12464;20557;365;49;0;38095
2023-03;Região de Saúde LVT;Hospital de Vila Franca de Xira, EPE;111;3403;16836;12659;548;520;128;34077
2023-03;Região de Saúde Norte;Centro Hospitalar Tâmega e Sousa, EPE;259;7225;21784;13135;303;3708;4910;46414
2023-03;Região de Saúde Norte;CH Vila Nova Gaia/Espinho;124;4359;26439;13549;219;1589;220;46279
2023-03;Região de Saúde Norte;ULS Matosinhos;82;3243;10306;5353;320;393;2392;19697
2023-03;Região de Saúde do Alentejo;ULS Litoral Alentejano;32;1194;4863;5298;79;244;12359;11710
2023-03;Região de Saúde do Alentejo;ULS Norte Alentejano;53;2147;9623;9534;172;548;0;22077
2023-03;Região de Saúde do Centro;CH Tondela-Viseu;130;4132;16917;12423;509;1676;3860;35787
2023-03;Região de Saúde LVT;CHU Lisboa Norte;213;5533;19254;17348;1365;595;5085;44308
2023-03;Região de Saúde LVT;Hospital Distrital de Santarém, EPE;87;4105;12970;12507;499;197;77;30365
2023-03;Região de Saúde LVT;Hospital Garcia de Orta;219;4771;14411;16087;1406;357;199;37251
2023-03;Região de Saúde Norte;Centro Hospitalar do Médio Ave, EPE;104;2938;16440;11468;285;563;2;31798
2023-03;Região de Saúde Norte;CH Entre Douro e Vouga;163;6152;26464;23147;899;521;121;57346
2023-03;Região de Saúde do Centro;CH Leiria;224;4451;21076;15988;541;884;167;43164
2023-03;Região de Saúde do Centro;Centro Hospitalar do Baixo Vouga, EPE;154;5618;22994;13421;799;1545;146;44531
2023-03;Região de Saúde do Centro;Hospital Figueira Foz;35;1145;9529;6252;35;213;16;17209
2023-03;Região de Saúde LVT;Centro Hospitalar de Lisboa Ocidental, EPE;79;3042;11708;15995;851;932;2269;32607
2023-03;Região de Saúde LVT;Centro Hospitalar do Oeste, EPE;124;4472;17903;18596;510;909;231;42514
2023-03;Região de Saúde Norte;CHU São João;302;6556;23939;10283;1518;0;23287;42598
2023-03;Região de Saúde Norte;CH Trás-os-Montes Alto Douro;136;4704;23335;16187;364;2364;1;47090
2023-03;Região de Saúde Norte;Centro Hospitalar Universitário de Santo António, EPE;137;3251;16905;7708;564;1394;5547;29959
2023-03;Região de Saúde Norte;Hospital de Braga, EPE;226;4373;23620;20564;358;2091;317;51232
2023-03;Região de Saúde Norte;Unidade Local de Saúde do Alto Minho, EPE;139;3619;19997;17472;188;481;75;41896
2023-03;Região de Saúde do Alentejo;ULS Baixo Alentejo;101;3123;14404;10332;303;238;125;28501
2023-03;Região de Saúde do Centro;CHU Cova da Beira;48;1225;9993;5132;77;791;19;17266
2023-03;Região de Saúde LVT;CH Barreiro/Montijo;81;3522;16976;16659;527;1109;2401;38874
2023-03;Região de Saúde LVT;Hospital de Loures, EPE;110;3585;17373;13193;432;224;152;34917
2023-03;Região de Saúde LVT;Hospital Fernando Fonseca;191;6632;18773;35461;1107;1424;307;63588
2023-03;Região de Saúde Norte;CH Póvoa Varzim/Vila Conde;61;1669;7627;7882;285;306;149;17830
2023-03;Região de Saúde Norte;Hospital da Senhora da Oliveira, Guimarães, EPE;53;2864;15713;15585;375;2444;235;37034
2023-03;Região de Saúde Norte;Hospital Santa Maria Maior, EPE;41;1126;6286;8729;531;187;1;16900
2023-03;Região de Saúde Norte;Unidade Local de Saúde do Nordeste, EPE;79;1992;13574;8011;232;966;68;24854
2023-03;Região de Saúde do Centro;CHU Coimbra;319;9730;34604;18747;685;1934;488;66019
2023-03;Região de Saúde do Centro;ULS Guarda;80;2186;11763;9364;567;533;25;24493
2023-03;Região de Saúde LVT;CHU Lisboa Central;159;2365;16456;13704;1207;150;26645;34041
2023-03;Região de Saúde LVT;Centro Hospitalar Médio Tejo, EPE;182;3904;18374;15466;253;742;140;38921
2023-02;Região de Saúde do Alentejo;Hospital Espírito Santo Évora;53;2272;5031;3662;430;63;93;11511
2023-02;Região de Saúde do Alentejo;ULS Litoral Alentejano;20;780;3145;3386;59;160;7947;7550
2023-02;Região de Saúde do Centro;Centro Hospitalar do Baixo Vouga, EPE;103;3677;14683;8448;506;995;83;28412
2023-02;Região de Saúde LVT;Centro Hospitalar de Lisboa Ocidental, EPE;50;1986;7551;10519;544;621;1466;21271
2023-02;Região de Saúde LVT;CHU Lisboa Norte;150;3602;12441;11257;929;403;3247;28782
2023-02;Região de Saúde LVT;Hospital de Cascais, PPP;69;3029;7919;13164;230;33;0;24444
2023-02;Região de Saúde Norte;Centro Hospitalar Tâmega e Sousa, EPE;179;4713;13970;8143;173;2362;3474;29540
2023-02;Região de Saúde Norte;Hospital da Senhora da Oliveira, Guimarães, EPE;33;1961;10167;10042;238;1566;177;24007
2023-02;Região de Saúde Norte;Hospital de Braga, EPE;144;2940;15297;13209;237;1296;224;33123
2023-02;Região de Saúde do Centro;CHU Cova da Beira;34;821;6430;3361;55;522;12;11223
2023-02;Região de Saúde do Centro;CHU Coimbra;232;6483;22361;12106;450;1241;293;42873
2023-02;Região de Saúde do Centro;Hospital Figueira Foz;24;801;6164;4083;23;141;11;11236
2023-02;Região de Saúde LVT;CH Barreiro/Montijo;58;2422;10891;11065;363;709;1703;25508
2023-02;Região de Saúde LVT;Hospital de Loures, EPE;77;2516;11693;9352;284;151;100;24073
2023-02;Região de Saúde LVT;Hospital de Vila Franca de Xira, EPE;77;2251;10615;8182;345;334;70;21804
2023-02;Região de Saúde LVT;Hospital Distrital de Santarém, EPE;62;2750;8227;8061;347;124;37;19571
2023-02;Região de Saúde Norte;Unidade Local de Saúde do Nordeste, EPE;45;1333;8731;5343;145;622;52;16219
2023-02;Região de Saúde do Alentejo;ULS Baixo Alentejo;72;2058;9181;6606;195;157;66;18269
2023-02;Região de Saúde do Centro;ULS Guarda;47;1466;7716;6142;382;367;12;16120
2023-02;Região de Saúde LVT;CHU Lisboa Central;104;1577;10733;8880;794;98;17151;22186
2023-02;Região de Saúde LVT;Centro Hospitalar Médio Tejo, EPE;126;2612;12023;10012;155;454;82;25382
2023-02;Região de Saúde Norte;CHU São João;195;4303;15360;6691;973;0;14741;27522
2023-02;Região de Saúde Norte;Centro Hospitalar Universitário de Santo António, EPE;101;2240;11087;4928;365;934;3404;19655
2023-02;Região de Saúde Norte;CH Vila Nova Gaia/Espinho;96;2962;16845;8585;128;1097;145;29713
2023-02;Região de Saúde do Alentejo;ULS Norte Alentejano;34;1399;6146;6207;120;323;0;14229
2023-02;Região de Saúde do Algarve;CHU Algarve;172;7690;22699;22708;1088;2366;394;56723
2023-02;Região de Saúde do Centro;ULS Castelo Branco;41;852;5581;4230;171;291;21;11166
2023-02;Região de Saúde LVT;CH Setúbal;56;2301;9156;5780;115;903;1650;18311
2023-02;Região de Saúde LVT;Centro Hospitalar do Oeste, EPE;98;3024;11625;11874;319;574;150;27514
2023-02;Região de Saúde Norte;Centro Hospitalar do Médio Ave, EPE;66;1914;10749;7544;167;369;1;20809
2023-02;Região de Saúde Norte;CH Trás-os-Montes Alto Douro;92;3178;15040;10407;233;1510;0;30460
2023-02;Região de Saúde Norte;Hospital Santa Maria Maior, EPE;25;714;4168;5668;347;128;0;11050
2023-02;Região de Saúde Norte;Unidade Local de Saúde do Alto Minho, EPE;96;2407;12881;11384;119;299;10;27186
2023-02;Região de Saúde do Centro;CH Leiria;144;2876;13521;10215;345;557;122;27658
2023-02;Região de Saúde do Centro;CH Tondela-Viseu;87;2830;11214;8046;298;1065;2557;23540
2023-02;Região de Saúde LVT;Hospital Fernando Fonseca;124;4430;12175;23317;728;924;222;41698
2023-02;Região de Saúde LVT;Hospital Garcia de Orta;158;3255;9317;10169;990;221;101;24110
2023-02;Região de Saúde Norte;CH Entre Douro e Vouga;102;4073;17013;15082;573;347;89;37190
2023-02;Região de Saúde Norte;CH Póvoa Varzim/Vila Conde;39;1117;4956;5098;187;191;90;11588
2023-02;Região de Saúde Norte;ULS Matosinhos;58;2105;6661;3498;209;235;1471;12766
2023-01;Região de Saúde LVT;CHU Lisboa Central;57;813;5546;4548;428;47;8835;11439
2023-01;Região de Saúde LVT;Hospital de Cascais, PPP;40;1604;4033;6570;112;18;0;12377
2023-01;Região de Saúde Norte;Unidade Local de Saúde do Alto Minho, EPE;46;1218;6678;5729;54;168;4;13893
2023-01;Região de Saúde do Alentejo;ULS Baixo Alentejo;42;1046;4571;3447;106;87;34;9299
2023-01;Região de Saúde do Alentejo;ULS Litoral Alentejano;13;407;1554;1732;33;78;3992;3817
2023-01;Região de Saúde do Algarve;CHU Algarve;97;3919;11616;11387;577;1224;221;28820
2023-01;Região de Saúde do Centro;CH Leiria;66;1481;6949;5168;176;276;0;14116
2023-01;Região de Saúde do Centro;Centro Hospitalar do Baixo Vouga, EPE;61;1954;7457;4312;252;480;39;14516
2023-01;Região de Saúde LVT;CH Barreiro/Montijo;28;1262;5574;5661;213;361;874;13099
2023-01;Região de Saúde LVT;Hospital de Loures, EPE;45;1289;5727;4779;157;82;48;12079
2023-01;Região de Saúde Norte;Centro Hospitalar do Médio Ave, EPE;32;1022;5408;3948;94;194;0;10698
2023-01;Região de Saúde Norte;CH Vila Nova Gaia/Espinho;58;1634;8650;4352;58;593;77;15345
2023-01;Região de Saúde Norte;Unidade Local de Saúde do Nordeste, EPE;26;764;4611;2879;70;315;26;8665
2023-01;Região de Saúde do Alentejo;Hospital Espírito Santo Évora;26;1217;2597;1820;205;32;47;5897
2023-01;Região de Saúde do Alentejo;ULS Norte Alentejano;16;734;3005;3143;57;172;0;7127
2023-01;Região de Saúde do Centro;CHU Coimbra;120;3419;11479;6426;222;650;144;22316
2023-01;Região de Saúde do Centro;Hospital Figueira Foz;14;418;3126;2084;10;80;7;5732
2023-01;Região de Saúde LVT;Centro Hospitalar Médio Tejo, EPE;67;1408;6148;5146;73;228;47;13070
2023-01;Região de Saúde LVT;Hospital Garcia de Orta;90;1695;4679;5243;511;102;51;12320
2023-01;Região de Saúde Norte;CH Entre Douro e Vouga;56;2126;8626;7774;293;200;63;19075
2023-01;Região de Saúde Norte;Centro Hospitalar Tâmega e Sousa, EPE;104;2560;7204;4190;93;1188;1306;15339
2023-01;Região de Saúde Norte;Hospital da Senhora da Oliveira, Guimarães, EPE;15;1068;5259;5047;118;838;83;12345
2023-01;Região de Saúde do Centro;CHU Cova da Beira;16;455;3373;1803;35;288;5;5970
2023-01;Região de Saúde do Centro;CH Tondela-Viseu;55;1555;5764;4183;143;538;1382;12238
2023-01;Região de Saúde do Centro;ULS Guarda;29;802;3924;3234;222;202;6;8413
2023-01;Região de Saúde do Centro;ULS Castelo Branco;24;465;2923;2254;85;153;8;5904
2023-01;Região de Saúde LVT;CH Setúbal;38;1242;4749;2991;54;448;846;9522
2023-01;Região de Saúde LVT;Centro Hospitalar do Oeste, EPE;48;1564;5808;5942;155;298;76;13815
2023-01;Região de Saúde Norte;Hospital de Braga, EPE;74;1533;7634;6665;123;629;104;16658
2023-01;Região de Saúde Norte;Hospital Santa Maria Maior, EPE;13;386;2052;2926;186;66;0;5629
2023-01;Região de Saúde LVT;Centro Hospitalar de Lisboa Ocidental, EPE;26;1039;3892;5379;266;322;867;10924
2023-01;Região de Saúde LVT;CHU Lisboa Norte;78;1830;6328;5725;497;191;1594;14649
2023-01;Região de Saúde LVT;Hospital de Vila Franca de Xira, EPE;38;1218;5353;4181;170;132;32;11092
2023-01;Região de Saúde LVT;Hospital Distrital de Santarém, EPE;29;1353;4231;4209;169;55;17;10046
2023-01;Região de Saúde LVT;Hospital Fernando Fonseca;74;2357;6170;12138;399;503;101;21641
2023-01;Região de Saúde Norte;CHU São João;110;2315;7900;3426;458;0;7476;14209
2023-01;Região de Saúde Norte;CHU Porto;61;1198;5686;2442;160;523;1757;10070
2023-01;Região de Saúde Norte;CH Póvoa Varzim/Vila Conde;23;582;2557;2633;90;115;52;6000
2023-01;Região de Saúde Norte;CH Trás-os-Montes Alto Douro;50;1707;7725;5382;136;789;0;15789
2023-01;Região de Saúde Norte;ULS Matosinhos;35;1081;3474;1853;104;152;703;6699
2022-12;Região de Saúde do Alentejo;ULS Litoral Alentejano;113;4685;20508;21577;299;1295;47192;48477
2022-12;Região de Saúde do Centro;Centro Hospitalar do Baixo Vouga, EPE;542;21466;87942;58933;3292;6646;553;178821
2022-12;Região de Saúde LVT;Centro Hospitalar Médio Tejo, EPE;745;14132;68769;65280;1164;3481;567;153571
2022-12;Região de Saúde LVT;Hospital de Cascais, PPP;377;17605;49031;87127;1161;384;0;155685
2022-12;Região de Saúde Norte;Centro Hospitalar Tâmega e Sousa, EPE;1059;25631;85503;59724;4414;14862;14249;191193
2022-12;Região de Saúde Norte;CH Vila Nova Gaia/Espinho;437;18424;105602;55595;1098;6878;1089;188034
2022-12;Região de Saúde Norte;Hospital de Braga, EPE;869;18445;90844;85656;3635;2077;1388;201526
2022-12;Região de Saúde Norte;Hospital Santa Maria Maior, EPE;122;4709;25912;33873;1660;742;2;67018
2022-12;Região de Saúde do Centro;ULS Guarda;391;7775;47164;34801;2347;2895;93;95373
2022-12;Região de Saúde LVT;Centro Hospitalar de Lisboa Ocidental, EPE;296;10802;45313;72285;3360;4479;8205;136535
2022-12;Região de Saúde LVT;Hospital de Vila Franca de Xira, EPE;416;13229;65240;53968;1705;1983;332;136541
2022-12;Região de Saúde LVT;Hospital Distrital de Santarém, EPE;341;14744;51240;54939;2179;698;561;124141
2022-12;Região de Saúde LVT;Hospital Fernando Fonseca;674;24422;71883;144757;4610;7051;1365;253397
2022-12;Região de Saúde LVT;CH Setúbal;417;13613;60148;44640;1098;5503;10997;125419
2022-12;Região de Saúde LVT;Centro Hospitalar do Oeste, EPE;523;16470;69095;78550;1694;4755;1252;171087
2022-12;Região de Saúde LVT;Hospital de Loures, EPE;450;17223;77959;59730;1761;573;1487;157696
2022-12;Região de Saúde Norte;Hospital da Senhora da Oliveira, Guimarães, EPE;201;10249;59672;64280;1493;9959;1019;145854
2022-12;Região de Saúde do Alentejo;ULS Baixo Alentejo;317;11301;50975;38253;1414;926;2076;103186
2022-12;Região de Saúde do Centro;CH Tondela-Viseu;514;16229;67338;52993;1929;6258;16299;145261
2022-12;Região de Saúde do Centro;Hospital Figueira Foz;113;4801;37524;29509;284;1015;380;73246
2022-12;Região de Saúde do Centro;ULS Castelo Branco;144;4499;33657;25363;1268;1489;86;66420
2022-12;Região de Saúde LVT;CHU Lisboa Central;661;9683;67801;58394;3498;152;105548;140189
2022-12;Região de Saúde Norte;CHU Porto;602;12469;70046;33096;2618;5569;21983;124400
2022-12;Região de Saúde Norte;CH Póvoa Varzim/Vila Conde;248;6781;30867;32605;1271;1520;668;73292
2022-12;Região de Saúde Norte;Unidade Local de Saúde do Nordeste, EPE;359;7467;53534;34332;920;7052;345;103664
2022-12;Região de Saúde do Alentejo;Hospital Espírito Santo Évora;334;11527;30698;27117;2769;226;1334;72671
2022-12;Região de Saúde do Alentejo;ULS Norte Alentejano;276;8304;34790;36189;797;3265;0;83621
2022-12;Região de Saúde do Algarve;CHU Algarve;1039;43914;150313;155589;7143;13580;2350;371578
2022-12;Região de Saúde do Centro;CHU Cova da Beira;143;4391;39035;19754;302;3282;102;66907
2022-12;Região de Saúde do Centro;CH Leiria;818;17599;84208;72784;2587;3540;0;181536
2022-12;Região de Saúde do Centro;CHU Coimbra;1320;36632;138113;86563;3200;8291;2118;274119
2022-12;Região de Saúde LVT;CH Barreiro/Montijo;355;12833;61545;64285;1432;4294;10502;144744
2022-12;Região de Saúde LVT;CHU Lisboa Norte;800;20632;75779;77731;7211;2638;22353;184791
2022-12;Região de Saúde LVT;Hospital Garcia de Orta;751;15684;49864;70923;5324;1782;2086;144328
2022-12;Região de Saúde Norte;CHU São João;1135;24560;92635;45098;5032;0;97227;168460
2022-12;Região de Saúde Norte;Centro Hospitalar do Médio Ave, EPE;343;10612;64990;49673;1392;2120;14;129130
2022-12;Região de Saúde Norte;CH Entre Douro e Vouga;669;24125;103725;92967;3879;2659;1081;228024
2022-12;Região de Saúde Norte;CH Trás-os-Montes Alto Douro;513;17093;90243;68206;1588;10739;9;188382
2022-12;Região de Saúde Norte;ULS Matosinhos;274;11075;40915;26726;1740;1630;10927;82360
2022-12;Região de Saúde Norte;Unidade Local de Saúde do Alto Minho, EPE;576;15485;76743;67799;881;2130;131;163614
2022-11;Região de Saúde do Alentejo;ULS Baixo Alentejo;279;10110;45993;34362;1299;851;2000;92894
2022-11;Região de Saúde do Centro;CHU Cova da Beira;133;3995;35871;17810;273;3013;96;61095
2022-11;Região de Saúde LVT;Hospital Garcia de Orta;683;14122;45608;66527;5066;1667;5167;133673
2022-11;Região de Saúde Norte;CHU São João;1016;22231;84899;42364;4633;0;88880;155143
2022-11;Região de Saúde Norte;CH Vila Nova Gaia/Espinho;387;16749;97222;50717;1028;6262;1001;172365
2022-11;Região de Saúde do Alentejo;ULS Litoral Alentejano;104;4217;18860;19708;267;1190;42592;44346
2022-11;Região de Saúde do Centro;Centro Hospitalar do Baixo Vouga, EPE;489;19358;80538;54003;3018;6159;504;163565
2022-11;Região de Saúde do Centro;CH Tondela-Viseu;461;14669;61478;47883;1789;5781;14839;132061
2022-11;Região de Saúde do Centro;ULS Castelo Branco;134;4034;30797;22950;1161;1347;74;60423
2022-11;Região de Saúde LVT;CHU Lisboa Norte;726;18735;69655;72379;6799;2455;20852;170749
2022-11;Região de Saúde Norte;Centro Hospitalar Tâmega e Sousa, EPE;971;24001;78588;54352;4157;13527;12714;175596
2022-11;Região de Saúde Norte;CH Trás-os-Montes Alto Douro;465;15437;82055;61524;1420;9878;9;170779
2022-11;Região de Saúde do Alentejo;ULS Norte Alentejano;254;7523;31498;32919;742;3021;0;75957
2022-11;Região de Saúde do Centro;ULS Guarda;364;7043;42893;31147;2142;2693;84;86282
2022-11;Região de Saúde LVT;Centro Hospitalar de Lisboa Ocidental, EPE;269;9899;41761;67156;3141;4159;7602;126385
2022-11;Região de Saúde LVT;Centro Hospitalar do Oeste, EPE;474;14861;63305;71719;1524;4400;1159;156283
2022-11;Região de Saúde LVT;Hospital de Cascais, PPP;349;15895;44872;79944;1046;361;0;142467
2022-11;Região de Saúde Norte;CH Entre Douro e Vouga;601;21997;94628;84392;3631;2480;924;207729
2022-11;Região de Saúde do Alentejo;Hospital Espírito Santo Évora;296;10439;28293;24985;2560;208;1275;66781
2022-11;Região de Saúde do Algarve;CHU Algarve;937;40072;138563;143605;6652;12407;2103;342236
2022-11;Região de Saúde do Centro;CH Leiria;726;16078;77438;67185;2426;3249;0;167102
2022-11;Região de Saúde do Centro;Hospital Figueira Foz;106;4348;34223;27267;262;939;370;67145
2022-11;Região de Saúde LVT;CH Barreiro/Montijo;328;11686;56451;58858;1323;3979;9133;132625
2022-11;Região de Saúde LVT;CHU Lisboa Central;596;8819;62424;53859;3151;152;96556;129001
2022-11;Região de Saúde LVT;Hospital de Vila Franca de Xira, EPE;381;12046;60223;49767;1593;1801;305;125811
2022-11;Região de Saúde Norte;Centro Hospitalar do Médio Ave, EPE;299;9526;59297;45780;1286;1909;5;118097
2022-11;Região de Saúde Norte;CHU Porto;548;11316;64411;30713;2413;5091;20560;114492
2022-11;Região de Saúde Norte;CH Póvoa Varzim/Vila Conde;220;6109;28297;30076;1197;1393;618;67292
2022-11;Região de Saúde Norte;Hospital de Braga, EPE;808;16804;83235;78884;3476;1427;1267;184634
2022-11;Região de Saúde Norte;Hospital Santa Maria Maior, EPE;111;4251;23642;31070;1506;681;2;61261
2022-11;Região de Saúde Norte;ULS Matosinhos;247;10036;37557;24811;1703;1546;10224;75900
2022-11;Região de Saúde Norte;Unidade Local de Saúde do Nordeste, EPE;323;6676;47986;31025;845;6670;310;93525
2022-11;Região de Saúde do Centro;CHU Coimbra;1192;33236;126729;79827;2939;7495;1962;251418
2022-11;Região de Saúde LVT;CH Setúbal;379;12487;55743;42099;1053;5120;10169;116881
2022-11;Região de Saúde LVT;Centro Hospitalar Médio Tejo, EPE;657;12688;62683;59451;1080;3199;511;139758
2022-11;Região de Saúde LVT;Hospital de Loures, EPE;411;15804;72056;55101;1660;508;1445;145540
2022-11;Região de Saúde LVT;Hospital Distrital de Santarém, EPE;312;13360;47042;50164;2030;643;523;113551
2022-11;Região de Saúde LVT;Hospital Fernando Fonseca;610;22064;65452;132993;4309;6584;1241;232012
2022-11;Região de Saúde Norte;Hospital da Senhora da Oliveira, Guimarães, EPE;174;9191;54377;58747;1377;9195;911;133061
2022-11;Região de Saúde Norte;Unidade Local de Saúde do Alto Minho, EPE;520;14104;70015;61699;798;1964;131;149100
2022-10;Região de Saúde do Centro;Hospital Figueira Foz;97;3953;30903;24253;243;869;330;60318
2022-10;Região de Saúde Norte;CH Póvoa Varzim/Vila Conde;192;5495;25438;27048;1074;1262;567;60509
2022-10;Região de Saúde Norte;Unidade Local de Saúde do Alto Minho, EPE;461;12912;62779;54931;721;1762;131;133566
2022-10;Região de Saúde do Algarve;CHU Algarve;849;36082;125519;130575;6107;11241;1914;310373
2022-10;Região de Saúde do Centro;CHU Cova da Beira;121;3584;32355;15454;233;2735;87;54482
2022-10;Região de Saúde do Centro;Centro Hospitalar do Baixo Vouga, EPE;452;17118;72269;48219;2741;5608;363;146407
2022-10;Região de Saúde do Centro;CHU Coimbra;1084;29904;114254;72223;2697;6727;1678;226889
2022-10;Região de Saúde do Centro;CH Tondela-Viseu;412;13119;55449;42684;1654;5319;13470;118637
2022-10;Região de Saúde do Centro;ULS Guarda;329;6344;38576;27482;1905;2483;75;77119
2022-10;Região de Saúde LVT;CH Barreiro/Montijo;292;10437;50555;52036;1193;3590;8258;118103
2022-10;Região de Saúde LVT;Centro Hospitalar do Oeste, EPE;432;13135;56604;63512;1375;4065;985;139123
2022-10;Região de Saúde LVT;Hospital de Cascais, PPP;315;13813;40540;72337;977;316;0;128298
2022-10;Região de Saúde Norte;CHU São João;928;20175;77326;38741;4276;0;78765;141446
2022-10;Região de Saúde Norte;Centro Hospitalar Tâmega e Sousa, EPE;854;20744;71388;49801;3624;11971;12011;158382
2022-10;Região de Saúde Norte;ULS Matosinhos;221;8963;34120;22757;1556;1443;9390;69060
2022-10;Região de Saúde do Alentejo;Hospital Espírito Santo Évora;262;9326;25691;22402;2342;165;1222;60188
2022-10;Região de Saúde do Centro;ULS Castelo Branco;119;3642;27484;20268;1061;1176;61;53750
2022-10;Região de Saúde LVT;Centro Hospitalar Médio Tejo, EPE;587;11226;56020;53101;995;2951;420;124880
2022-10;Região de Saúde LVT;Hospital Fernando Fonseca;556;19401;58274;119180;3983;6074;1281;207468
2022-10;Região de Saúde Norte;Hospital de Braga, EPE;742;15069;75380;71619;3362;774;1086;166946
2022-10;Região de Saúde do Alentejo;ULS Baixo Alentejo;247;9084;41213;30754;1193;759;1906;83250
2022-10;Região de Saúde do Alentejo;ULS Litoral Alentejano;94;3681;17112;17617;245;1103;37624;39852
2022-10;Região de Saúde do Alentejo;ULS Norte Alentejano;231;6800;28203;29351;677;2759;0;68021
2022-10;Região de Saúde do Centro;CH Leiria;643;14449;69835;60391;2258;2979;0;150555
2022-10;Região de Saúde LVT;CHU Lisboa Central;550;7908;55681;48631;2816;0;83719;115586
2022-10;Região de Saúde LVT;Hospital de Loures, EPE;380;14054;65072;49185;1526;456;1331;130673
2022-10;Região de Saúde Norte;CHU Porto;496;10235;58915;28121;2249;4643;18617;104659
2022-10;Região de Saúde Norte;CH Entre Douro e Vouga;544;19802;85134;74953;3381;2317;694;186131
2022-10;Região de Saúde Norte;CH Trás-os-Montes Alto Douro;421;13807;74050;54763;1283;8944;9;153268
2022-10;Região de Saúde Norte;Hospital da Senhora da Oliveira, Guimarães, EPE;161;8163;49103;52286;1239;8382;767;119334
2022-10;Região de Saúde Norte;Hospital Santa Maria Maior, EPE;98;3832;21250;27430;1351;615;2;54576
2022-10;Região de Saúde Norte;Unidade Local de Saúde do Nordeste, EPE;294;5992;42921;28246;788;6157;282;84398
2022-10;Região de Saúde LVT;Centro Hospitalar de Lisboa Ocidental, EPE;241;8849;37789;60503;2712;3794;6875;113888
2022-10;Região de Saúde LVT;CH Setúbal;343;10956;49923;38427;1012;4642;9290;105303
2022-10;Região de Saúde LVT;CHU Lisboa Norte;670;16721;63042;65943;6337;2211;19124;154924
2022-10;Região de Saúde LVT;Hospital de Vila Franca de Xira, EPE;335;10687;54387;44063;1443;1643;258;112558
2022-10;Região de Saúde LVT;Hospital Distrital de Santarém, EPE;282;11898;42311;44347;1834;568;407;101240
2022-10;Região de Saúde LVT;Hospital Garcia de Orta;623;12457;40987;59845;4661;1519;4799;120092
2022-10;Região de Saúde Norte;Centro Hospitalar do Médio Ave, EPE;266;8506;53402;41058;1201;1654;5;106087
2022-10;Região de Saúde Norte;CH Vila Nova Gaia/Espinho;356;15124;88186;45035;974;5683;870;155358
2022-09;Região de Saúde LVT;Hospital de Cascais, PPP;267;11870;35978;64176;903;268;0;113462
2022-09;Região de Saúde LVT;Hospital Garcia de Orta;553;10780;35984;52980;4259;1350;4487;105906
2022-09;Região de Saúde Norte;CH Entre Douro e Vouga;477;17624;75730;66184;3094;2144;582;165253
2022-09;Região de Saúde Norte;Hospital Santa Maria Maior, EPE;87;3443;19026;24142;1192;561;2;48451
2022-09;Região de Saúde do Alentejo;ULS Baixo Alentejo;228;8029;36197;27216;1074;679;1807;73423
2022-09;Região de Saúde do Alentejo;ULS Litoral Alentejano;86;3212;15259;15760;222;1019;33289;35558
2022-09;Região de Saúde LVT;CHU Lisboa Central;502;7197;50601;44321;0;2547;74490;105168
2022-09;Região de Saúde LVT;CH Setúbal;305;9755;44449;34213;901;4133;8271;93756
2022-09;Região de Saúde Norte;CHU São João;837;18133;68933;34931;3846;0;68601;126680
2022-09;Região de Saúde Norte;CH Póvoa Varzim/Vila Conde;181;4874;22601;23929;943;1118;515;53646
2022-09;Região de Saúde Norte;Hospital da Senhora da Oliveira, Guimarães, EPE;149;7245;43819;46124;1102;7603;602;106042
2022-09;Região de Saúde do Alentejo;Hospital Espírito Santo Évora;230;8281;22826;19952;2114;128;1181;53531
2022-09;Região de Saúde do Centro;Centro Hospitalar do Baixo Vouga, EPE;401;15061;64078;43000;2402;5086;317;130028
2022-09;Região de Saúde do Centro;CHU Coimbra;983;26637;101482;64210;2391;6089;1392;201792
2022-09;Região de Saúde do Centro;CH Tondela-Viseu;377;11678;49651;37990;1494;4789;12058;105979
2022-09;Região de Saúde LVT;Centro Hospitalar Médio Tejo, EPE;513;9909;49525;46956;915;2667;356;110485
2022-09;Região de Saúde LVT;Hospital de Loures, EPE;331;12405;58061;43133;1375;408;1226;115713
2022-09;Região de Saúde LVT;Hospital de Vila Franca de Xira, EPE;285;9365;47736;38479;1310;1474;212;98649
2022-09;Região de Saúde LVT;Hospital Fernando Fonseca;494;17009;51496;105058;3597;5543;1018;183197
2022-09;Região de Saúde Norte;Centro Hospitalar do Médio Ave, EPE;234;7630;47329;36414;1117;1467;5;94191
2022-09;Região de Saúde Norte;Centro Hospitalar Tâmega e Sousa, EPE;779;19143;63908;44250;2596;10667;10534;141343
2022-09;Região de Saúde Norte;Hospital de Braga, EPE;677;13392;67170;64530;3181;184;956;149134
2022-09;Região de Saúde Norte;ULS Matosinhos;197;7977;30339;20668;1431;1333;8496;61945
2022-09;Região de Saúde Norte;Unidade Local de Saúde do Nordeste, EPE;266;5374;38092;25603;698;5678;253;75711
2022-09;Região de Saúde do Alentejo;ULS Norte Alentejano;206;6119;25237;26034;599;2472;0;60667
2022-09;Região de Saúde do Algarve;CHU Algarve;738;31836;112123;117002;5519;10045;1628;277263
2022-09;Região de Saúde do Centro;Hospital Figueira Foz;85;3532;27589;21702;227;775;324;53910
2022-09;Região de Saúde do Centro;ULS Guarda;292;5694;34520;24534;1724;2282;63;69046
2022-09;Região de Saúde LVT;Hospital Distrital de Santarém, EPE;253;10463;37627;38849;1613;505;357;89310
2022-09;Região de Saúde Norte;CHU Porto;453;9094;52578;25431;2081;4145;16845;93782
2022-09;Região de Saúde Norte;CH Trás-os-Montes Alto Douro;391;12445;66272;49018;1160;8013;6;137299
2022-09;Região de Saúde Norte;CH Vila Nova Gaia/Espinho;316;13503;78193;39570;890;5142;759;137614
2022-09;Região de Saúde do Centro;CHU Cova da Beira;111;3227;28655;13694;202;2434;74;48323
2022-09;Região de Saúde do Centro;CH Leiria;581;12914;62051;53709;2035;2669;0;133959
2022-09;Região de Saúde do Centro;ULS Castelo Branco;112;3294;24453;18112;947;1042;55;47960
2022-09;Região de Saúde LVT;CH Barreiro/Montijo;262;9142;44769;45739;1046;3217;7391;104175
2022-09;Região de Saúde LVT;Centro Hospitalar de Lisboa Ocidental, EPE;223;7842;33458;53776;2445;3479;6174;101223
2022-09;Região de Saúde LVT;Centro Hospitalar do Oeste, EPE;379;11638;50142;55884;1220;3668;888;122931
2022-09;Região de Saúde LVT;CHU Lisboa Norte;607;14824;55823;58667;5715;1972;17224;137608
2022-09;Região de Saúde Norte;Unidade Local de Saúde do Alto Minho, EPE;406;11621;56081;48852;651;1571;131;119182
2022-08;Região de Saúde do Alentejo;Hospital Espírito Santo Évora;201;7359;20281;17968;1920;102;1156;47831
2022-08;Região de Saúde do Alentejo;ULS Baixo Alentejo;212;7144;32014;24758;953;617;1743;65698
2022-08;Região de Saúde do Alentejo;ULS Norte Alentejano;189;5506;22688;23307;542;2232;0;54464
2022-08;Região de Saúde do Centro;Centro Hospitalar do Baixo Vouga, EPE;356;13392;56835;38986;2115;4534;296;116218
2022-08;Região de Saúde LVT;Centro Hospitalar Médio Tejo, EPE;452;8886;44190;42234;809;2404;331;98975
2022-08;Região de Saúde LVT;Hospital de Cascais, PPP;241;10434;32064;57259;798;235;0;101031
2022-08;Região de Saúde LVT;Hospital de Vila Franca de Xira, EPE;236;8253;42391;34179;1138;1292;184;87489
2022-08;Região de Saúde LVT;Hospital Fernando Fonseca;427;15036;45349;93020;3194;4979;1117;162005
2022-08;Região de Saúde LVT;Hospital Garcia de Orta;502;9429;31782;47693;3800;1224;4244;94430
2022-08;Região de Saúde Norte;CH Entre Douro e Vouga;426;15580;67194;59194;2754;1982;533;147130
2022-08;Região de Saúde Norte;CH Trás-os-Montes Alto Douro;345;11154;59347;44147;1033;7071;6;123097
2022-08;Região de Saúde Norte;Hospital Santa Maria Maior, EPE;80;3067;16944;21699;1044;513;2;43347
2022-08;Região de Saúde Norte;ULS Matosinhos;180;7006;26954;18486;1226;1194;7635;55046
2022-08;Região de Saúde do Centro;CHU Coimbra;861;23529;90328;57857;2143;5373;1213;180091
2022-08;Região de Saúde LVT;CH Barreiro/Montijo;236;8115;39867;40721;925;2861;6510;92725
2022-08;Região de Saúde LVT;Hospital Distrital de Santarém, EPE;220;9238;33319;34775;1441;452;343;79445
2022-08;Região de Saúde Norte;Hospital de Braga, EPE;606;11908;59802;58107;2888;0;858;133311
2022-08;Região de Saúde do Centro;ULS Guarda;258;5148;30749;22239;1543;2112;58;62049
2022-08;Região de Saúde do Centro;ULS Castelo Branco;103;2956;21902;16322;844;919;54;43046
2022-08;Região de Saúde LVT;CHU Lisboa Central;445;6419;44435;39733;0;2285;66854;93317
2022-08;Região de Saúde LVT;Centro Hospitalar de Lisboa Ocidental, EPE;203;7033;29911;48557;2193;3136;5388;91033
2022-08;Região de Saúde LVT;CH Setúbal;276;8711;39637;31015;796;3718;7462;84153
2022-08;Região de Saúde LVT;Centro Hospitalar do Oeste, EPE;343;10412;44819;49907;1063;3271;835;109815
2022-08;Região de Saúde Norte;Centro Hospitalar do Médio Ave, EPE;206;6796;42069;32944;1006;1309;4;84330
2022-08;Região de Saúde Norte;Unidade Local de Saúde do Nordeste, EPE;248;4819;34106;23108;628;5216;235;68125
2022-08;Região de Saúde do Alentejo;ULS Litoral Alentejano;81;2869;13509;14272;188;913;29674;31832
2022-08;Região de Saúde do Centro;CHU Cova da Beira;103;2874;25554;12345;187;2132;66;43195
2022-08;Região de Saúde do Centro;CH Tondela-Viseu;341;10413;44151;34052;1342;4322;10678;94621
2022-08;Região de Saúde LVT;CHU Lisboa Norte;550;13148;49607;52695;5086;1742;15487;122828
2022-08;Região de Saúde Norte;CHU São João;722;16130;61179;31213;3349;0;61679;112593
2022-08;Região de Saúde Norte;Centro Hospitalar Tâmega e Sousa, EPE;712;16501;57955;40439;1606;9509;9553;126722
2022-08;Região de Saúde Norte;Hospital da Senhora da Oliveira, Guimarães, EPE;132;6450;39257;41164;937;6746;506;94686
2022-08;Região de Saúde do Algarve;CHU Algarve;665;28148;99709;104130;4903;8966;1441;246521
2022-08;Região de Saúde do Centro;CH Leiria;515;11419;55163;48029;1811;2383;0;119320
2022-08;Região de Saúde do Centro;Hospital Figueira Foz;77;3139;24423;19667;214;685;315;48205
2022-08;Região de Saúde LVT;Hospital de Loures, EPE;288;11599;51529;38279;1194;355;1203;103244
2022-08;Região de Saúde Norte;CHU Porto;397;8030;46413;22824;1899;3696;14884;83259
2022-08;Região de Saúde Norte;CH Póvoa Varzim/Vila Conde;158;4328;20284;21526;836;1022;455;48154
2022-08;Região de Saúde Norte;CH Vila Nova Gaia/Espinho;289;11990;69104;35513;825;4549;677;122270
2022-08;Região de Saúde Norte;Unidade Local de Saúde do Alto Minho, EPE;351;10420;49787;43657;582;1401;131;106198
2022-07;Região de Saúde do Alentejo;Hospital Espírito Santo Évora;173;6416;17763;15915;1671;76;1130;42014
2022-07;Região de Saúde do Centro;ULS Guarda;230;4410;26279;19066;1299;1918;48;53202
2022-07;Região de Saúde LVT;Hospital de Cascais, PPP;204;9246;28362;50548;677;205;0;89242
2022-07;Região de Saúde Norte;Centro Hospitalar do Médio Ave, EPE;186;6068;36776;29609;891;1121;3;74651
2022-07;Região de Saúde Norte;CH Entre Douro e Vouga;393;13462;58508;52253;2414;1776;486;128806
2022-07;Região de Saúde Norte;CH Trás-os-Montes Alto Douro;298;9516;50611;38347;881;6012;5;105665
2022-07;Região de Saúde Norte;Hospital da Senhora da Oliveira, Guimarães, EPE;116;5704;34597;36147;801;5768;409;83133
2022-07;Região de Saúde Norte;ULS Matosinhos;162;6253;23971;16479;1073;1072;5560;49010
2022-07;Região de Saúde Norte;Unidade Local de Saúde do Alto Minho, EPE;309;8990;42311;37572;518;1093;131;90793
2022-07;Região de Saúde do Centro;Hospital Figueira Foz;70;2690;20684;17150;177;585;304;41356
2022-07;Região de Saúde LVT;CHU Lisboa Norte;499;11518;43337;46772;4504;1529;13606;108159
2022-07;Região de Saúde LVT;Hospital de Loures, EPE;253;10453;45851;34118;1034;312;835;92021
2022-07;Região de Saúde Norte;CHU São João;627;14011;52787;27571;2900;0;55141;97896
2022-07;Região de Saúde Norte;CH Vila Nova Gaia/Espinho;255;10510;60318;31438;723;3934;600;107178
2022-07;Região de Saúde Norte;Hospital de Braga, EPE;530;10342;52045;51298;2520;0;714;116735
2022-07;Região de Saúde do Alentejo;ULS Norte Alentejano;165;4800;19778;20333;476;1983;0;47535
2022-07;Região de Saúde do Algarve;CHU Algarve;581;24053;84553;89105;4318;7778;1232;210388
2022-07;Região de Saúde do Centro;CH Leiria;437;9873;47583;42105;1591;2034;0;103623
2022-07;Região de Saúde LVT;CHU Lisboa Central;394;5660;38503;34737;0;1964;60059;81258
2022-07;Região de Saúde LVT;CH Setúbal;258;7732;34702;28154;699;3243;6534;74788
2022-07;Região de Saúde LVT;Centro Hospitalar do Oeste, EPE;309;9134;39191;43519;890;2858;753;95901
2022-07;Região de Saúde LVT;Hospital Distrital de Santarém, EPE;187;8193;29202;30777;1219;396;334;69974
2022-07;Região de Saúde Norte;Centro Hospitalar Tâmega e Sousa, EPE;622;15178;50793;35640;1137;8334;8397;111704
2022-07;Região de Saúde do Alentejo;ULS Litoral Alentejano;76;2497;11647;12450;175;791;25441;27636
2022-07;Região de Saúde do Centro;CHU Cova da Beira;91;2499;21984;10915;166;1827;54;37482
2022-07;Região de Saúde do Centro;CH Tondela-Viseu;294;9063;38255;30007;1148;3667;9110;82434
2022-07;Região de Saúde do Centro;ULS Castelo Branco;93;2581;18949;14340;764;797;52;37524
2022-07;Região de Saúde LVT;CH Barreiro/Montijo;215;7208;35042;36031;762;2499;5581;81757
2022-07;Região de Saúde LVT;Hospital de Vila Franca de Xira, EPE;213;7336;37361;30369;972;1117;167;77368
2022-07;Região de Saúde LVT;Hospital Garcia de Orta;446;8318;28009;42364;3394;1040;3956;83571
2022-07;Região de Saúde Norte;CH Póvoa Varzim/Vila Conde;147;3788;17811;18838;719;884;416;42187
2022-07;Região de Saúde Norte;Hospital Santa Maria Maior, EPE;70;2674;14813;19351;864;463;2;38235
2022-07;Região de Saúde do Alentejo;ULS Baixo Alentejo;185;6220;27735;22216;833;549;1666;57738
2022-07;Região de Saúde do Centro;Centro Hospitalar do Baixo Vouga, EPE;309;11769;49564;34825;1845;3928;260;102240
2022-07;Região de Saúde do Centro;CHU Coimbra;748;20555;78527;50932;1785;4545;1057;157092
2022-07;Região de Saúde LVT;Centro Hospitalar de Lisboa Ocidental, EPE;188;6330;26587;43518;1876;2778;4503;81277
2022-07;Região de Saúde LVT;Centro Hospitalar Médio Tejo, EPE;396;7810;38505;37266;702;2106;300;86785
2022-07;Região de Saúde LVT;Hospital Fernando Fonseca;377;13374;39626;81570;2711;4401;1000;142059
2022-07;Região de Saúde Norte;CHU Porto;334;7075;40496;19799;1657;3242;12738;72603
2022-07;Região de Saúde Norte;Unidade Local de Saúde do Nordeste, EPE;225;4061;29078;19904;543;4618;210;58429
2022-06;Região de Saúde do Alentejo;ULS Baixo Alentejo;167;5346;23618;19383;719;500;1600;49733
2022-06;Região de Saúde LVT;Hospital de Cascais, PPP;161;8026;24201;43004;541;173;0;76106
2022-06;Região de Saúde LVT;Hospital Distrital de Santarém, EPE;164;7087;25180;26529;1079;338;317;60377
2022-06;Região de Saúde Norte;CHU Porto;280;6052;34365;16897;1364;2743;10793;61701
2022-06;Região de Saúde Norte;CH Entre Douro e Vouga;340;11323;49609;44849;2080;1565;447;109766
2022-06;Região de Saúde Norte;Hospital da Senhora da Oliveira, Guimarães, EPE;100;4797;29664;31113;662;4847;341;71183
2022-06;Região de Saúde Norte;Hospital de Braga, EPE;442;8751;44497;44589;2185;0;623;100464
2022-06;Região de Saúde Norte;Unidade Local de Saúde do Alto Minho, EPE;268;7628;35410;31415;432;979;131;76132
2022-06;Região de Saúde do Alentejo;ULS Litoral Alentejano;69;2111;9794;10865;148;698;21488;23685
2022-06;Região de Saúde do Alentejo;ULS Norte Alentejano;140;4036;16850;17564;414;1759;0;40763
2022-06;Região de Saúde do Centro;CH Leiria;360;8351;40432;36342;1364;1704;0;88553
2022-06;Região de Saúde do Centro;CHU Coimbra;616;17478;67204;44084;1540;3810;879;134732
2022-06;Região de Saúde LVT;CHU Lisboa Central;316;4847;32578;29704;0;1739;52240;69184
2022-06;Região de Saúde LVT;Hospital Garcia de Orta;369;7064;23646;36710;2921;889;3547;71599
2022-06;Região de Saúde Norte;CH Póvoa Varzim/Vila Conde;125;3246;15176;15956;614;747;341;35864
2022-06;Região de Saúde Norte;Centro Hospitalar Tâmega e Sousa, EPE;539;12140;43419;30856;1057;7226;7793;95237
2022-06;Região de Saúde Norte;CH Trás-os-Montes Alto Douro;230;8030;42838;33146;769;5064;4;90077
2022-06;Região de Saúde Norte;ULS Matosinhos;142;5331;20302;14182;930;931;4655;41818
2022-06;Região de Saúde do Algarve;CHU Algarve;476;19987;69703;74230;3775;6644;1005;174815
2022-06;Região de Saúde do Centro;Centro Hospitalar do Baixo Vouga, EPE;269;9995;42058;30295;1602;3357;227;87576
2022-06;Região de Saúde do Centro;CH Tondela-Viseu;240;7722;32518;25834;992;3113;7677;70419
2022-06;Região de Saúde LVT;Centro Hospitalar de Lisboa Ocidental, EPE;166;5491;23020;37827;1638;2423;3759;70565
2022-06;Região de Saúde LVT;Centro Hospitalar Médio Tejo, EPE;337;6702;32890;32405;610;1845;270;74789
2022-06;Região de Saúde Norte;CH Vila Nova Gaia/Espinho;219;8973;51258;26972;648;3382;519;91452
2022-06;Região de Saúde Norte;Hospital Santa Maria Maior, EPE;55;2262;12500;16745;714;366;2;32642
2022-06;Região de Saúde do Alentejo;Hospital Espírito Santo Évora;145;5416;14888;13895;1458;64;1095;35866
2022-06;Região de Saúde do Centro;Hospital Figueira Foz;63;2276;17244;14556;149;492;273;34780
2022-06;Região de Saúde do Centro;ULS Guarda;186;3700;22298;16453;1101;1652;31;45390
2022-06;Região de Saúde LVT;CH Barreiro/Montijo;185;6236;30049;31289;664;2124;4748;70547
2022-06;Região de Saúde LVT;Centro Hospitalar do Oeste, EPE;264;7871;33605;37476;753;2483;691;82452
2022-06;Região de Saúde LVT;CHU Lisboa Norte;412;9840;37345;40249;3845;1286;11708;92977
2022-06;Região de Saúde LVT;Hospital de Loures, EPE;221;9071;39703;29255;895;263;743;79408
2022-06;Região de Saúde LVT;Hospital Fernando Fonseca;322;11482;34029;70304;2370;3710;713;122217
2022-06;Região de Saúde Norte;Centro Hospitalar do Médio Ave, EPE;158;5089;31063;25964;769;945;1;63988
2022-06;Região de Saúde do Centro;CHU Cova da Beira;82;2075;18799;9492;141;1540;45;32129
2022-06;Região de Saúde do Centro;ULS Castelo Branco;79;2172;16054;12327;658;675;42;31965
2022-06;Região de Saúde LVT;CH Setúbal;230;6726;29730;24766;597;2782;5583;64831
2022-06;Região de Saúde LVT;Hospital de Vila Franca de Xira, EPE;181;6363;32315;26570;845;965;148;67239
2022-06;Região de Saúde Norte;CHU São João;538;11997;44730;23784;2434;0;47573;83483
2022-06;Região de Saúde Norte;Unidade Local de Saúde do Nordeste, EPE;180;3411;24614;17192;449;4143;183;49989
2022-05;Região de Saúde do Alentejo;ULS Litoral Alentejano;50;1717;8150;9112;118;603;17742;19750
2022-05;Região de Saúde do Centro;Centro Hospitalar do Baixo Vouga, EPE;227;8389;34918;25795;1339;2774;198;73442
2022-05;Região de Saúde do Centro;CH Tondela-Viseu;207;6440;26929;21615;801;2559;6665;58551
2022-05;Região de Saúde do Centro;Hospital Figueira Foz;54;1888;14306;12195;126;411;254;28980
2022-05;Região de Saúde do Centro;ULS Guarda;150;3099;18358;13838;896;1403;28;37744
2022-05;Região de Saúde LVT;CH Setúbal;181;5641;24867;21005;505;2261;4703;54460
2022-05;Região de Saúde LVT;Centro Hospitalar Médio Tejo, EPE;283;5647;27235;27052;502;1586;213;62305
2022-05;Região de Saúde LVT;Hospital de Loures, EPE;191;7766;33388;24288;760;204;636;66597
2022-05;Região de Saúde LVT;Hospital Distrital de Santarém, EPE;138;5859;21046;22031;889;281;242;50244
2022-05;Região de Saúde Norte;Centro Hospitalar do Médio Ave, EPE;128;4183;25957;22022;620;785;1;53695
2022-05;Região de Saúde Norte;CH Entre Douro e Vouga;291;9419;41525;37737;1743;1418;411;92133
2022-05;Região de Saúde Norte;Hospital da Senhora da Oliveira, Guimarães, EPE;86;4001;24869;26324;560;3923;291;59763
2022-05;Região de Saúde Norte;Hospital de Braga, EPE;374;7313;37169;37806;1795;0;527;84457
2022-05;Região de Saúde Norte;Unidade Local de Saúde do Nordeste, EPE;152;2809;20383;14355;377;3565;159;41641
2022-05;Região de Saúde LVT;CH Barreiro/Montijo;158;5323;25001;25960;563;1780;3948;58785
2022-05;Região de Saúde LVT;Centro Hospitalar de Lisboa Ocidental, EPE;153;4622;19416;31791;1348;2039;3150;59369
2022-05;Região de Saúde Norte;CH Póvoa Varzim/Vila Conde;102;2721;12649;13261;502;623;285;29858
2022-05;Região de Saúde Norte;CH Trás-os-Montes Alto Douro;194;6691;35601;27725;636;4126;4;74973
2022-05;Região de Saúde Norte;Hospital Santa Maria Maior, EPE;47;1873;10217;13973;576;298;2;26984
2022-05;Região de Saúde Norte;Unidade Local de Saúde do Alto Minho, EPE;219;6303;29356;26147;352;811;117;63188
2022-05;Região de Saúde do Alentejo;ULS Norte Alentejano;114;3345;13949;14827;368;1493;0;34096
2022-05;Região de Saúde do Algarve;CHU Algarve;396;16334;56907;61117;3233;5510;805;143497
2022-05;Região de Saúde LVT;Hospital Fernando Fonseca;275;9644;28110;58542;1986;3092;743;101649
2022-05;Região de Saúde Norte;Centro Hospitalar Tâmega e Sousa, EPE;446;9498;36903;25248;989;6155;7478;79239
2022-05;Região de Saúde Norte;CH Vila Nova Gaia/Espinho;182;7431;42586;22980;579;2828;434;76586
2022-05;Região de Saúde Norte;ULS Matosinhos;115;4411;16859;11896;798;821;3827;34900
2022-05;Região de Saúde do Centro;CH Leiria;302;6960;33150;30066;1135;1423;0;73036
2022-05;Região de Saúde do Centro;CHU Coimbra;518;14653;56322;37214;1278;3165;721;113150
2022-05;Região de Saúde do Centro;ULS Castelo Branco;68;1816;13408;10346;545;557;34;26740
2022-05;Região de Saúde LVT;Centro Hospitalar do Oeste, EPE;220;6555;28045;31462;636;2126;592;69044
2022-05;Região de Saúde LVT;Hospital de Cascais, PPP;132;6708;20159;35984;465;146;0;63594
2022-05;Região de Saúde LVT;Hospital Garcia de Orta;292;5910;19606;30883;2445;762;3131;59898
2022-05;Região de Saúde Norte;CHU Porto;228;5018;28395;14099;1145;2295;8942;51180
2022-05;Região de Saúde do Alentejo;Hospital Espírito Santo Évora;126;4608;12501;11966;1256;59;273;30516
2022-05;Região de Saúde do Alentejo;ULS Baixo Alentejo;143;4502;19745;16494;594;440;1518;41918
2022-05;Região de Saúde do Centro;CHU Cova da Beira;68;1688;15589;8046;128;1261;37;26780
2022-05;Região de Saúde LVT;CHU Lisboa Central;256;4053;26792;24317;1440;0;44386;56858
2022-05;Região de Saúde LVT;CHU Lisboa Norte;327;8228;31234;33457;3178;1026;9586;77450
2022-05;Região de Saúde LVT;Hospital de Vila Franca de Xira, EPE;151;5338;27197;22397;729;784;117;56596
2022-05;Região de Saúde Norte;CHU São João;444;9974;36964;19760;2028;0;40198;69170
2022-04;Região de Saúde do Centro;CHU Cova da Beira;52;1338;12065;6190;104;981;25;20730
2022-04;Região de Saúde do Centro;CH Tondela-Viseu;159;5092;21059;16589;637;2020;5017;45556
2022-04;Região de Saúde LVT;Centro Hospitalar do Oeste, EPE;169;5095;21633;23953;498;1770;462;53118
2022-04;Região de Saúde LVT;Hospital Distrital de Santarém, EPE;108;4542;16243;16565;734;222;206;38414
2022-04;Região de Saúde LVT;Hospital Fernando Fonseca;225;7611;21778;44731;1562;2472;440;78379
2022-04;Região de Saúde Norte;CHU Porto;177;3879;21904;10903;895;1794;6991;39552
2022-04;Região de Saúde Norte;CH Entre Douro e Vouga;242;7217;31878;28452;1429;1196;296;70414
2022-04;Região de Saúde Norte;Centro Hospitalar Tâmega e Sousa, EPE;347;7389;28482;19843;818;4839;5750;61718
2022-04;Região de Saúde do Alentejo;Hospital Espírito Santo Évora;89;3583;9638;9208;975;44;199;23537
2022-04;Região de Saúde do Alentejo;ULS Norte Alentejano;85;2655;10643;11395;276;1196;0;26250
2022-04;Região de Saúde do Algarve;CHU Algarve;299;12585;43165;46326;2495;4364;537;109234
2022-04;Região de Saúde LVT;CH Setúbal;134;4409;19039;16161;416;1754;3689;41913
2022-04;Região de Saúde LVT;Hospital Garcia de Orta;248;4768;15454;24360;1902;572;2541;47304
2022-04;Região de Saúde Norte;CH Trás-os-Montes Alto Douro;173;5251;27609;21312;511;3225;3;58081
2022-04;Região de Saúde Norte;Hospital de Braga, EPE;302;5781;29217;29359;1460;0;371;66119
2022-04;Região de Saúde do Centro;Centro Hospitalar do Baixo Vouga, EPE;181;6483;26703;19314;1020;2184;147;55885
2022-04;Região de Saúde do Centro;CHU Coimbra;411;11496;43847;28793;1003;2543;589;88093
2022-04;Região de Saúde do Centro;ULS Castelo Branco;49;1414;10352;7974;399;418;29;20606
2022-04;Região de Saúde LVT;CH Barreiro/Montijo;127;4268;19345;19875;442;1442;3119;45499
2022-04;Região de Saúde LVT;CHU Lisboa Central;192;3194;20597;18899;1100;0;34553;43982
2022-04;Região de Saúde LVT;CHU Lisboa Norte;252;6441;24512;25629;2454;805;7408;60093
2022-04;Região de Saúde LVT;Centro Hospitalar Médio Tejo, EPE;224;4403;21009;20666;402;1224;156;47928
2022-04;Região de Saúde Norte;CHU São João;356;7871;28851;15094;1562;0;30678;53734
2022-04;Região de Saúde Norte;CH Vila Nova Gaia/Espinho;146;5655;32383;17819;488;2245;332;58736
2022-04;Região de Saúde Norte;ULS Matosinhos;97;3471;12964;9103;643;546;3048;26824
2022-04;Região de Saúde LVT;Hospital de Loures, EPE;151;6210;26302;18541;596;160;555;51960
2022-04;Região de Saúde Norte;CH Póvoa Varzim/Vila Conde;78;2138;9697;10004;392;496;218;22805
2022-04;Região de Saúde Norte;Hospital da Senhora da Oliveira, Guimarães, EPE;69;3122;19515;20221;430;3037;218;46394
2022-04;Região de Saúde Norte;Unidade Local de Saúde do Alto Minho, EPE;183;5012;22604;19993;264;635;89;48691
2022-04;Região de Saúde Norte;Unidade Local de Saúde do Nordeste, EPE;116;2216;15832;10973;298;2900;130;32335
2022-04;Região de Saúde do Alentejo;ULS Baixo Alentejo;114;3551;15426;12616;465;369;1264;32541
2022-04;Região de Saúde do Alentejo;ULS Litoral Alentejano;44;1316;6325;6893;107;495;13138;15180
2022-04;Região de Saúde do Centro;CH Leiria;243;5568;25866;23794;905;1141;0;57517
2022-04;Região de Saúde do Centro;Hospital Figueira Foz;38;1467;11046;9537;90;323;154;22501
2022-04;Região de Saúde do Centro;ULS Guarda;112;2475;14189;10544;717;1080;21;29117
2022-04;Região de Saúde LVT;Centro Hospitalar de Lisboa Ocidental, EPE;129;3587;15163;24578;1078;1641;2505;46176
2022-04;Região de Saúde LVT;Hospital de Cascais, PPP;92;5260;15491;27772;351;118;0;49084
2022-04;Região de Saúde LVT;Hospital de Vila Franca de Xira, EPE;123;4184;21104;17234;543;643;94;43831
2022-04;Região de Saúde Norte;Centro Hospitalar do Médio Ave, EPE;106;3213;20017;16954;503;593;0;41386
2022-04;Região de Saúde Norte;Hospital Santa Maria Maior, EPE;36;1445;7811;10596;441;235;2;20564
2022-03;Região de Saúde do Alentejo;ULS Baixo Alentejo;98;2625;11469;9184;346;306;1089;24028
2022-03;Região de Saúde do Alentejo;ULS Litoral Alentejano;32;967;4648;5066;78;364;9874;11155
2022-03;Região de Saúde do Centro;Centro Hospitalar do Baixo Vouga, EPE;133;4827;19448;13731;693;1672;107;40504
2022-03;Região de Saúde do Centro;CHU Coimbra;300;8680;32474;21342;746;1944;467;65486
2022-03;Região de Saúde do Centro;ULS Guarda;90;1832;10323;7737;525;805;13;21312
2022-03;Região de Saúde LVT;Centro Hospitalar Médio Tejo, EPE;172;3284;15346;15075;288;913;112;35078
2022-03;Região de Saúde LVT;Hospital de Cascais, PPP;64;4001;11478;19948;261;85;0;35837
2022-03;Região de Saúde LVT;Hospital Garcia de Orta;195;3708;11779;18604;1533;441;933;36260
2022-03;Região de Saúde Norte;CHU São João;284;5972;21268;11055;1094;0;22523;39673
2022-03;Região de Saúde Norte;CHU Porto;131;2861;16055;8200;629;1389;5125;29265
2022-03;Região de Saúde Norte;CH Trás-os-Montes Alto Douro;150;3901;19683;15606;361;2967;2;42668
2022-03;Região de Saúde Norte;Unidade Local de Saúde do Nordeste, EPE;84;1632;11549;8083;220;2299;107;23867
2022-03;Região de Saúde do Centro;CHU Cova da Beira;35;1003;8862;4612;87;735;21;15334
2022-03;Região de Saúde do Centro;CH Tondela-Viseu;110;3740;15391;11775;477;1491;4140;32984
2022-03;Região de Saúde do Centro;Hospital Figueira Foz;31;1100;8080;7248;64;244;37;16767
2022-03;Região de Saúde do Centro;ULS Castelo Branco;38;1022;7371;5951;294;313;22;14989
2022-03;Região de Saúde LVT;Centro Hospitalar do Oeste, EPE;142;3787;16281;17987;385;1427;287;40009
2022-03;Região de Saúde LVT;CHU Lisboa Norte;194;4854;17910;18875;1872;599;5532;44304
2022-03;Região de Saúde LVT;Hospital Fernando Fonseca;177;5749;16105;33073;1187;1890;319;58181
2022-03;Região de Saúde Norte;Unidade Local de Saúde do Alto Minho, EPE;132;3686;16407;14435;188;495;58;35343
2022-03;Região de Saúde do Alentejo;Hospital Espírito Santo Évora;62;2671;7220;6915;727;39;158;17634
2022-03;Região de Saúde LVT;CH Setúbal;108;3226;13957;11895;316;1287;2751;30789
2022-03;Região de Saúde LVT;Hospital Distrital de Santarém, EPE;83;3442;11890;11961;535;158;179;28069
2022-03;Região de Saúde Norte;Centro Hospitalar do Médio Ave, EPE;82;2434;14626;12824;394;428;0;30788
2022-03;Região de Saúde Norte;CH Entre Douro e Vouga;180;5358;23446;20518;1067;1014;249;51583
2022-03;Região de Saúde Norte;Hospital de Braga, EPE;237;4321;21707;21782;1067;0;260;49114
2022-03;Região de Saúde do Alentejo;ULS Norte Alentejano;65;1986;7852;8464;224;933;0;19524
2022-03;Região de Saúde do Algarve;CHU Algarve;221;9355;31575;33729;1826;3218;383;79924
2022-03;Região de Saúde LVT;Hospital de Loures, EPE;110;4519;19813;14079;443;112;469;39076
2022-03;Região de Saúde Norte;CH Póvoa Varzim/Vila Conde;56;1598;7091;7414;292;375;170;16826
2022-03;Região de Saúde Norte;Hospital da Senhora da Oliveira, Guimarães, EPE;55;2359;14615;15173;287;2207;158;34696
2022-03;Região de Saúde Norte;Hospital Santa Maria Maior, EPE;26;1089;5799;7831;307;175;1;15227
2022-03;Região de Saúde do Centro;CH Leiria;178;4142;19080;17707;662;855;0;42624
2022-03;Região de Saúde LVT;CH Barreiro/Montijo;91;3181;14238;14748;313;1100;2314;33671
2022-03;Região de Saúde LVT;CHU Lisboa Central;146;2359;15041;14088;803;0;25930;32437
2022-03;Região de Saúde LVT;Centro Hospitalar de Lisboa Ocidental, EPE;99;2738;11332;18301;817;1309;1891;34596
2022-03;Região de Saúde LVT;Hospital de Vila Franca de Xira, EPE;99;3153;15746;12575;387;473;74;32433
2022-03;Região de Saúde Norte;Centro Hospitalar Tâmega e Sousa, EPE;257;5488;21326;14593;513;3598;4350;45775
2022-03;Região de Saúde Norte;CH Vila Nova Gaia/Espinho;107;4310;23758;12997;378;1690;236;43240
2022-03;Região de Saúde Norte;ULS Matosinhos;66;2682;9577;6788;498;390;2282;20001
2022-02;Região de Saúde do Alentejo;ULS Norte Alentejano;40;1261;4801;4966;151;663;0;11882
2022-02;Região de Saúde do Centro;CHU Cova da Beira;26;621;5471;2507;54;485;15;9164
2022-02;Região de Saúde do Centro;CH Leiria;114;2609;11646;9781;447;586;0;25183
2022-02;Região de Saúde do Centro;CHU Coimbra;206;5470;19808;12022;466;1399;289;39371
2022-02;Região de Saúde LVT;CHU Lisboa Central;93;1493;9535;8852;504;0;15010;20477
2022-02;Região de Saúde LVT;Centro Hospitalar de Lisboa Ocidental, EPE;64;1705;7000;10725;503;885;1184;20882
2022-02;Região de Saúde LVT;CH Setúbal;74;2011;8452;7018;199;797;1797;18551
2022-02;Região de Saúde LVT;Centro Hospitalar do Oeste, EPE;95;2383;9599;9929;246;943;160;23195
2022-02;Região de Saúde LVT;CHU Lisboa Norte;132;3085;10937;11298;1167;385;3505;27004
2022-02;Região de Saúde LVT;Centro Hospitalar Médio Tejo, EPE;109;2040;9243;8613;192;625;43;20822
2022-02;Região de Saúde LVT;Hospital de Cascais, PPP;35;2469;6853;11512;182;47;0;21098
2022-02;Região de Saúde LVT;Hospital Garcia de Orta;120;2360;7400;10887;1006;287;530;22060
2022-02;Região de Saúde Norte;CH Póvoa Varzim/Vila Conde;36;1072;4370;4729;181;258;107;10646
2022-02;Região de Saúde Norte;Hospital Santa Maria Maior, EPE;18;697;3621;4706;183;118;1;9343
2022-02;Região de Saúde do Alentejo;Hospital Espírito Santo Évora;38;1647;4518;3907;484;29;250;10623
2022-02;Região de Saúde do Algarve;CHU Algarve;138;6075;19624;20543;1175;2131;245;49686
2022-02;Região de Saúde do Centro;Centro Hospitalar do Baixo Vouga, EPE;81;3083;11782;8135;404;1122;54;24607
2022-02;Região de Saúde do Centro;CH Tondela-Viseu;72;2447;9629;6733;293;963;2455;20137
2022-02;Região de Saúde LVT;Hospital Distrital de Santarém, EPE;56;2186;7508;6945;336;103;68;17134
2022-02;Região de Saúde LVT;Hospital Fernando Fonseca;131;3642;10043;20204;757;1268;221;36045
2022-02;Região de Saúde Norte;Centro Hospitalar do Médio Ave, EPE;48;1522;8800;7961;278;289;0;18898
2022-02;Região de Saúde Norte;CH Trás-os-Montes Alto Douro;133;2873;11423;8237;256;2812;2;25734
2022-02;Região de Saúde Norte;Unidade Local de Saúde do Alto Minho, EPE;85;2342;9943;8757;132;321;30;21580
2022-02;Região de Saúde Norte;Unidade Local de Saúde do Nordeste, EPE;50;1024;7072;4863;130;1673;73;14812
2022-02;Região de Saúde do Alentejo;ULS Litoral Alentejano;18;600;2984;3132;53;265;5969;7052
2022-02;Região de Saúde do Centro;ULS Guarda;62;1158;6225;4359;300;569;9;12673
2022-02;Região de Saúde LVT;Hospital de Vila Franca de Xira, EPE;69;1949;9414;7237;214;275;39;19158
2022-02;Região de Saúde Norte;CH Vila Nova Gaia/Espinho;72;2862;14820;7612;254;1101;134;26721
2022-02;Região de Saúde Norte;Hospital da Senhora da Oliveira, Guimarães, EPE;36;1442;8930;9006;169;1420;75;21003
2022-02;Região de Saúde Norte;Hospital de Braga, EPE;155;2786;13532;13121;686;0;128;30280
2022-02;Região de Saúde do Alentejo;ULS Baixo Alentejo;65;1690;7126;5497;213;237;885;14828
2022-02;Região de Saúde do Centro;Hospital Figueira Foz;24;681;4921;4116;35;147;18;9924
2022-02;Região de Saúde LVT;CH Barreiro/Montijo;62;1999;8417;8856;205;653;1444;20192
2022-02;Região de Saúde Norte;CHU São João;179;4020;13413;6903;648;0;13184;25163
2022-02;Região de Saúde Norte;CHU Porto;86;1880;10151;5016;406;936;3286;18475
2022-02;Região de Saúde Norte;CH Entre Douro e Vouga;103;3465;14542;12224;664;752;115;31750
2022-02;Região de Saúde Norte;Centro Hospitalar Tâmega e Sousa, EPE;162;3458;13434;9190;324;2261;2729;28829
2022-02;Região de Saúde Norte;ULS Matosinhos;42;1692;6074;4337;273;270;1455;12688
2022-02;Região de Saúde do Centro;ULS Castelo Branco;30;638;4395;3501;201;205;11;8970
2022-02;Região de Saúde LVT;Hospital de Loures, EPE;54;2122;9231;5968;205;36;6611;17616
2022-01;Região de Saúde do Alentejo;ULS Baixo Alentejo;33;838;3582;2941;105;151;684;7650
2022-01;Região de Saúde do Centro;CHU Cova da Beira;19;279;2749;1245;27;211;6;4530
2022-01;Região de Saúde LVT;CHU Lisboa Central;46;762;4877;4847;236;0;6853;10768
2022-01;Região de Saúde LVT;Centro Hospitalar Médio Tejo, EPE;56;1002;4433;4390;111;346;27;10338
2022-01;Região de Saúde LVT;Hospital de Cascais, PPP;21;1198;3242;5607;88;28;0;10184
2022-01;Região de Saúde Norte;CH Entre Douro e Vouga;50;1752;7607;6269;325;448;54;16451
2022-01;Região de Saúde Norte;ULS Matosinhos;22;848;3146;2316;129;111;737;6572
2022-01;Região de Saúde do Algarve;CHU Algarve;60;2914;9627;10425;576;1120;115;24722
2022-01;Região de Saúde do Centro;Hospital Figueira Foz;15;341;2455;2037;22;78;11;4948
2022-01;Região de Saúde LVT;CH Setúbal;38;966;3997;3675;107;386;942;9169
2022-01;Região de Saúde Norte;Centro Hospitalar do Médio Ave, EPE;31;802;4393;4351;156;172;0;9905
2022-01;Região de Saúde Norte;CH Póvoa Varzim/Vila Conde;21;545;2223;2585;90;172;63;5636
2022-01;Região de Saúde Norte;Hospital da Senhora da Oliveira, Guimarães, EPE;22;733;4680;4505;75;756;47;10771
2022-01;Região de Saúde Norte;Unidade Local de Saúde do Alto Minho, EPE;34;1202;4873;4737;75;180;18;11101
2022-01;Região de Saúde Norte;Unidade Local de Saúde do Nordeste, EPE;22;513;3559;2572;72;1074;56;7812
2022-01;Região de Saúde do Centro;Centro Hospitalar do Baixo Vouga, EPE;45;1576;5959;4345;228;618;31;12771
2022-01;Região de Saúde do Centro;CHU Coimbra;111;2835;9759;5579;241;740;143;19265
2022-01;Região de Saúde LVT;CH Barreiro/Montijo;29;969;4046;4403;103;353;726;9903
2022-01;Região de Saúde LVT;Hospital Distrital de Santarém, EPE;25;1033;3571;3406;176;56;48;8267
2022-01;Região de Saúde LVT;Hospital Garcia de Orta;58;1085;3525;5388;495;171;257;10722
2022-01;Região de Saúde Norte;CHU São João;90;2082;6625;3572;328;0;6495;12697
2022-01;Região de Saúde Norte;Hospital de Braga, EPE;86;1369;6700;6754;375;0;63;15284
2022-01;Região de Saúde do Alentejo;ULS Norte Alentejano;18;667;2414;2473;78;363;0;6013
2022-01;Região de Saúde do Centro;ULS Castelo Branco;17;300;2129;1797;87;112;7;4442
2022-01;Região de Saúde LVT;Centro Hospitalar do Oeste, EPE;52;1159;4594;4776;124;514;112;11219
2022-01;Região de Saúde LVT;CHU Lisboa Norte;66;1592;5351;5594;571;179;1950;13353
2022-01;Região de Saúde LVT;Hospital de Loures, EPE;42;1460;6125;3982;144;22;241;11775
2022-01;Região de Saúde Norte;CHU Porto;39;935;5212;2623;193;516;1690;9518
2022-01;Região de Saúde Norte;CH Trás-os-Montes Alto Douro;45;1294;6151;4861;139;875;1;13365
2022-01;Região de Saúde Norte;Hospital Santa Maria Maior, EPE;9;372;1769;2490;92;56;1;4788
2022-01;Região de Saúde do Alentejo;Hospital Espírito Santo Évora;23;878;2319;1965;244;13;53;5442
2022-01;Região de Saúde do Alentejo;ULS Litoral Alentejano;10;300;1502;1625;30;153;3122;3620
2022-01;Região de Saúde do Centro;CH Leiria;66;1344;5623;5047;233;327;0;12640
2022-01;Região de Saúde do Centro;CH Tondela-Viseu;41;1246;4769;3352;149;484;1222;10041
2022-01;Região de Saúde do Centro;ULS Guarda;31;613;3091;2347;145;353;6;6580
2022-01;Região de Saúde LVT;Centro Hospitalar de Lisboa Ocidental, EPE;25;864;3549;5379;267;487;615;10571
2022-01;Região de Saúde LVT;Hospital de Vila Franca de Xira, EPE;33;973;4543;3686;102;151;28;9488
2022-01;Região de Saúde LVT;Hospital Fernando Fonseca;49;1822;4981;10197;365;737;158;18151
2022-01;Região de Saúde Norte;Centro Hospitalar Tâmega e Sousa, EPE;86;1823;7082;4843;172;1188;1426;15194
2022-01;Região de Saúde Norte;CH Vila Nova Gaia/Espinho;43;1478;7392;4124;161;580;83;13778
2021-12;Região de Saúde do Alentejo;ULS Norte Alentejano;276;6501;27986;30746;1100;3052;0;69661
2021-12;Região de Saúde do Algarve;CHU Algarve;749;37012;113513;124823;7895;13876;1507;297868
2021-12;Região de Saúde do Centro;CHU Cova da Beira;120;3679;32685;14970;499;2651;57;54604
2021-12;Região de Saúde do Centro;CH Leiria;682;15182;68478;61388;2981;3282;0;151993
2021-12;Região de Saúde do Centro;CH Tondela-Viseu;538;14589;58831;39616;2196;6046;14303;121816
2021-12;Região de Saúde LVT;CH Barreiro/Montijo;270;10793;47383;48099;1663;3657;9454;111865
2021-12;Região de Saúde LVT;Hospital de Cascais, PPP;327;13925;39362;68369;1406;566;0;123955
2021-12;Região de Saúde LVT;Hospital de Loures;432;15481;68840;49254;2438;485;381;136930
2021-12;Região de Saúde LVT;Hospital Distrital de Santarém, EPE;307;12662;46092;37259;1847;952;287;99119
2021-12;Região de Saúde Norte;CHU São João;992;20685;83154;46974;4855;24;78020;156684
2021-12;Região de Saúde Norte;Centro Hospitalar do Médio Ave, EPE;259;9239;53470;42776;1693;1511;17;108948
2021-12;Região de Saúde Norte;CH Póvoa Varzim/Vila Conde;190;5938;27575;24110;1051;1251;373;60115
2021-12;Região de Saúde Norte;CH Vila Nova Gaia/Espinho;395;15037;88809;50101;1979;5897;1132;162218
2021-12;Região de Saúde Norte;Unidade Local de Saúde do Nordeste, EPE;310;6379;42187;28360;1078;8438;349;86752
2021-12;Região de Saúde LVT;Centro Hospitalar de Lisboa Ocidental, EPE;223;7860;32229;33186;3497;1914;43157;78909
2021-12;Região de Saúde LVT;CH Setúbal;314;10560;44395;42695;1893;4198;10369;104055
2021-12;Região de Saúde Norte;CH Entre Douro e Vouga;614;20303;86538;62091;4175;2742;2782;176463
2021-12;Região de Saúde Norte;Hospital da Senhora da Oliveira, Guimarães, EPE;179;8624;49656;50183;1180;8610;556;118432
2021-12;Região de Saúde Norte;Hospital de Braga, EPE;870;16704;79643;83072;4635;0;806;184924
2021-12;Região de Saúde Norte;ULS Matosinhos;302;10439;36232;24656;1949;1759;9365;75337
2021-12;Região de Saúde do Centro;ULS Guarda;302;6978;38385;27940;1891;3113;91;78609
2021-12;Região de Saúde LVT;Hospital Garcia de Orta;683;12899;40981;60967;6842;2020;2491;124392
2021-12;Região de Saúde Norte;Centro Hospitalar Tâmega e Sousa, EPE;934;21538;75801;52992;1855;13069;15824;166189
2021-12;Região de Saúde Norte;Unidade Local de Saúde do Alto Minho, EPE;505;13322;58730;53320;932;1862;188;128671
2021-12;Região de Saúde do Alentejo;Hospital Espírito Santo Évora;288;9617;26491;21833;2472;926;539;61627
2021-12;Região de Saúde do Alentejo;ULS Baixo Alentejo;271;9241;40685;27520;1400;1027;3997;80144
2021-12;Região de Saúde do Centro;ULS Castelo Branco;139;3341;26236;21038;1280;1156;90;53190
2021-12;Região de Saúde LVT;Centro Hospitalar do Oeste, EPE;513;13997;59182;56254;1718;5509;737;137173
2021-12;Região de Saúde LVT;CHU Lisboa Norte;814;17496;64432;67077;6726;2568;19486;159113
2021-12;Região de Saúde LVT;Centro Hospitalar Médio Tejo, EPE;588;12049;52666;49960;1075;4481;394;120819
2021-12;Região de Saúde Norte;CH Trás-os-Montes Alto Douro;448;15319;75484;50314;1573;10231;28;153369
2021-12;Região de Saúde do Alentejo;ULS Litoral Alentejano;108;3580;17011;17603;282;1218;34656;39802
2021-12;Região de Saúde do Centro;Centro Hospitalar do Baixo Vouga, EPE;468;18349;74019;46495;2944;6040;250;148315
2021-12;Região de Saúde do Centro;CHU Coimbra;1098;29277;113673;72384;3443;8165;6962;228040
2021-12;Região de Saúde do Centro;Hospital Figueira Foz;128;4369;30631;24197;346;1093;1107;60764
2021-12;Região de Saúde LVT;CHU Lisboa Central;577;8650;54599;50725;3509;143;85546;118203
2021-12;Região de Saúde LVT;Hospital de Vila Franca de Xira, EPE;350;11753;52931;45759;2390;1847;42;115030
2021-12;Região de Saúde LVT;Hospital Fernando Fonseca;569;20597;58464;118253;5037;7267;1407;210187
2021-12;Região de Saúde Norte;CHU Porto;602;11558;63797;28281;2452;4473;20036;111163
2021-12;Região de Saúde Norte;Hospital Santa Maria Maior, EPE;96;4109;20798;27308;1134;595;66;54040
2021-11;Região de Saúde do Alentejo;Hospital Espírito Santo Évora;259;8636;24120;19748;2203;914;497;55880
2021-11;Região de Saúde do Alentejo;ULS Norte Alentejano;248;5872;25609;28083;1006;2638;0;63456
2021-11;Região de Saúde LVT;Centro Hospitalar do Oeste, EPE;458;12791;54211;50426;1593;4878;668;124357
2021-11;Região de Saúde LVT;Hospital de Cascais, PPP;296;12562;35848;61327;1322;536;0;111891
2021-11;Região de Saúde LVT;Hospital de Vila Franca de Xira, EPE;321;10643;48318;41303;2256;1666;21;104507
2021-11;Região de Saúde do Alentejo;ULS Litoral Alentejano;98;3250;15444;15981;256;1105;31475;36134
2021-11;Região de Saúde do Algarve;CHU Algarve;678;33912;104255;114271;7409;12857;1223;273382
2021-11;Região de Saúde do Centro;CH Leiria;628;13846;62696;55369;2777;2877;0;138193
2021-11;Região de Saúde do Centro;CH Tondela-Viseu;485;13302;54097;36271;2047;5550;13059;111752
2021-11;Região de Saúde LVT;CH Barreiro/Montijo;249;9776;42887;43519;1559;3285;8738;101275
2021-11;Região de Saúde LVT;CHU Lisboa Norte;744;15786;58738;60464;6090;2339;17466;144161
2021-11;Região de Saúde Norte;CHU São João;911;18816;76287;42897;4532;24;70513;143467
2021-11;Região de Saúde Norte;CH Póvoa Varzim/Vila Conde;169;5424;25367;21655;968;1109;315;54692
2021-11;Região de Saúde Norte;Centro Hospitalar Tâmega e Sousa, EPE;851;19606;68995;48235;1688;11899;14414;151274
2021-11;Região de Saúde Norte;CH Trás-os-Montes Alto Douro;406;14012;69004;45384;1410;9223;28;139439
2021-11;Região de Saúde Norte;Hospital da Senhora da Oliveira, Guimarães, EPE;159;7813;44984;45349;1077;7808;475;107190
2021-11;Região de Saúde Norte;Hospital de Braga, EPE;794;15203;72688;75539;4279;0;716;168503
2021-11;Região de Saúde do Centro;Centro Hospitalar do Baixo Vouga, EPE;421;16635;67752;42019;2715;5457;222;134999
2021-11;Região de Saúde do Centro;Hospital Figueira Foz;117;3982;28139;21889;329;1012;1085;55468
2021-11;Região de Saúde LVT;CH Setúbal;286;9554;40458;38553;1747;3609;9501;94207
2021-11;Região de Saúde Norte;Centro Hospitalar do Médio Ave, EPE;238;8463;48715;38473;1551;1340;17;98780
2021-11;Região de Saúde Norte;CHU Porto;523;10027;55672;24637;2155;3745;22990;96759
2021-11;Região de Saúde Norte;CH Vila Nova Gaia/Espinho;345;13605;81323;45369;1840;5280;1002;147762
2021-11;Região de Saúde Norte;Hospital Santa Maria Maior, EPE;81;3722;18956;24726;1024;525;51;49034
2021-11;Região de Saúde Norte;Unidade Local de Saúde do Nordeste, EPE;267;5788;38431;25572;1005;7473;329;78536
2021-11;Região de Saúde do Alentejo;ULS Baixo Alentejo;245;8407;37073;24822;1269;950;3452;72766
2021-11;Região de Saúde do Centro;CHU Cova da Beira;110;3332;30070;13638;461;2407;49;50018
2021-11;Região de Saúde do Centro;ULS Guarda;271;6334;35187;25021;1733;2744;86;71290
2021-11;Região de Saúde LVT;CHU Lisboa Central;527;7943;49584;45511;3188;0;76751;106753
2021-11;Região de Saúde LVT;Centro Hospitalar de Lisboa Ocidental, EPE;201;7068;28980;29841;3144;1721;38807;70955
2021-11;Região de Saúde LVT;Centro Hospitalar Médio Tejo, EPE;531;10862;47812;45122;972;4045;356;109344
2021-11;Região de Saúde LVT;Hospital de Loures;369;13816;62509;44199;2256;440;345;123589
2021-11;Região de Saúde LVT;Hospital Distrital de Santarém, EPE;273;11540;42258;33547;1690;895;266;90203
2021-11;Região de Saúde LVT;Hospital Fernando Fonseca;505;18653;53059;106721;4722;6493;1284;190153
2021-11;Região de Saúde Norte;ULS Matosinhos;275;9484;33035;22389;1800;1616;8543;68599
2021-11;Região de Saúde do Centro;CHU Coimbra;972;26383;103591;66002;3189;7594;6770;207731
2021-11;Região de Saúde do Centro;ULS Castelo Branco;126;3039;23897;18957;1189;1049;85;48257
2021-11;Região de Saúde LVT;Hospital Garcia de Orta;627;11983;37831;55567;6328;1747;2252;114083
2021-11;Região de Saúde Norte;CH Entre Douro e Vouga;558;18529;78963;55642;3804;2238;2553;159734
2021-11;Região de Saúde Norte;Unidade Local de Saúde do Alto Minho, EPE;457;12054;53476;48301;857;1670;174;116815
2021-10;Região de Saúde do Alentejo;Hospital Espírito Santo Évora;226;7721;21535;17438;1956;902;425;49778
2021-10;Região de Saúde do Alentejo;ULS Baixo Alentejo;217;7557;33361;21710;1150;864;3069;64859
2021-10;Região de Saúde do Alentejo;ULS Litoral Alentejano;208;4559;21821;31604;1248;1239;45;60679
2021-10;Região de Saúde LVT;CH Setúbal;260;8521;36198;34276;1612;3155;8740;84022
2021-10;Região de Saúde LVT;Centro Hospitalar do Oeste, EPE;417;11507;48881;44127;1421;4365;589;110718
2021-10;Região de Saúde LVT;Hospital Fernando Fonseca;459;16711;47929;95116;4326;5811;1171;170352
2021-10;Região de Saúde Norte;CHU Porto;501;9519;52645;23355;2042;3558;16425;91620
2021-10;Região de Saúde Norte;Centro Hospitalar Tâmega e Sousa, EPE;762;17555;61822;43186;1533;10640;12931;135498
2021-10;Região de Saúde Norte;ULS Matosinhos;255;8671;29810;20123;1605;1446;7851;61910
2021-10;Região de Saúde Norte;Unidade Local de Saúde do Nordeste, EPE;237;5194;34304;22599;900;6668;289;69902
2021-10;Região de Saúde do Centro;CHU Cova da Beira;91;2949;27009;11944;423;2142;44;44558
2021-10;Região de Saúde do Centro;CHU Coimbra;865;23561;92316;58232;2880;7057;6440;184911
2021-10;Região de Saúde do Centro;CH Tondela-Viseu;445;11938;48843;32221;1890;5003;11850;100340
2021-10;Região de Saúde LVT;CHU Lisboa Norte;685;13972;52627;53713;5455;2099;15801;128551
2021-10;Região de Saúde LVT;Hospital Garcia de Orta;565;10624;33796;48826;5801;1584;1984;101196
2021-10;Região de Saúde Norte;CH Trás-os-Montes Alto Douro;371;12556;62107;39995;1283;8277;27;124589
2021-10;Região de Saúde Norte;CH Vila Nova Gaia/Espinho;307;12226;73125;40151;1698;4684;884;132191
2021-10;Região de Saúde Norte;Hospital de Braga, EPE;727;13675;65216;67691;3863;0;629;151172
2021-10;Região de Saúde do Centro;CH Leiria;576;12524;56437;49731;2541;2557;0;124366
2021-10;Região de Saúde do Centro;Centro Hospitalar do Baixo Vouga, EPE;372;14898;60909;36994;2410;4918;200;120501
2021-10;Região de Saúde do Centro;Hospital Figueira Foz;104;3585;25267;19319;302;914;1059;49491
2021-10;Região de Saúde LVT;Centro Hospitalar de Lisboa Ocidental, EPE;178;6259;27411;26425;2784;1524;32616;64581
2021-10;Região de Saúde LVT;Centro Hospitalar Médio Tejo, EPE;478;9696;42655;40075;879;3700;318;97483
2021-10;Região de Saúde LVT;Hospital de Cascais, PPP;259;11160;31995;54143;1226;496;0;99279
2021-10;Região de Saúde LVT;Hospital de Loures;328;12154;56289;39324;2107;390;315;110592
2021-10;Região de Saúde LVT;Hospital de Vila Franca de Xira, EPE;277;9477;43070;36518;2089;1525;3;92956
2021-10;Região de Saúde do Centro;ULS Castelo Branco;108;2704;21266;16851;1079;900;80;42908
2021-10;Região de Saúde Norte;CHU São João;825;16963;68808;38892;4124;23;61574;129635
2021-10;Região de Saúde Norte;Hospital da Senhora da Oliveira, Guimarães, EPE;144;7046;40257;40183;968;6961;421;95559
2021-10;Região de Saúde do Alentejo;ULS Norte Alentejano;224;5191;22904;25085;906;2339;0;56649
2021-10;Região de Saúde do Algarve;CHU Algarve;615;30441;94147;102376;6772;11759;1022;246110
2021-10;Região de Saúde do Centro;ULS Guarda;240;5685;31697;21986;1559;2427;76;63594
2021-10;Região de Saúde LVT;CH Barreiro/Montijo;219;8703;38293;38524;1458;2947;7954;90144
2021-10;Região de Saúde LVT;CHU Lisboa Central;489;7141;44395;41014;2873;0;67041;95912
2021-10;Região de Saúde LVT;Hospital Distrital de Santarém, EPE;247;10310;38056;29385;1505;818;242;80321
2021-10;Região de Saúde Norte;Centro Hospitalar do Médio Ave, EPE;214;7612;43634;33995;1408;1200;15;88063
2021-10;Região de Saúde Norte;CH Entre Douro e Vouga;502;16665;70554;48723;3460;1974;2478;141878
2021-10;Região de Saúde Norte;CH Póvoa Varzim/Vila Conde;144;4891;22916;18985;824;973;266;48733
2021-10;Região de Saúde Norte;Hospital Santa Maria Maior, EPE;74;3317;16924;21831;941;467;42;43554
2021-10;Região de Saúde Norte;Unidade Local de Saúde do Alto Minho, EPE;413;10848;47837;43007;773;1543;147;104421
2021-09;Região de Saúde do Alentejo;Hospital Espírito Santo Évora;205;6752;18871;14686;1649;891;371;43054
2021-09;Região de Saúde do Centro;ULS Castelo Branco;95;2356;18636;14700;971;799;74;37557
2021-09;Região de Saúde LVT;Centro Hospitalar Médio Tejo, EPE;424;8401;37250;34520;770;3352;269;84717
2021-09;Região de Saúde LVT;Hospital de Cascais, PPP;236;9772;28159;46597;1113;466;0;86343
2021-09;Região de Saúde LVT;Hospital Distrital de Santarém, EPE;221;9033;33276;24742;1301;737;214;69310
2021-09;Região de Saúde Norte;CHU Porto;435;8417;46567;20583;1782;3100;14714;80884
2021-09;Região de Saúde Norte;CH Entre Douro e Vouga;441;14704;61954;41216;3076;1735;2418;123126
2021-09;Região de Saúde Norte;ULS Matosinhos;219;7792;26372;17867;1451;1307;7026;55008
2021-09;Região de Saúde do Centro;CH Leiria;522;11099;49684;43720;2280;2251;0;109556
2021-09;Região de Saúde do Centro;Hospital Figueira Foz;95;3156;22137;16805;277;815;539;43285
2021-09;Região de Saúde LVT;CH Barreiro/Montijo;198;7563;33271;33215;1323;2590;7162;78160
2021-09;Região de Saúde LVT;Centro Hospitalar de Lisboa Ocidental, EPE;155;5443;23840;22983;2422;1325;28367;56168
2021-09;Região de Saúde LVT;CH Setúbal;245;7421;31757;30026;1464;2742;7834;73655
2021-09;Região de Saúde Norte;CH Póvoa Varzim/Vila Conde;127;4279;20150;16274;709;872;226;42411
2021-09;Região de Saúde Norte;Hospital Santa Maria Maior, EPE;66;2970;14915;18856;828;417;4;38052
2021-09;Região de Saúde do Algarve;CHU Algarve;567;26607;82679;89149;6113;10612;877;215727
2021-09;Região de Saúde do Centro;Centro Hospitalar do Baixo Vouga, EPE;323;13047;53338;31956;2048;4401;164;105113
2021-09;Região de Saúde do Centro;CHU Coimbra;782;20812;80385;50368;2494;6313;6144;161154
2021-09;Região de Saúde do Centro;ULS Guarda;208;5025;28152;19148;1391;2119;67;56043
2021-09;Região de Saúde Norte;Hospital da Senhora da Oliveira, Guimarães, EPE;126;6205;35408;34727;833;6182;362;83481
2021-09;Região de Saúde Norte;Hospital de Braga, EPE;661;12073;57297;59360;3469;0;526;132860
2021-09;Região de Saúde do Alentejo;ULS Baixo Alentejo;194;6712;29104;18423;1028;737;2734;56198
2021-09;Região de Saúde LVT;CHU Lisboa Norte;625;12033;45566;46493;4845;1889;13993;111451
2021-09;Região de Saúde Norte;CHU São João;744;15051;60806;34865;3660;19;51821;115145
2021-09;Região de Saúde Norte;Centro Hospitalar Tâmega e Sousa, EPE;666;15341;54010;37747;1325;9296;11229;118385
2021-09;Região de Saúde Norte;CH Trás-os-Montes Alto Douro;340;11014;54803;34551;1121;7437;26;109266
2021-09;Região de Saúde Norte;Unidade Local de Saúde do Nordeste, EPE;210;4588;30005;19839;815;5975;263;61432
2021-09;Região de Saúde do Alentejo;ULS Litoral Alentejano;183;4017;19224;27819;1098;1092;39;53433
2021-09;Região de Saúde do Alentejo;ULS Norte Alentejano;202;4591;20266;21693;802;2076;0;49630
2021-09;Região de Saúde do Centro;CHU Cova da Beira;78;2624;23774;10200;351;1951;40;38978
2021-09;Região de Saúde do Centro;CH Tondela-Viseu;409;10433;42865;27702;1697;4404;10845;87510
2021-09;Região de Saúde LVT;CHU Lisboa Central;430;6325;38980;35882;2457;0;56893;84074
2021-09;Região de Saúde LVT;Centro Hospitalar do Oeste, EPE;369;10169;42595;37385;1265;3896;525;95679
2021-09;Região de Saúde LVT;Hospital de Loures;301;10496;49467;33946;1935;348;271;96493
2021-09;Região de Saúde LVT;Hospital de Vila Franca de Xira, EPE;246;8315;37767;31416;1849;1366;2;80959
2021-09;Região de Saúde LVT;Hospital Fernando Fonseca;400;14799;42453;82577;3849;5203;959;149281
2021-09;Região de Saúde LVT;Hospital Garcia de Orta;497;9198;29672;41640;5144;1425;1697;87576
2021-09;Região de Saúde Norte;Centro Hospitalar do Médio Ave, EPE;193;6693;38280;29263;1288;1076;14;76793
2021-09;Região de Saúde Norte;CH Vila Nova Gaia/Espinho;272;10791;64527;34419;1517;4141;771;115667
2021-09;Região de Saúde Norte;Unidade Local de Saúde do Alto Minho, EPE;371;9558;41689;37703;718;1371;134;91410
2021-08;Região de Saúde do Alentejo;ULS Baixo Alentejo;181;5905;25455;15983;905;645;2438;49074
2021-08;Região de Saúde do Alentejo;ULS Norte Alentejano;178;4065;17722;18815;700;1800;0;43280
2021-08;Região de Saúde LVT;CHU Lisboa Central;382;5572;33853;31240;2091;0;49441;73138
2021-08;Região de Saúde LVT;Centro Hospitalar do Oeste, EPE;331;8976;37019;31734;1094;3450;442;82604
2021-08;Região de Saúde LVT;Hospital de Loures;268;9003;43126;29847;1728;307;234;84279
2021-08;Região de Saúde LVT;Hospital Distrital de Santarém, EPE;201;7871;29024;21257;1137;666;190;60156
2021-08;Região de Saúde LVT;Hospital Garcia de Orta;430;8053;25905;35836;4506;1291;1466;76021
2021-08;Região de Saúde Norte;CH Vila Nova Gaia/Espinho;228;9532;56415;29635;1346;3643;679;100799
2021-08;Região de Saúde Norte;Hospital Santa Maria Maior, EPE;61;2632;12958;16388;739;369;4;33147
2021-08;Região de Saúde do Centro;CHU Cova da Beira;69;2302;20846;8917;317;1734;33;34185
2021-08;Região de Saúde do Centro;Hospital Figueira Foz;83;2852;19583;14920;242;731;42;38411
2021-08;Região de Saúde do Centro;ULS Guarda;192;4478;24737;16948;1240;1843;63;49438
2021-08;Região de Saúde LVT;Centro Hospitalar de Lisboa Ocidental, EPE;134;4735;20738;19992;2106;1153;24676;48858
2021-08;Região de Saúde Norte;Centro Hospitalar Tâmega e Sousa, EPE;583;13419;47242;33018;1159;8127;9813;103548
2021-08;Região de Saúde Norte;Hospital de Braga, EPE;598;10664;50103;52008;3091;0;431;116464
2021-08;Região de Saúde do Alentejo;Hospital Espírito Santo Évora;180;5901;16395;12682;1346;880;333;37384
2021-08;Região de Saúde do Centro;CH Leiria;469;9875;43455;38170;2003;1958;0;95930
2021-08;Região de Saúde do Centro;CH Tondela-Viseu;368;9241;37800;24097;1482;3918;9326;76906
2021-08;Região de Saúde do Centro;ULS Castelo Branco;82;2058;16244;12885;861;693;68;32823
2021-08;Região de Saúde LVT;CH Barreiro/Montijo;181;6616;28889;28727;1181;2262;6373;67856
2021-08;Região de Saúde LVT;CH Setúbal;215;6369;27675;26496;1319;2333;6888;64407
2021-08;Região de Saúde LVT;Hospital de Cascais, PPP;219;8612;24536;39899;969;441;0;74676
2021-08;Região de Saúde Norte;CH Entre Douro e Vouga;402;12989;54344;35405;2687;1530;1424;107357
2021-08;Região de Saúde Norte;CH Trás-os-Montes Alto Douro;302;9691;47888;29882;962;6555;26;95280
2021-08;Região de Saúde Norte;Hospital da Senhora da Oliveira, Guimarães, EPE;116;5456;30814;30247;728;5421;303;72782
2021-08;Região de Saúde do Centro;Centro Hospitalar do Baixo Vouga, EPE;290;11362;46414;27598;1789;3844;140;91297
2021-08;Região de Saúde LVT;CHU Lisboa Norte;537;10451;39344;40071;4153;1698;12234;96254
2021-08;Região de Saúde LVT;Hospital de Vila Franca de Xira, EPE;216;7196;32958;26897;1593;1185;2;70045
2021-08;Região de Saúde LVT;Hospital Fernando Fonseca;344;13002;37024;71384;3396;4637;899;129787
2021-08;Região de Saúde Norte;CHU Porto;386;7430;40622;18003;1547;2695;13018;70683
2021-08;Região de Saúde Norte;ULS Matosinhos;195;6808;23039;15608;1265;1152;6130;48067
2021-08;Região de Saúde Norte;Unidade Local de Saúde do Nordeste, EPE;188;4014;26096;17404;713;5399;239;53814
2021-08;Região de Saúde do Alentejo;ULS Litoral Alentejano;165;3533;16880;24309;967;948;31;46802
2021-08;Região de Saúde do Algarve;CHU Algarve;493;23089;71606;77028;5380;9481;778;187077
2021-08;Região de Saúde do Centro;CHU Coimbra;678;18290;69629;43774;2135;5542;5960;140048
2021-08;Região de Saúde LVT;Centro Hospitalar Médio Tejo, EPE;397;7331;32360;29832;683;2968;235;73571
2021-08;Região de Saúde Norte;CHU São João;654;13350;53027;30664;3214;17;44547;100926
2021-08;Região de Saúde Norte;Centro Hospitalar do Médio Ave, EPE;173;5920;33558;25273;1128;929;5;66981
2021-08;Região de Saúde Norte;CH Póvoa Varzim/Vila Conde;112;3721;17513;14174;630;752;200;36902
2021-08;Região de Saúde Norte;Unidade Local de Saúde do Alto Minho, EPE;327;8380;36166;32811;644;1215;107;79543
2021-07;Região de Saúde do Centro;CH Leiria;403;8367;36658;32198;1680;1663;0;80969
2021-07;Região de Saúde do Centro;CHU Coimbra;590;15634;58987;37251;1829;4791;5238;119082
2021-07;Região de Saúde do Centro;ULS Guarda;157;3829;20521;14412;1085;1500;48;41504
2021-07;Região de Saúde LVT;Centro Hospitalar de Lisboa Ocidental, EPE;116;4090;17915;17270;1820;996;21317;42207
2021-07;Região de Saúde LVT;Hospital Distrital de Santarém, EPE;179;6773;24694;17701;955;607;159;50909
2021-07;Região de Saúde Norte;CHU São João;593;11564;45081;26007;2755;16;38307;86016
2021-07;Região de Saúde Norte;Centro Hospitalar Tâmega e Sousa, EPE;497;11440;40267;28145;986;6934;8388;88269
2021-07;Região de Saúde Norte;CH Trás-os-Montes Alto Douro;255;8180;39961;24959;835;5465;23;79655
2021-07;Região de Saúde Norte;Hospital de Braga, EPE;506;9089;42355;44203;2697;0;361;98850
2021-07;Região de Saúde do Alentejo;ULS Baixo Alentejo;151;5045;21549;13448;779;554;2079;41526
2021-07;Região de Saúde do Alentejo;ULS Litoral Alentejano;152;3026;14005;20086;838;813;24;38920
2021-07;Região de Saúde do Centro;ULS Castelo Branco;67;1758;13642;10865;736;594;64;27662
2021-07;Região de Saúde LVT;Centro Hospitalar do Oeste, EPE;288;7634;30956;26160;902;3003;358;68943
2021-07;Região de Saúde LVT;Centro Hospitalar Médio Tejo, EPE;342;6195;27228;25213;569;2544;191;62091
2021-07;Região de Saúde LVT;Hospital de Vila Franca de Xira, EPE;189;6114;28249;22915;1368;1000;2;59835
2021-07;Região de Saúde LVT;Hospital Garcia de Orta;360;7006;22402;30228;3758;1123;1204;64877
2021-07;Região de Saúde Norte;CH Entre Douro e Vouga;346;11030;46217;29532;2241;1301;1384;90667
2021-07;Região de Saúde Norte;CH Póvoa Varzim/Vila Conde;98;3136;14831;11981;544;642;164;31232
2021-07;Região de Saúde Norte;Hospital da Senhora da Oliveira, Guimarães, EPE;99;4683;26278;25834;626;4624;262;62144
2021-07;Região de Saúde Norte;Unidade Local de Saúde do Alto Minho, EPE;282;7077;29883;26968;526;1028;77;65764
2021-07;Região de Saúde do Alentejo;ULS Norte Alentejano;155;3443;15182;15906;591;1525;0;36802
2021-07;Região de Saúde do Algarve;CHU Algarve;413;19251;57947;62614;4727;8254;670;153206
2021-07;Região de Saúde do Centro;Centro Hospitalar do Baixo Vouga, EPE;251;9670;39571;23326;1496;3244;115;77558
2021-07;Região de Saúde LVT;CH Barreiro/Montijo;155;5700;24586;24674;1016;1966;5589;58097
2021-07;Região de Saúde LVT;CHU Lisboa Norte;473;8978;33309;34343;3418;1486;10483;82007
2021-07;Região de Saúde LVT;Hospital de Loures;238;7702;37231;26047;1521;266;222;73005
2021-07;Região de Saúde Norte;Centro Hospitalar do Médio Ave, EPE;151;5159;28612;21787;981;805;5;57495
2021-07;Região de Saúde Norte;CH Vila Nova Gaia/Espinho;205;8159;47846;25427;1165;3151;596;85953
2021-07;Região de Saúde do Alentejo;Hospital Espírito Santo Évora;157;5078;13852;10624;1089;859;290;31659
2021-07;Região de Saúde do Centro;CH Tondela-Viseu;318;7925;31940;20138;1302;3363;7904;64986
2021-07;Região de Saúde do Centro;Hospital Figueira Foz;70;2458;16250;12480;204;644;35;32106
2021-07;Região de Saúde LVT;CHU Lisboa Central;332;4853;28869;26679;1806;0;43040;62539
2021-07;Região de Saúde Norte;ULS Matosinhos;172;5939;19779;13137;1079;947;5137;41053
2021-07;Região de Saúde Norte;Unidade Local de Saúde do Nordeste, EPE;165;3381;21582;14449;600;4565;214;44742
2021-07;Região de Saúde do Centro;CHU Cova da Beira;57;1943;17417;7585;282;1497;29;28781
2021-07;Região de Saúde LVT;CH Setúbal;194;5458;23689;22900;1127;1998;6003;55366
2021-07;Região de Saúde LVT;Hospital de Cascais, PPP;199;7494;21331;33754;822;408;0;64008
2021-07;Região de Saúde LVT;Hospital Fernando Fonseca;295;11267;31707;61042;2966;4015;853;111292
2021-07;Região de Saúde Norte;CHU Porto;322;6434;34792;15020;1285;2259;10973;60112
2021-07;Região de Saúde Norte;Hospital Santa Maria Maior, EPE;51;2233;10918;13923;587;311;3;28023
2021-06;Região de Saúde do Centro;CHU Coimbra;501;13066;47955;30289;1492;4020;5109;97323
2021-06;Região de Saúde LVT;Hospital de Loures;200;6303;30644;21625;1321;209;188;60302
2021-06;Região de Saúde Norte;CHU São João;493;9740;37118;21199;2290;14;31006;70854
2021-06;Região de Saúde Norte;Centro Hospitalar Tâmega e Sousa, EPE;405;9324;32815;23010;813;5655;6770;72022
2021-06;Região de Saúde Norte;CH Trás-os-Montes Alto Douro;215;6836;32619;20287;671;4481;18;65109
2021-06;Região de Saúde Norte;CH Vila Nova Gaia/Espinho;179;6705;38953;20953;994;2681;497;70465
2021-06;Região de Saúde Norte;Unidade Local de Saúde do Alto Minho, EPE;235;5890;24395;21603;420;847;70;53390
2021-06;Região de Saúde do Alentejo;ULS Norte Alentejano;137;2948;12544;12942;498;1221;0;30290
2021-06;Região de Saúde do Centro;CHU Cova da Beira;51;1658;14333;6105;244;1265;23;23656
2021-06;Região de Saúde do Centro;ULS Guarda;127;3240;16713;11748;903;1228;42;33959
2021-06;Região de Saúde LVT;CHU Lisboa Central;281;4148;23895;21697;1514;0;35017;51535
2021-06;Região de Saúde LVT;CH Setúbal;166;4562;19384;18553;972;1623;5016;45260
2021-06;Região de Saúde LVT;Centro Hospitalar do Oeste, EPE;250;6411;25242;20769;738;2516;291;55926
2021-06;Região de Saúde LVT;CHU Lisboa Norte;395;7359;27275;27790;2828;1247;8792;66894
2021-06;Região de Saúde LVT;Hospital Distrital de Santarém, EPE;160;5673;20277;14264;811;551;137;41736
2021-06;Região de Saúde do Centro;Centro Hospitalar do Baixo Vouga, EPE;205;7997;32405;18652;1221;2680;92;63160
2021-06;Região de Saúde do Centro;CH Tondela-Viseu;274;6732;26453;16044;1115;2803;6648;53421
2021-06;Região de Saúde do Centro;Hospital Figueira Foz;59;2023;13073;9944;165;525;26;25789
2021-06;Região de Saúde LVT;CH Barreiro/Montijo;138;4773;20145;19968;866;1654;4792;47544
2021-06;Região de Saúde LVT;Centro Hospitalar de Lisboa Ocidental, EPE;96;3374;14779;14248;1501;822;17587;34820
2021-06;Região de Saúde Norte;Centro Hospitalar do Médio Ave, EPE;125;4324;23458;17708;781;687;5;47083
2021-06;Região de Saúde Norte;CH Entre Douro e Vouga;292;9260;37561;23247;1817;1077;1338;73254
2021-06;Região de Saúde Norte;CH Póvoa Varzim/Vila Conde;84;2640;12039;9564;444;536;107;25307
2021-06;Região de Saúde Norte;ULS Matosinhos;146;5031;16292;10289;867;765;4228;33390
2021-06;Região de Saúde LVT;Centro Hospitalar Médio Tejo, EPE;303;5097;22416;20465;500;2112;142;50893
2021-06;Região de Saúde LVT;Hospital de Vila Franca de Xira, EPE;165;5070;23584;18351;1145;803;2;49118
2021-06;Região de Saúde Norte;Hospital da Senhora da Oliveira, Guimarães, EPE;86;3875;21417;20762;524;3909;193;50573
2021-06;Região de Saúde Norte;Hospital de Braga, EPE;425;7517;34580;36612;2379;0;287;81513
2021-06;Região de Saúde do Alentejo;Hospital Espírito Santo Évora;136;4236;11406;8402;821;839;262;25840
2021-06;Região de Saúde do Alentejo;ULS Baixo Alentejo;133;4226;17699;10824;654;456;1739;33992
2021-06;Região de Saúde do Alentejo;ULS Litoral Alentejano;130;2471;11439;16202;713;671;19;31626
2021-06;Região de Saúde do Algarve;CHU Algarve;349;15721;46496;49134;3945;6917;564;122562
2021-06;Região de Saúde do Centro;CH Leiria;357;6966;29881;25657;1389;1344;0;65594
2021-06;Região de Saúde do Centro;ULS Castelo Branco;60;1479;11051;8767;613;481;55;22451
2021-06;Região de Saúde LVT;Hospital de Cascais, PPP;177;6107;17789;27128;678;377;0;52256
2021-06;Região de Saúde LVT;Hospital Fernando Fonseca;258;9459;26555;50295;2517;3354;425;92438
2021-06;Região de Saúde LVT;Hospital Garcia de Orta;295;5897;18860;24367;3061;968;902;53448
2021-06;Região de Saúde Norte;CHU Porto;268;5409;28895;12162;1089;1773;8955;49596
2021-06;Região de Saúde Norte;Hospital Santa Maria Maior, EPE;41;1846;8942;11162;450;248;3;22689
2021-06;Região de Saúde Norte;Unidade Local de Saúde do Nordeste, EPE;134;2867;17669;11608;520;3763;186;36561
2021-05;Região de Saúde do Alentejo;ULS Norte Alentejano;116;2435;10029;9980;384;967;0;23911
2021-05;Região de Saúde do Centro;CHU Cova da Beira;44;1367;11457;4841;200;1016;17;18925
2021-05;Região de Saúde do Centro;CH Tondela-Viseu;230;5428;20709;12104;882;2235;5759;41588
2021-05;Região de Saúde do Centro;ULS Guarda;111;2677;13049;9224;681;1006;38;26748
2021-05;Região de Saúde LVT;CHU Lisboa Central;228;3511;19200;16945;1150;0;26352;41034
2021-05;Região de Saúde LVT;Centro Hospitalar de Lisboa Ocidental, EPE;75;2641;11567;11151;1175;643;13763;27252
2021-05;Região de Saúde LVT;Centro Hospitalar Médio Tejo, EPE;253;4095;17735;15706;403;1750;108;39942
2021-05;Região de Saúde Norte;Unidade Local de Saúde do Alto Minho, EPE;204;4748;19249;16750;323;682;54;41956
2021-05;Região de Saúde do Alentejo;ULS Litoral Alentejano;109;1987;9106;12663;592;550;12;25007
2021-05;Região de Saúde do Centro;CH Leiria;303;5600;23442;19836;1098;1072;0;51351
2021-05;Região de Saúde do Centro;Centro Hospitalar do Baixo Vouga, EPE;165;6395;25192;14300;949;2106;62;49107
2021-05;Região de Saúde LVT;Hospital de Cascais, PPP;148;4727;14069;20474;540;268;0;40226
2021-05;Região de Saúde Norte;Centro Hospitalar do Médio Ave, EPE;108;3558;18716;13361;600;583;3;36926
2021-05;Região de Saúde do Centro;CHU Coimbra;413;10493;37360;23213;1145;3288;5013;75912
2021-05;Região de Saúde do Centro;Hospital Figueira Foz;44;1665;10349;7622;132;427;23;20239
2021-05;Região de Saúde LVT;CH Barreiro/Montijo;123;3938;15888;15150;686;1291;4088;37076
2021-05;Região de Saúde Norte;CH Póvoa Varzim/Vila Conde;72;2134;9501;7246;333;458;83;19744
2021-05;Região de Saúde Norte;CH Vila Nova Gaia/Espinho;153;5458;30622;16089;824;2201;418;55347
2021-05;Região de Saúde Norte;Hospital da Senhora da Oliveira, Guimarães, EPE;73;3159;16787;15761;424;3224;138;39428
2021-05;Região de Saúde Norte;Unidade Local de Saúde do Nordeste, EPE;113;2339;13950;9079;407;3119;151;29007
2021-05;Região de Saúde do Alentejo;Hospital Espírito Santo Évora;103;3484;9042;6219;556;828;223;20232
2021-05;Região de Saúde do Alentejo;ULS Baixo Alentejo;108;3475;14129;8331;523;391;1526;26957
2021-05;Região de Saúde do Centro;ULS Castelo Branco;53;1194;8770;6769;459;397;46;17642
2021-05;Região de Saúde LVT;CHU Lisboa Norte;319;5879;21357;21196;2217;962;7146;51930
2021-05;Região de Saúde LVT;Hospital de Loures;171;5043;24046;16405;1082;171;154;46918
2021-05;Região de Saúde LVT;Hospital Vila Franca Xira;133;4031;18634;13655;914;640;1;38007
2021-05;Região de Saúde LVT;Hospital Distrital de Santarém, EPE;138;4602;16001;10724;649;487;117;32601
2021-05;Região de Saúde LVT;Hospital Fernando Fonseca;214;7608;21231;39012;1973;2699;376;72737
2021-05;Região de Saúde LVT;Hospital Garcia de Orta;247;4848;15185;18187;2451;793;668;41711
2021-05;Região de Saúde Norte;CHU São João;405;8027;29528;16828;1825;13;23109;56626
2021-05;Região de Saúde Norte;CH Entre Douro e Vouga;245;7502;29800;17183;1395;892;1211;57017
2021-05;Região de Saúde Norte;CH Trás-os-Montes Alto Douro;179;5602;25844;15892;514;3613;16;51644
2021-05;Região de Saúde Norte;Hospital Santa Maria Maior, EPE;33;1512;7178;8567;335;203;0;17828
2021-05;Região de Saúde do Algarve;CHU Algarve;288;12613;36212;37130;3281;5543;458;95067
2021-05;Região de Saúde LVT;CH Setúbal;139;3724;15329;14091;825;1279;4125;35387
2021-05;Região de Saúde LVT;Centro Hospitalar do Oeste, EPE;212;5182;19923;15037;564;1975;222;42893
2021-05;Região de Saúde Norte;CHU Porto;222;4545;23110;9339;858;1428;7267;39502
2021-05;Região de Saúde Norte;Centro Hospitalar Tâmega e Sousa, EPE;319;7339;25833;18058;633;4450;5383;56632
2021-05;Região de Saúde Norte;Hospital de Braga, EPE;354;6144;27430;28797;1893;0;233;64618
2021-05;Região de Saúde Norte;ULS Matosinhos;125;4082;13009;8094;678;578;3413;26566
2021-04;Região de Saúde do Alentejo;ULS Litoral Alentejano;90;1548;6864;9427;470;434;5;18833
2021-04;Região de Saúde do Centro;ULS Castelo Branco;45;914;6490;5033;340;307;42;13129
2021-04;Região de Saúde LVT;CH Barreiro/Montijo;103;3075;11699;10492;489;977;3388;26835
2021-04;Região de Saúde LVT;Hospital de Cascais, PPP;124;3456;10047;14015;425;203;0;28270
2021-04;Região de Saúde LVT;Hospital Fernando Fonseca;164;5838;15740;27910;1417;2102;324;53171
2021-04;Região de Saúde Norte;CHU Porto;177;3557;17379;6870;582;1102;5538;29667
2021-04;Região de Saúde Norte;CH Vila Nova Gaia/Espinho;125;4202;22335;11908;621;1761;320;40952
2021-04;Região de Saúde Norte;Hospital da Senhora da Oliveira, Guimarães, EPE;66;2502;12479;11311;305;2521;103;29184
2021-04;Região de Saúde Norte;Unidade Local de Saúde do Alto Minho, EPE;162;3717;14237;12423;257;539;42;31335
2021-04;Região de Saúde do Alentejo;Hospital Espírito Santo Évora;79;2728;6602;4292;338;817;186;14856
2021-04;Região de Saúde do Centro;CH Tondela-Viseu;179;4280;15612;8902;686;1716;4137;31375
2021-04;Região de Saúde do Centro;Hospital Figueira Foz;40;1294;7632;5618;98;338;20;15020
2021-04;Região de Saúde LVT;CHU Lisboa Central;164;2790;14385;12378;829;0;18421;30546
2021-04;Região de Saúde LVT;Centro Hospitalar do Oeste, EPE;184;3980;14497;10173;416;1521;168;30771
2021-04;Região de Saúde LVT;CHU Lisboa Norte;246;4430;15462;14846;1626;707;5612;37317
2021-04;Região de Saúde LVT;Centro Hospitalar Médio Tejo, EPE;193;3184;13043;11198;292;1416;72;29326
2021-04;Região de Saúde LVT;Hospital Distrital de Santarém, EPE;102;3497;11683;7494;442;356;69;23574
2021-04;Região de Saúde LVT;Hospital Garcia de Orta;186;3767;11526;12662;1783;603;493;30527
2021-04;Região de Saúde Norte;CH Entre Douro e Vouga;202;5841;22231;12056;960;691;1174;41981
2021-04;Região de Saúde do Algarve;CHU Algarve;235;9564;26723;26618;2452;4317;390;69909
2021-04;Região de Saúde do Centro;Centro Hospitalar do Baixo Vouga, EPE;118;4894;18482;10117;701;1617;37;35929
2021-04;Região de Saúde do Centro;CHU Coimbra;327;8172;27768;16885;862;2663;3464;56677
2021-04;Região de Saúde do Centro;ULS Guarda;94;2115;9655;7039;517;821;30;20241
2021-04;Região de Saúde Norte;Centro Hospitalar do Médio Ave, EPE;85;2773;13955;9612;442;456;3;27323
2021-04;Região de Saúde Norte;CH Trás-os-Montes Alto Douro;144;4316;19426;11574;355;2803;13;38618
2021-04;Região de Saúde Norte;ULS Matosinhos;97;3126;9817;5933;503;464;2601;19940
2021-04;Região de Saúde LVT;CH Setúbal;106;2872;11217;10033;622;968;3243;25818
2021-04;Região de Saúde LVT;Hospital de Loures;131;3902;17725;11177;725;127;113;33787
2021-04;Região de Saúde Norte;CHU São João;313;6254;22054;12553;1371;12;15940;42557
2021-04;Região de Saúde Norte;CH Póvoa Varzim/Vila Conde;63;1651;7305;5263;226;347;65;14855
2021-04;Região de Saúde Norte;Hospital de Braga, EPE;266;4718;20537;21168;1432;0;172;48121
2021-04;Região de Saúde Norte;Hospital Santa Maria Maior, EPE;30;1205;5447;6206;242;156;0;13286
2021-04;Região de Saúde Norte;Unidade Local de Saúde do Nordeste, EPE;91;1821;10351;6761;312;2458;123;21794
2021-04;Região de Saúde do Alentejo;ULS Baixo Alentejo;89;2682;10451;5899;405;311;1349;19837
2021-04;Região de Saúde do Alentejo;ULS Norte Alentejano;95;1907;7402;7069;288;726;0;17487
2021-04;Região de Saúde do Centro;CHU Cova da Beira;35;1109;8488;3500;163;772;15;14067
2021-04;Região de Saúde do Centro;CH Leiria;240;4266;17197;14299;832;798;0;37632
2021-04;Região de Saúde LVT;Centro Hospitalar de Lisboa Ocidental, EPE;68;2093;8655;8319;890;535;9536;20560
2021-04;Região de Saúde LVT;Hospital Vila Franca Xira;98;3061;13690;9469;673;485;0;27476
2021-04;Região de Saúde Norte;Centro Hospitalar Tâmega e Sousa, EPE;236;5443;19170;13394;471;3293;3970;42007
2021-03;Região de Saúde do Alentejo;ULS Baixo Alentejo;72;2012;7315;4170;265;233;1181;14067
2021-03;Região de Saúde do Alentejo;ULS Norte Alentejano;80;1469;5154;4712;178;503;0;12096
2021-03;Região de Saúde do Algarve;CHU Algarve;182;7054;18775;18433;1695;3145;277;49284
2021-03;Região de Saúde do Centro;CH Leiria;194;3130;11802;9776;583;576;0;26061
2021-03;Região de Saúde do Centro;Centro Hospitalar do Baixo Vouga, EPE;92;3575;12648;7083;457;1132;28;24987
2021-03;Região de Saúde do Centro;Hospital Figueira Foz;36;971;5284;3942;74;251;17;10558
2021-03;Região de Saúde LVT;Centro Hospitalar do Oeste, EPE;144;2939;9879;6662;271;1110;127;21005
2021-03;Região de Saúde LVT;CHU Lisboa Norte;170;3324;10638;9894;1049;511;4123;25586
2021-03;Região de Saúde LVT;Hospital de Cascais, PPP;92;2455;6942;9092;281;130;0;18992
2021-03;Região de Saúde LVT;Hospital Vila Franca Xira;76;2295;9452;6384;446;370;0;19023
2021-03;Região de Saúde LVT;Hospital Fernando Fonseca;122;4326;11248;19022;1022;1521;296;37261
2021-03;Região de Saúde Norte;Centro Hospitalar do Médio Ave, EPE;64;2114;10018;6498;295;378;0;19367
2021-03;Região de Saúde Norte;CH Entre Douro e Vouga;150;4344;15830;7963;666;556;956;29509
2021-03;Região de Saúde Norte;Centro Hospitalar Tâmega e Sousa, EPE;166;3796;13379;9342;329;2293;2753;29305
2021-03;Região de Saúde do Alentejo;ULS Litoral Alentejano;73;1192;4791;6646;353;320;2;13375
2021-03;Região de Saúde do Centro;CHU Cova da Beira;27;827;5961;2428;123;558;8;9924
2021-03;Região de Saúde do Centro;CHU Coimbra;240;5967;18908;11334;596;1972;3340;39017
2021-03;Região de Saúde LVT;CH Barreiro/Montijo;76;2258;8074;6948;334;698;2787;18388
2021-03;Região de Saúde LVT;Hospital Garcia de Orta;149;2857;8309;8323;1205;443;350;21286
2021-03;Região de Saúde Norte;CH Trás-os-Montes Alto Douro;109;3284;13911;8093;235;2061;12;27693
2021-03;Região de Saúde Norte;CH Vila Nova Gaia/Espinho;103;3127;15469;8248;439;1311;236;28697
2021-03;Região de Saúde Norte;Hospital da Senhora da Oliveira, Guimarães, EPE;54;1849;8810;7554;186;1869;69;20322
2021-03;Região de Saúde Norte;Hospital Santa Maria Maior, EPE;26;871;3869;4330;165;128;0;9389
2021-03;Região de Saúde Norte;Unidade Local de Saúde do Nordeste, EPE;75;1347;7274;4846;240;1732;92;15514
2021-03;Região de Saúde do Centro;CH Tondela-Viseu;134;3181;11124;6098;456;1223;2946;22216
2021-03;Região de Saúde LVT;CHU Lisboa Central;125;2101;10332;8779;608;0;12284;21945
2021-03;Região de Saúde LVT;Centro Hospitalar de Lisboa Ocidental, EPE;52;1626;6096;6107;602;408;6258;14891
2021-03;Região de Saúde Norte;Hospital de Braga, EPE;189;3389;14399;14617;973;0;128;33567
2021-03;Região de Saúde Norte;ULS Matosinhos;69;2230;7039;4153;326;335;1868;14152
2021-03;Região de Saúde do Alentejo;Hospital Espírito Santo Évora;57;2036;4563;2889;188;716;158;10449
2021-03;Região de Saúde do Centro;ULS Castelo Branco;31;636;4598;3486;223;234;36;9208
2021-03;Região de Saúde LVT;CH Setúbal;87;2150;7915;6914;423;682;2340;18171
2021-03;Região de Saúde Norte;CHU São João;231;4635;15632;8952;892;9;10421;30351
2021-03;Região de Saúde Norte;CHU Porto;129;2707;12379;4623;376;765;4117;20979
2021-03;Região de Saúde Norte;CH Póvoa Varzim/Vila Conde;51;1212;5174;3751;153;259;43;10600
2021-03;Região de Saúde do Centro;ULS Guarda;69;1609;6826;5156;359;605;22;14624
2021-03;Região de Saúde LVT;Centro Hospitalar Médio Tejo, EPE;158;2372;8976;7795;219;1124;61;20644
2021-03;Região de Saúde LVT;Hospital de Loures;109;2880;12236;7324;477;92;89;23118
2021-03;Região de Saúde LVT;Hospital Distrital de Santarém, EPE;80;2551;8215;4851;291;242;56;16230
2021-03;Região de Saúde Norte;Unidade Local de Saúde do Alto Minho, EPE;135;2799;9927;8622;181;404;33;22068
2021-02;Região de Saúde do Alentejo;ULS Norte Alentejano;63;999;3165;2965;106;328;0;7626
2021-02;Região de Saúde do Algarve;CHU Algarve;127;4620;11749;11927;972;2020;237;31415
2021-02;Região de Saúde do Centro;ULS Castelo Branco;25;426;2828;2177;120;159;30;5735
2021-02;Região de Saúde LVT;CH Barreiro/Montijo;48;1514;5051;4212;188;407;2199;11420
2021-02;Região de Saúde LVT;Centro Hospitalar Médio Tejo, EPE;118;1581;5530;4988;125;864;45;13206
2021-02;Região de Saúde LVT;Hospital Distrital de Santarém, EPE;61;1688;5017;3096;171;153;43;10186
2021-02;Região de Saúde Norte;ULS Matosinhos;49;1423;4389;2596;162;228;1128;8847
2021-02;Região de Saúde do Centro;CH Leiria;138;2085;7149;6166;320;365;0;16223
2021-02;Região de Saúde LVT;Centro Hospitalar de Lisboa Ocidental, EPE;49;1155;3911;4131;352;264;3970;9862
2021-02;Região de Saúde LVT;CH Setúbal;64;1454;4861;4756;245;428;1560;11808
2021-02;Região de Saúde LVT;Hospital Garcia de Orta;105;1951;5308;5144;672;270;241;13450
2021-02;Região de Saúde Norte;CHU São João;159;3008;9493;5710;456;8;6610;18834
2021-02;Região de Saúde Norte;CH Póvoa Varzim/Vila Conde;35;824;3244;2550;87;185;27;6925
2021-02;Região de Saúde Norte;Hospital da Senhora da Oliveira, Guimarães, EPE;39;1213;5520;4698;101;1143;42;12714
2021-02;Região de Saúde Norte;Hospital Santa Maria Maior, EPE;15;602;2508;2813;91;83;0;6112
2021-02;Região de Saúde do Alentejo;ULS Baixo Alentejo;52;1349;4472;2733;168;169;1007;8943
2021-02;Região de Saúde do Centro;Centro Hospitalar do Baixo Vouga, EPE;73;2428;7713;4663;242;695;17;15814
2021-02;Região de Saúde do Centro;CHU Coimbra;150;3778;10748;6960;329;1231;3265;23196
2021-02;Região de Saúde do Centro;CH Tondela-Viseu;94;2192;6938;3931;269;750;1826;14174
2021-02;Região de Saúde LVT;Centro Hospitalar do Oeste, EPE;105;1962;5728;4138;163;671;105;12767
2021-02;Região de Saúde LVT;Hospital Vila Franca Xira;52;1562;5772;4321;233;240;0;12180
2021-02;Região de Saúde Norte;CHU Porto;96;1861;7739;2656;200;485;2644;13037
2021-02;Região de Saúde Norte;CH Entre Douro e Vouga;100;2850;9738;4868;371;366;931;18293
2021-02;Região de Saúde Norte;Unidade Local de Saúde do Alto Minho, EPE;94;1873;6240;5541;112;278;28;14138
2021-02;Região de Saúde do Alentejo;ULS Litoral Alentejano;60;809;2979;4230;225;221;2;8524
2021-02;Região de Saúde do Centro;CHU Cova da Beira;21;579;3692;1614;83;335;5;6324
2021-02;Região de Saúde LVT;CHU Lisboa Norte;120;2262;6494;6117;551;327;2889;15871
2021-02;Região de Saúde LVT;Hospital de Cascais, PPP;56;1647;4348;5434;166;80;0;11731
2021-02;Região de Saúde LVT;Hospital de Loures;85;1938;7486;4510;244;59;62;14322
2021-02;Região de Saúde LVT;Hospital Fernando Fonseca;84;2938;7084;11926;609;973;206;23614
2021-02;Região de Saúde Norte;CH Vila Nova Gaia/Espinho;71;2047;9696;5148;235;835;170;18032
2021-02;Região de Saúde Norte;Hospital de Braga, EPE;119;2211;9011;9142;648;0;80;21131
2021-02;Região de Saúde Norte;Unidade Local de Saúde do Nordeste, EPE;59;907;4546;3187;123;1152;75;9974
2021-02;Região de Saúde do Alentejo;Hospital Espírito Santo Évora;41;1425;2753;1763;104;432;94;6518
2021-02;Região de Saúde do Centro;Hospital Figueira Foz;27;693;3231;2466;53;154;17;6624
2021-02;Região de Saúde do Centro;ULS Guarda;50;1119;4252;3620;242;380;9;9663
2021-02;Região de Saúde LVT;CHU Lisboa Central;87;1414;6435;5731;388;0;8030;14055
2021-02;Região de Saúde Norte;Centro Hospitalar do Médio Ave, EPE;46;1405;6425;4056;193;274;0;12399
2021-02;Região de Saúde Norte;Centro Hospitalar Tâmega e Sousa, EPE;104;2378;8387;5854;207;1432;1712;18362
2021-02;Região de Saúde Norte;CH Trás-os-Montes Alto Douro;82;2202;8678;5383;137;1355;12;17837
2021-01;Região de Saúde LVT;Centro Hospitalar de Lisboa Ocidental, EPE;26;712;2291;2544;212;158;2357;5943
2021-01;Região de Saúde LVT;Centro Hospitalar do Oeste, EPE;65;1135;3062;2403;82;358;88;7105
2021-01;Região de Saúde LVT;Hospital de Cascais, PPP;41;972;2303;3272;84;49;0;6721
2021-01;Região de Saúde LVT;Hospital Vila Franca Xira;40;892;3147;2732;119;132;0;7062
2021-01;Região de Saúde LVT;Hospital Fernando Fonseca;55;1677;3847;6616;294;512;186;13001
2021-01;Região de Saúde LVT;Hospital Garcia de Orta;63;1147;2940;3035;419;159;144;7763
2021-01;Região de Saúde Norte;CHU Porto;53;1036;4294;1374;95;269;1370;7121
2021-01;Região de Saúde Norte;CH Vila Nova Gaia/Espinho;45;1143;5327;2857;125;475;52;9972
2021-01;Região de Saúde do Alentejo;ULS Baixo Alentejo;31;776;2419;1635;91;107;784;5059
2021-01;Região de Saúde do Alentejo;ULS Norte Alentejano;44;568;1710;1646;51;212;0;4231
2021-01;Região de Saúde do Centro;ULS Guarda;29;653;2303;2293;135;224;4;5637
2021-01;Região de Saúde Norte;CH Entre Douro e Vouga;64;1618;5391;2948;200;203;361;10424
2021-01;Região de Saúde Norte;CH Póvoa Varzim/Vila Conde;22;474;1811;1635;50;102;20;4094
2021-01;Região de Saúde Norte;Centro Hospitalar Tâmega e Sousa, EPE;59;1340;4732;3300;117;804;955;10352
2021-01;Região de Saúde Norte;CH Trás-os-Montes Alto Douro;55;1246;4742;3284;82;741;12;10150
2021-01;Região de Saúde Norte;Hospital Santa Maria Maior, EPE;8;372;1420;1697;43;50;0;3590
2021-01;Região de Saúde do Algarve;CHU Algarve;85;2551;6475;6914;485;1140;170;17650
2021-01;Região de Saúde do Centro;CHU Cova da Beira;17;340;2000;953;54;146;3;3510
2021-01;Região de Saúde do Centro;Centro Hospitalar do Baixo Vouga, EPE;45;1430;4309;2887;110;370;9;9151
2021-01;Região de Saúde do Centro;CHU Coimbra;97;2496;6812;4354;188;681;104;14628
2021-01;Região de Saúde LVT;CHU Lisboa Central;48;771;3382;3303;197;0;4880;7701
2021-01;Região de Saúde LVT;Hospital Distrital de Santarém, EPE;43;994;2748;1868;82;89;30;5824
2021-01;Região de Saúde Norte;CHU São João;88;1660;4968;3232;225;4;3919;10177
2021-01;Região de Saúde Norte;Centro Hospitalar do Médio Ave, EPE;33;800;3621;2408;105;144;0;7111
2021-01;Região de Saúde Norte;Hospital da Senhora da Oliveira, Guimarães, EPE;26;692;3090;2705;59;581;31;7153
2021-01;Região de Saúde Norte;Hospital de Braga, EPE;59;1275;4885;5145;296;0;60;11660
2021-01;Região de Saúde Norte;Unidade Local de Saúde do Nordeste, EPE;36;541;2548;1850;49;674;49;5698
2021-01;Região de Saúde do Alentejo;ULS Litoral Alentejano;36;464;1632;2424;116;137;1;4809
2021-01;Região de Saúde do Centro;CH Leiria;79;1219;3855;3526;157;208;0;9044
2021-01;Região de Saúde do Centro;CH Tondela-Viseu;50;1272;3928;2295;150;422;934;8117
2021-01;Região de Saúde do Centro;Hospital Figueira Foz;17;398;1768;1372;35;94;16;3684
2021-01;Região de Saúde do Centro;ULS Castelo Branco;13;238;1611;1279;49;79;21;3269
2021-01;Região de Saúde LVT;CH Barreiro/Montijo;29;789;2706;2278;77;247;1765;6126
2021-01;Região de Saúde LVT;CHU Lisboa Norte;66;1325;3600;3771;313;198;1773;9273
2021-01;Região de Saúde LVT;Centro Hospitalar Médio Tejo, EPE;76;927;3068;2976;47;490;23;7584
2021-01;Região de Saúde LVT;Hospital de Loures;56;1105;3966;2701;131;29;40;7988
2021-01;Região de Saúde Norte;Unidade Local de Saúde do Alto Minho, EPE;58;1083;3461;3227;57;184;18;8070
2021-01;Região de Saúde do Alentejo;Hospital Espírito Santo Évora;28;828;1461;994;45;235;65;3591
2021-01;Região de Saúde LVT;CH Setúbal;41;868;2677;3051;130;258;831;7025
2021-01;Região de Saúde Norte;ULS Matosinhos;21;772;2389;1489;81;129;588;4881
2020-12;Região de Saúde do Alentejo;ULS Baixo Alentejo;287;9111;39186;20095;1255;909;2305;70843
2020-12;Região de Saúde do Centro;CH Tondela-Viseu;476;13421;52544;32197;2184;5712;14185;106534
2020-12;Região de Saúde do Centro;Hospital Figueira Foz;126;4293;28915;17468;354;1077;32;52233
2020-12;Região de Saúde do Centro;ULS Guarda;300;6210;35341;22884;2720;3398;322;70853
2020-12;Região de Saúde do Centro;ULS Castelo Branco;116;3203;23268;17737;1123;1168;614;46615
2020-12;Região de Saúde LVT;Hospital Fernando Fonseca;481;19013;53958;97251;4906;5613;521;181222
2020-12;Região de Saúde LVT;Hospital Garcia de Orta;577;11795;38296;51520;6198;1828;2211;110214
2020-12;Região de Saúde Norte;CH Póvoa Varzim/Vila Conde;240;4744;25309;20422;972;1066;590;52753
2020-12;Região de Saúde Norte;CH Vila Nova Gaia/Espinho;310;12315;74170;41638;1700;6169;2274;136302
2020-12;Região de Saúde Norte;Hospital da Senhora da Oliveira, Guimarães, EPE;184;7516;41149;41638;1133;7533;500;99153
2020-12;Região de Saúde do Alentejo;ULS Litoral Alentejano;83;2935;15662;13301;233;997;34490;33211
2020-12;Região de Saúde do Centro;CH Leiria;633;13199;60014;51934;3492;3352;0;132624
2020-12;Região de Saúde LVT;CHU Lisboa Norte;792;16473;61900;67760;5974;2532;16940;155431
2020-12;Região de Saúde LVT;Hospital de Cascais, PPP;303;12554;37556;56479;1404;568;0;108864
2020-12;Região de Saúde LVT;Hospital de Loures;329;12358;55462;54904;1881;566;292;125500
2020-12;Região de Saúde LVT;Hospital Vila Franca Xira;346;10175;46565;39708;1938;2066;10;100798
2020-12;Região de Saúde Norte;CH Entre Douro e Vouga;643;17552;70605;40764;3390;9549;6050;142503
2020-12;Região de Saúde Norte;Centro Hospitalar Tâmega e Sousa, EPE;839;19302;67977;47495;1670;11680;14078;148963
2020-12;Região de Saúde Norte;CH Trás-os-Montes Alto Douro;424;14356;67808;38467;1112;8561;60;130728
2020-12;Região de Saúde Norte;Hospital de Braga, EPE;801;14783;68074;72254;5270;0;810;161182
2020-12;Região de Saúde Norte;Unidade Local de Saúde do Alto Minho, EPE;480;12213;52919;41865;603;1788;248;109868
2020-12;Região de Saúde Norte;Unidade Local de Saúde do Nordeste, EPE;307;5973;37701;22870;894;10761;529;78506
2020-12;Região de Saúde do Algarve;CHU Algarve;668;34060;100041;97031;7916;13527;1359;253243
2020-12;Região de Saúde do Centro;CHU Coimbra;1035;25948;89444;42428;2699;7839;41804;169393
2020-12;Região de Saúde LVT;CH Barreiro/Montijo;241;7979;40430;29340;1572;160;31274;79722
2020-12;Região de Saúde LVT;Hospital Distrital de Santarém, EPE;310;11788;44093;26095;1154;1228;250;84668
2020-12;Região de Saúde Norte;CHU Porto;612;11649;60913;20139;2306;5751;23084;101370
2020-12;Região de Saúde do Alentejo;ULS Norte Alentejano;261;6285;25381;27221;1026;2609;0;62783
2020-12;Região de Saúde do Centro;Centro Hospitalar do Baixo Vouga, EPE;490;15793;63741;33501;2337;5942;239;121804
2020-12;Região de Saúde LVT;CH Setúbal;347;8844;34712;29728;1939;2592;23939;78162
2020-12;Região de Saúde LVT;Centro Hospitalar Médio Tejo, EPE;609;11602;46075;37692;888;4753;356;101619
2020-12;Região de Saúde Norte;CHU São João;985;21352;71840;44991;4652;358;59935;144178
2020-12;Região de Saúde Norte;Centro Hospitalar do Médio Ave, EPE;252;9498;51083;32155;1122;1701;335;95811
2020-12;Região de Saúde do Alentejo;Hospital Espírito Santo Évora;241;8691;22957;16433;1055;3357;1181;52734
2020-12;Região de Saúde do Centro;CHU Cova da Beira;126;3360;29804;12037;553;2162;44;48042
2020-12;Região de Saúde LVT;CHU Lisboa Central;551;8031;49689;43740;3191;0;66473;105202
2020-12;Região de Saúde LVT;Centro Hospitalar de Lisboa Ocidental, EPE;216;5666;23027;36726;3101;1820;42059;70556
2020-12;Região de Saúde LVT;Centro Hospitalar do Oeste, EPE;424;13084;54642;40449;1433;5220;1413;115252
2020-12;Região de Saúde Norte;Hospital Santa Maria Maior, EPE;82;3875;18089;21903;896;747;0;45592
2020-12;Região de Saúde Norte;ULS Matosinhos;232;9400;31002;22261;1952;3883;8137;68730
2020-11;Região de Saúde do Alentejo;ULS Litoral Alentejano;76;2693;14491;12331;214;884;32141;30689
2020-11;Região de Saúde LVT;CH Barreiro/Montijo;212;7338;37502;26891;1456;151;29140;73550
2020-11;Região de Saúde Norte;Centro Hospitalar Tâmega e Sousa, EPE;781;17954;63223;44175;1553;10868;13106;138554
2020-11;Região de Saúde Norte;Hospital da Senhora da Oliveira, Guimarães, EPE;169;6847;38045;38776;1089;6901;464;91827
2020-11;Região de Saúde Norte;Hospital de Braga, EPE;711;13429;62803;66646;4888;0;739;148477
2020-11;Região de Saúde Norte;Unidade Local de Saúde do Nordeste, EPE;278;5474;34832;21144;808;10078;483;72614
2020-11;Região de Saúde do Alentejo;Hospital Espírito Santo Évora;218;7988;21233;15237;978;3089;826;48743
2020-11;Região de Saúde do Alentejo;ULS Baixo Alentejo;265;8399;36434;18508;1173;792;1986;65571
2020-11;Região de Saúde do Centro;CHU Cova da Beira;110;3102;27545;11226;521;2018;36;44522
2020-11;Região de Saúde do Centro;CHU Coimbra;932;23638;82446;39216;2565;7074;39146;155871
2020-11;Região de Saúde do Centro;CH Tondela-Viseu;431;12244;48358;29913;1992;5259;13076;98197
2020-11;Região de Saúde LVT;CHU Lisboa Central;498;7258;45667;40378;2877;0;61511;96678
2020-11;Região de Saúde LVT;Centro Hospitalar do Oeste, EPE;387;12143;50533;37860;1328;4844;1328;107095
2020-11;Região de Saúde Norte;CH Entre Douro e Vouga;595;16096;64955;38043;3190;9356;5628;132235
2020-11;Região de Saúde Norte;CH Trás-os-Montes Alto Douro;383;13087;62821;35332;1031;7808;54;120462
2020-11;Região de Saúde Norte;Hospital Santa Maria Maior, EPE;75;3515;16656;20224;831;698;0;41999
2020-11;Região de Saúde Norte;Unidade Local de Saúde do Alto Minho, EPE;432;11140;49404;39060;531;1551;237;102118
2020-11;Região de Saúde do Centro;CH Leiria;572;12075;55472;48466;3282;3116;0;122983
2020-11;Região de Saúde do Centro;Hospital Figueira Foz;112;3961;26970;16028;315;993;28;48379
2020-11;Região de Saúde LVT;Centro Hospitalar de Lisboa Ocidental, EPE;199;5080;20789;34190;2884;1641;39562;64783
2020-11;Região de Saúde LVT;Hospital de Cascais, PPP;271;11592;34608;52269;1285;517;0;100542
2020-11;Região de Saúde LVT;Hospital Vila Franca Xira;315;9456;42990;36989;1801;1894;10;93445
2020-11;Região de Saúde LVT;Hospital Garcia de Orta;528;10781;35199;48035;5714;1660;1992;101917
2020-11;Região de Saúde Norte;CHU São João;911;19695;66290;41577;4327;349;55999;133149
2020-11;Região de Saúde Norte;CH Póvoa Varzim/Vila Conde;221;4304;23452;18841;912;944;559;48674
2020-11;Região de Saúde Norte;ULS Matosinhos;214;8619;28454;20670;1854;3652;7538;63463
2020-11;Região de Saúde do Alentejo;ULS Norte Alentejano;236;5760;23572;25558;951;2404;0;58481
2020-11;Região de Saúde do Centro;ULS Castelo Branco;110;2951;21412;16417;1041;1078;604;43009
2020-11;Região de Saúde LVT;CHU Lisboa Norte;727;15092;57021;63009;5524;2310;15607;143683
2020-11;Região de Saúde LVT;Hospital Distrital de Santarém, EPE;282;10859;40749;24394;1090;1138;239;78512
2020-11;Região de Saúde do Algarve;CHU Algarve;614;31416;92955;90324;7402;12413;1232;235124
2020-11;Região de Saúde do Centro;Centro Hospitalar do Baixo Vouga, EPE;452;14534;58982;30757;2150;5476;221;112351
2020-11;Região de Saúde do Centro;ULS Guarda;263;5658;32856;20913;2541;3096;315;65327
2020-11;Região de Saúde LVT;CH Setúbal;316;8003;31715;26705;1768;2286;23162;70793
2020-11;Região de Saúde LVT;Centro Hospitalar Médio Tejo, EPE;553;10759;42775;34862;840;4377;342;94166
2020-11;Região de Saúde LVT;Hospital de Loures;307;11341;51014;51675;1732;536;269;116605
2020-11;Região de Saúde LVT;Hospital Fernando Fonseca;435;17406;49768;89922;4577;5035;487;167143
2020-11;Região de Saúde Norte;Centro Hospitalar do Médio Ave, EPE;223;8768;47243;29794;1028;1549;335;88605
2020-11;Região de Saúde Norte;CHU Porto;567;10640;55981;18637;2190;5469;21569;93484
2020-11;Região de Saúde Norte;CH Vila Nova Gaia/Espinho;271;11264;68660;38425;1549;5638;2212;125807
2020-10;Região de Saúde do Centro;CH Tondela-Viseu;403;11312;44522;27603;1846;4816;11982;90502
2020-10;Região de Saúde do Centro;ULS Guarda;243;5123;30574;18783;2380;2779;303;59882
2020-10;Região de Saúde LVT;Centro Hospitalar de Lisboa Ocidental, EPE;167;4614;18965;31505;2673;1521;36743;59445
2020-10;Região de Saúde LVT;CHU Lisboa Norte;659;13867;52553;57796;5022;2087;14304;131984
2020-10;Região de Saúde Norte;Centro Hospitalar do Médio Ave, EPE;199;7991;43248;26869;909;1421;334;80637
2020-10;Região de Saúde Norte;Centro Hospitalar Tâmega e Sousa, EPE;718;16545;58244;40708;1428;10028;12119;127671
2020-10;Região de Saúde Norte;CH Trás-os-Montes Alto Douro;342;12085;58044;32018;941;7076;49;110506
2020-10;Região de Saúde Norte;CH Vila Nova Gaia/Espinho;248;10261;63286;34611;1413;5198;2131;115017
2020-10;Região de Saúde Norte;ULS Matosinhos;197;7945;25925;18722;1720;3453;6987;57962
2020-10;Região de Saúde do Alentejo;ULS Litoral Alentejano;68;2453;13382;11336;198;747;29752;28184
2020-10;Região de Saúde do Centro;CHU Coimbra;858;21611;75893;36170;2440;6505;35597;143477
2020-10;Região de Saúde do Centro;ULS Castelo Branco;101;2726;19591;15138;954;991;594;39501
2020-10;Região de Saúde LVT;Hospital Garcia de Orta;482;9870;32338;44368;5280;1510;1853;93848
2020-10;Região de Saúde do Alentejo;Hospital Espírito Santo Évora;204;7340;19531;14023;910;2789;768;44797
2020-10;Região de Saúde do Centro;CHU Cova da Beira;97;2780;25431;10338;488;1848;33;40982
2020-10;Região de Saúde do Centro;CH Leiria;522;10991;51064;45095;3069;2839;0;113580
2020-10;Região de Saúde LVT;CHU Lisboa Central;455;6636;42213;37082;2639;0;56169;89025
2020-10;Região de Saúde LVT;Centro Hospitalar Médio Tejo, EPE;513;9879;39749;32076;769;4007;320;86993
2020-10;Região de Saúde LVT;Hospital de Loures;277;10353;47015;48432;1619;488;179;108184
2020-10;Região de Saúde LVT;Hospital Distrital de Santarém, EPE;260;9999;37931;22815;1007;1060;220;73072
2020-10;Região de Saúde Norte;CHU São João;828;18062;61058;36814;4073;344;50963;121179
2020-10;Região de Saúde Norte;Unidade Local de Saúde do Alto Minho, EPE;403;10298;45520;36160;512;1443;215;94336
2020-10;Região de Saúde Norte;Unidade Local de Saúde do Nordeste, EPE;249;4978;32299;19553;736;9144;446;66959
2020-10;Região de Saúde do Alentejo;ULS Baixo Alentejo;245;7757;33780;17100;1105;711;1694;60698
2020-10;Região de Saúde do Alentejo;ULS Norte Alentejano;219;5335;21873;23760;873;2216;0;54276
2020-10;Região de Saúde LVT;CH Setúbal;289;7110;29103;23044;1572;2158;23000;63276
2020-10;Região de Saúde LVT;Centro Hospitalar do Oeste, EPE;352;11219;46605;34977;1248;4427;1268;98828
2020-10;Região de Saúde LVT;Hospital Vila Franca Xira;293;8668;39643;34065;1653;1725;7;86047
2020-10;Região de Saúde LVT;Hospital Fernando Fonseca;395;15890;45618;82563;4214;4516;457;153196
2020-10;Região de Saúde Norte;CHU Porto;517;9721;51444;16944;2053;5209;20285;85888
2020-10;Região de Saúde Norte;CH Entre Douro e Vouga;546;14663;58929;35013;3011;9165;5227;121327
2020-10;Região de Saúde Norte;CH Póvoa Varzim/Vila Conde;210;3930;21456;16894;840;866;520;44196
2020-10;Região de Saúde do Algarve;CHU Algarve;570;29152;86449;83333;6830;11329;1142;217663
2020-10;Região de Saúde do Centro;Centro Hospitalar do Baixo Vouga, EPE;431;13354;54131;27835;1986;5049;198;102786
2020-10;Região de Saúde do Centro;Hospital Figueira Foz;99;3581;25188;14498;272;910;26;44548
2020-10;Região de Saúde LVT;CH Barreiro/Montijo;196;6699;34644;24782;1357;128;26769;67806
2020-10;Região de Saúde LVT;Hospital de Cascais, PPP;242;10663;31665;48298;1173;476;0;92517
2020-10;Região de Saúde Norte;Hospital da Senhora da Oliveira, Guimarães, EPE;143;6163;34649;35233;1019;6338;403;83545
2020-10;Região de Saúde Norte;Hospital de Braga, EPE;645;12223;57811;60793;4550;0;675;136022
2020-10;Região de Saúde Norte;Hospital Santa Maria Maior, EPE;66;3214;15253;18375;746;642;0;38296
2020-09;Região de Saúde do Alentejo;Hospital Espírito Santo Évora;187;6666;17606;12450;819;2508;671;40236
2020-09;Região de Saúde do Alentejo;ULS Norte Alentejano;203;4883;19818;21620;789;1995;0;49308
2020-09;Região de Saúde do Algarve;CHU Algarve;525;26527;79157;75171;6183;10134;1047;197697
2020-09;Região de Saúde do Centro;Centro Hospitalar do Baixo Vouga, EPE;385;11923;48694;24532;1781;4582;171;91897
2020-09;Região de Saúde do Centro;CH Tondela-Viseu;365;10173;40209;24634;1663;4348;10719;81392
2020-09;Região de Saúde do Centro;ULS Castelo Branco;91;2473;17638;13767;858;880;584;35707
2020-09;Região de Saúde LVT;Centro Hospitalar de Lisboa Ocidental, EPE;151;4171;16990;27715;2403;1360;33535;52790
2020-09;Região de Saúde LVT;Centro Hospitalar do Oeste, EPE;326;10190;42181;31452;1125;4011;1201;89285
2020-09;Região de Saúde Norte;CH Entre Douro e Vouga;485;13194;52662;31376;2756;8940;4701;109413
2020-09;Região de Saúde Norte;Unidade Local de Saúde do Alto Minho, EPE;364;9317;41362;32827;447;1294;199;85611
2020-09;Região de Saúde do Alentejo;ULS Baixo Alentejo;226;7045;31002;15528;1022;595;1298;55418
2020-09;Região de Saúde do Centro;CH Leiria;468;9838;46023;40865;2837;2537;0;102568
2020-09;Região de Saúde Norte;CHU Porto;467;8805;46222;14866;1922;4813;18611;77095
2020-09;Região de Saúde Norte;Centro Hospitalar Tâmega e Sousa, EPE;625;14400;50692;35430;1242;8729;10550;111118
2020-09;Região de Saúde Norte;Hospital de Braga, EPE;575;11054;52535;54515;3965;0;626;122644
2020-09;Região de Saúde Norte;Unidade Local de Saúde do Nordeste, EPE;217;4455;29452;17785;684;7865;374;60458
2020-09;Região de Saúde do Centro;CHU Coimbra;759;19508;68565;32501;2257;5869;31941;129459
2020-09;Região de Saúde LVT;Hospital Vila Franca Xira;268;7902;36128;30395;1481;1524;7;77698
2020-09;Região de Saúde LVT;Hospital Garcia de Orta;429;8882;29205;40131;4732;1346;1663;84725
2020-09;Região de Saúde Norte;CHU São João;754;16426;55300;30493;3758;341;44813;107072
2020-09;Região de Saúde Norte;CH Trás-os-Montes Alto Douro;298;11002;52869;28612;868;6256;47;99905
2020-09;Região de Saúde Norte;CH Vila Nova Gaia/Espinho;218;9258;57285;30243;1272;4605;2058;102881
2020-09;Região de Saúde Norte;ULS Matosinhos;180;7119;23259;16329;1609;3272;6309;51768
2020-09;Região de Saúde do Centro;Hospital Figueira Foz;88;3267;22978;12794;233;819;21;40179
2020-09;Região de Saúde LVT;CH Barreiro/Montijo;179;6055;31414;22250;1249;125;23997;61272
2020-09;Região de Saúde LVT;CHU Lisboa Norte;576;12494;47174;51326;4439;1875;12748;117884
2020-09;Região de Saúde LVT;Centro Hospitalar Médio Tejo, EPE;461;8956;36053;28727;689;3587;297;78473
2020-09;Região de Saúde LVT;Hospital de Cascais, PPP;222;9485;28456;43408;1052;425;0;83048
2020-09;Região de Saúde LVT;Hospital Distrital de Santarém, EPE;234;9150;34714;20820;930;955;207;66803
2020-09;Região de Saúde LVT;Hospital Fernando Fonseca;349;14169;41278;74624;3815;3971;417;138206
2020-09;Região de Saúde Norte;Centro Hospitalar do Médio Ave, EPE;174;7290;39112;23852;801;1265;332;72494
2020-09;Região de Saúde Norte;CH Póvoa Varzim/Vila Conde;185;3519;19448;14950;746;766;511;39614
2020-09;Região de Saúde Norte;Hospital da Senhora da Oliveira, Guimarães, EPE;125;5544;31245;31267;935;5624;342;74740
2020-09;Região de Saúde do Alentejo;ULS Litoral Alentejano;58;2209;12143;10202;172;649;27058;25433
2020-09;Região de Saúde do Centro;CHU Cova da Beira;89;2495;23014;9303;465;1643;32;37009
2020-09;Região de Saúde do Centro;ULS Guarda;216;4653;27825;16687;2156;2417;276;53954
2020-09;Região de Saúde LVT;CHU Lisboa Central;419;6010;38100;33339;2378;0;50108;80246
2020-09;Região de Saúde LVT;CH Setúbal;261;6454;25712;20422;1412;1778;21472;56039
2020-09;Região de Saúde LVT;Hospital de Loures;248;9291;42517;44452;1448;456;168;98412
2020-09;Região de Saúde Norte;Hospital Santa Maria Maior, EPE;57;2904;13885;16561;676;591;0;34674
2020-08;Região de Saúde do Centro;CHU Cova da Beira;67;2210;20520;8390;412;1436;30;33035
2020-08;Região de Saúde do Centro;Hospital Figueira Foz;87;2936;20529;11149;192;698;18;35591
2020-08;Região de Saúde do Centro;ULS Castelo Branco;84;2229;15739;12279;735;801;572;31867
2020-08;Região de Saúde LVT;Centro Hospitalar do Oeste, EPE;296;9139;37426;28365;1018;3618;1139;79862
2020-08;Região de Saúde LVT;Hospital Vila Franca Xira;247;7077;32731;27232;1320;1341;7;69948
2020-08;Região de Saúde LVT;Hospital Distrital de Santarém, EPE;213;8223;31159;18953;850;857;196;60255
2020-08;Região de Saúde Norte;CHU Porto;428;7866;40889;12921;1723;4445;17195;68272
2020-08;Região de Saúde Norte;CH Entre Douro e Vouga;450;11804;46841;27727;2482;8719;3942;98023
2020-08;Região de Saúde Norte;ULS Matosinhos;166;6294;20399;14291;1431;3057;5604;45638
2020-08;Região de Saúde Norte;Unidade Local de Saúde do Nordeste, EPE;188;3983;26563;15917;618;6520;352;53789
2020-08;Região de Saúde do Alentejo;ULS Baixo Alentejo;193;6424;28040;13895;913;497;987;49962
2020-08;Região de Saúde do Alentejo;ULS Litoral Alentejano;140;3342;17312;24309;1152;681;6;46936
2020-08;Região de Saúde LVT;CH Barreiro/Montijo;161;5392;28135;19581;1132;110;21480;54511
2020-08;Região de Saúde LVT;CH Setúbal;226;5657;22579;17181;1221;1584;20446;48448
2020-08;Região de Saúde LVT;Centro Hospitalar Médio Tejo, EPE;422;8127;32213;25349;605;3219;273;69935
2020-08;Região de Saúde Norte;CHU São João;666;14865;48761;26710;3312;337;39052;94651
2020-08;Região de Saúde Norte;CH Trás-os-Montes Alto Douro;280;9896;47429;25357;772;5385;44;89119
2020-08;Região de Saúde Norte;Unidade Local de Saúde do Alto Minho, EPE;316;8401;37007;29193;378;1080;176;76375
2020-08;Região de Saúde do Centro;CH Leiria;424;8691;40896;36319;2519;2253;0;91102
2020-08;Região de Saúde do Centro;CHU Coimbra;685;17385;60883;28966;1962;5041;28507;114922
2020-08;Região de Saúde LVT;Hospital de Cascais, PPP;191;8324;25205;38041;913;367;0;73041
2020-08;Região de Saúde LVT;Hospital de Loures;220;8239;37487;40000;1260;417;144;87623
2020-08;Região de Saúde LVT;Hospital Fernando Fonseca;316;12624;36840;65918;3379;3514;372;122591
2020-08;Região de Saúde LVT;Hospital Garcia de Orta;375;7865;25879;35719;4112;1215;1502;75165
2020-08;Região de Saúde Norte;Centro Hospitalar do Médio Ave, EPE;161;6581;34864;21033;692;1094;332;64425
2020-08;Região de Saúde do Alentejo;ULS Norte Alentejano;183;4402;17850;19404;712;1778;0;44329
2020-08;Região de Saúde do Centro;ULS Guarda;191;3595;24094;14243;1923;1888;215;45934
2020-08;Região de Saúde Norte;CH Póvoa Varzim/Vila Conde;163;3114;17481;13196;641;697;479;35292
2020-08;Região de Saúde Norte;Centro Hospitalar Tâmega e Sousa, EPE;554;12744;44868;31357;1100;7721;9321;98344
2020-08;Região de Saúde Norte;CH Vila Nova Gaia/Espinho;198;8289;51068;26353;1090;4077;1998;91075
2020-08;Região de Saúde Norte;Hospital da Senhora da Oliveira, Guimarães, EPE;109;4963;28166;27423;827;4812;307;66300
2020-08;Região de Saúde Norte;Hospital de Braga, EPE;492;9821;47063;47914;3333;0;565;108623
2020-08;Região de Saúde do Alentejo;Hospital Espírito Santo Évora;167;6005;15738;10966;743;2162;575;35781
2020-08;Região de Saúde do Algarve;CHU Algarve;459;23640;70666;66440;5411;8806;1000;175422
2020-08;Região de Saúde do Centro;Centro Hospitalar do Baixo Vouga, EPE;353;10648;43311;21565;1543;4039;155;81459
2020-08;Região de Saúde do Centro;CH Tondela-Viseu;325;9146;35872;21721;1470;3859;9429;72393
2020-08;Região de Saúde LVT;CHU Lisboa Central;376;5373;34067;29216;2043;0;44437;71075
2020-08;Região de Saúde LVT;Centro Hospitalar de Lisboa Ocidental, EPE;141;3860;15720;25153;2205;1228;28317;48307
2020-08;Região de Saúde LVT;CHU Lisboa Norte;503;11065;41829;45340;3848;1700;11188;104285
2020-08;Região de Saúde Norte;Hospital Santa Maria Maior, EPE;51;2600;12375;14843;611;546;0;31026
2020-07;Região de Saúde do Alentejo;ULS Norte Alentejano;158;3872;15451;16946;640;1579;0;38646
2020-07;Região de Saúde do Centro;ULS Castelo Branco;68;1932;13641;10758;604;718;570;27721
2020-07;Região de Saúde LVT;CHU Lisboa Norte;435;9854;36562;40372;3190;1546;9720;91959
2020-07;Região de Saúde LVT;Centro Hospitalar Médio Tejo, EPE;370;7288;28178;21871;523;2819;250;61049
2020-07;Região de Saúde LVT;Hospital Distrital de Santarém, EPE;195;7306;27110;17267;776;747;169;53401
2020-07;Região de Saúde Norte;Centro Hospitalar do Médio Ave, EPE;156;5867;30488;18435;597;921;266;56464
2020-07;Região de Saúde Norte;CHU Porto;369;6949;35488;10745;1448;4103;15168;59102
2020-07;Região de Saúde Norte;Unidade Local de Saúde do Alto Minho, EPE;283;7328;31879;25357;330;897;150;66074
2020-07;Região de Saúde do Centro;CHU Cova da Beira;61;1947;17695;7382;360;1259;26;28704
2020-07;Região de Saúde LVT;Hospital Garcia de Orta;332;6920;22555;31656;3552;1087;1330;66102
2020-07;Região de Saúde Norte;CH Entre Douro e Vouga;400;10251;40561;23894;2098;8535;3427;85739
2020-07;Região de Saúde do Alentejo;Hospital Espírito Santo Évora;144;5317;13763;9506;650;1834;488;31214
2020-07;Região de Saúde do Alentejo;ULS Baixo Alentejo;176;5644;24583;12182;781;416;861;43782
2020-07;Região de Saúde do Centro;CH Leiria;387;7570;35548;31567;2171;1971;0;79214
2020-07;Região de Saúde LVT;Hospital de Loures;206;7361;33036;35959;1055;369;128;77986
2020-07;Região de Saúde LVT;Hospital Vila Franca Xira;220;6326;29153;24158;1134;1145;7;62136
2020-07;Região de Saúde Norte;CHU São João;570;13218;42238;22782;2785;311;34544;81904
2020-07;Região de Saúde Norte;Centro Hospitalar Tâmega e Sousa, EPE;480;11056;38916;27202;953;6704;8108;85311
2020-07;Região de Saúde Norte;CH Trás-os-Montes Alto Douro;244;8564;40877;21811;682;4589;39;76767
2020-07;Região de Saúde Norte;Hospital de Braga, EPE;410;8546;40989;41159;2700;0;489;93804
2020-07;Região de Saúde Norte;Hospital Santa Maria Maior, EPE;48;2264;10917;12953;520;484;0;27186
2020-07;Região de Saúde do Alentejo;ULS Litoral Alentejano;48;1699;9539;7457;105;434;20937;19282
2020-07;Região de Saúde do Algarve;CHU Algarve;391;20517;60412;55781;4647;7803;931;149551
2020-07;Região de Saúde do Centro;Centro Hospitalar do Baixo Vouga, EPE;311;9342;37891;18642;1298;3548;145;71032
2020-07;Região de Saúde do Centro;CH Tondela-Viseu;290;7964;30909;18601;1235;3300;8156;62299
2020-07;Região de Saúde do Centro;Hospital Figueira Foz;83;2521;17456;9547;151;584;15;30342
2020-07;Região de Saúde do Centro;ULS Guarda;162;3186;20848;12470;1703;1603;196;39972
2020-07;Região de Saúde LVT;CH Barreiro/Montijo;148;4819;24875;16821;937;102;19327;47702
2020-07;Região de Saúde LVT;Hospital de Cascais, PPP;170;7426;22373;33101;770;335;0;64175
2020-07;Região de Saúde LVT;Hospital Fernando Fonseca;270;11315;32455;57880;2769;3012;326;107701
2020-07;Região de Saúde Norte;CH Vila Nova Gaia/Espinho;179;7341;44655;22744;917;3484;1946;79320
2020-07;Região de Saúde do Centro;CHU Coimbra;597;15058;52606;24877;1697;4238;25481;99073
2020-07;Região de Saúde LVT;CHU Lisboa Central;345;4765;30052;25187;1779;39719;0;101847
2020-07;Região de Saúde LVT;Centro Hospitalar de Lisboa Ocidental, EPE;128;3446;13890;21861;1908;1047;25820;42280
2020-07;Região de Saúde LVT;CH Setúbal;188;4962;19226;13903;999;1381;19713;40659
2020-07;Região de Saúde LVT;Centro Hospitalar do Oeste, EPE;272;8008;32481;24998;876;3216;1081;69851
2020-07;Região de Saúde Norte;CH Póvoa Varzim/Vila Conde;139;2723;15095;11698;537;614;475;30806
2020-07;Região de Saúde Norte;Hospital da Senhora da Oliveira, Guimarães, EPE;95;4349;24704;23947;697;4102;284;57894
2020-07;Região de Saúde Norte;ULS Matosinhos;135;5481;17626;12103;1272;2834;4908;39451
2020-07;Região de Saúde Norte;Unidade Local de Saúde do Nordeste, EPE;170;3412;23065;13728;523;5610;321;46508
2020-06;Região de Saúde do Alentejo;Hospital Espírito Santo Évora;123;4668;11734;8260;562;1488;399;26835
2020-06;Região de Saúde do Alentejo;ULS Baixo Alentejo;144;4860;21279;10797;672;327;612;38079
2020-06;Região de Saúde do Centro;CH Tondela-Viseu;251;6827;26103;15878;1053;2819;6950;52931
2020-06;Região de Saúde do Centro;Hospital Figueira Foz;67;2153;14747;8117;129;464;10;25677
2020-06;Região de Saúde LVT;Hospital Garcia de Orta;281;6004;19268;27611;3045;929;1113;57138
2020-06;Região de Saúde Norte;CHU São João;477;11541;35501;18983;2273;277;29670;69052
2020-06;Região de Saúde Norte;CH Entre Douro e Vouga;341;8686;33994;20462;1766;8355;2960;73604
2020-06;Região de Saúde Norte;CH Póvoa Varzim/Vila Conde;120;2387;12699;10229;435;545;455;26415
2020-06;Região de Saúde do Algarve;CHU Algarve;319;17538;51655;46596;3865;6530;850;126503
2020-06;Região de Saúde do Centro;CH Leiria;337;6413;30454;27064;1841;1686;0;67795
2020-06;Região de Saúde do Centro;ULS Guarda;141;2807;17992;10928;1444;1348;177;34660
2020-06;Região de Saúde LVT;CH Barreiro/Montijo;130;4178;21540;14229;762;93;17254;40932
2020-06;Região de Saúde LVT;Hospital Distrital de Santarém, EPE;168;6363;22821;15561;690;625;153;46228
2020-06;Região de Saúde Norte;CH Trás-os-Montes Alto Douro;199;7317;34906;18519;555;3775;35;65271
2020-06;Região de Saúde Norte;CH Vila Nova Gaia/Espinho;151;6332;38020;18999;732;2859;1882;67093
2020-06;Região de Saúde Norte;Hospital de Braga, EPE;347;7310;34919;34645;2041;0;434;79262
2020-06;Região de Saúde do Alentejo;ULS Norte Alentejano;128;3271;13145;14557;567;1371;0;33039
2020-06;Região de Saúde do Centro;Centro Hospitalar do Baixo Vouga, EPE;285;8069;32487;15811;1083;3072;136;60807
2020-06;Região de Saúde do Centro;CHU Coimbra;494;12906;44699;21337;1462;3405;22214;84303
2020-06;Região de Saúde LVT;CHU Lisboa Norte;367;8592;31345;35531;2605;1375;8229;79815
2020-06;Região de Saúde Norte;Centro Hospitalar do Médio Ave, EPE;140;5029;25977;15612;458;794;265;48010
2020-06;Região de Saúde Norte;Centro Hospitalar Tâmega e Sousa, EPE;420;9410;33029;23145;832;5688;6765;72524
2020-06;Região de Saúde Norte;Hospital Santa Maria Maior, EPE;39;1934;9347;11081;448;424;0;23273
2020-06;Região de Saúde Norte;Unidade Local de Saúde do Alto Minho, EPE;238;6277;27318;21480;269;702;120;56284
2020-06;Região de Saúde do Alentejo;ULS Litoral Alentejano;41;1471;8131;6301;84;363;18041;16391
2020-06;Região de Saúde LVT;CHU Lisboa Central;355;5756;40388;38432;2103;0;1606;87034
2020-06;Região de Saúde LVT;Centro Hospitalar de Lisboa Ocidental, EPE;108;3014;12080;18558;1568;893;23258;36221
2020-06;Região de Saúde LVT;Centro Hospitalar do Oeste, EPE;236;7033;28096;22288;743;2817;861;61213
2020-06;Região de Saúde Norte;CHU Porto;309;5951;30004;8841;1221;3810;13124;50136
2020-06;Região de Saúde Norte;ULS Matosinhos;117;4817;14901;10064;1076;2510;4147;33485
2020-06;Região de Saúde Norte;Unidade Local de Saúde do Nordeste, EPE;135;3013;20056;11791;450;4417;300;39862
2020-06;Região de Saúde do Centro;CHU Cova da Beira;51;1689;15080;6463;314;1082;22;24679
2020-06;Região de Saúde do Centro;ULS Castelo Branco;61;1642;11578;9261;503;607;558;23652
2020-06;Região de Saúde LVT;CH Setúbal;165;4342;16460;11802;880;1220;17393;34869
2020-06;Região de Saúde LVT;Centro Hospitalar Médio Tejo, EPE;325;6320;24108;18635;451;2399;226;52238
2020-06;Região de Saúde LVT;Hospital de Cascais, PPP;143;6587;19542;28338;621;302;0;55533
2020-06;Região de Saúde LVT;Hospital de Loures;177;6502;28745;31931;876;338;111;68569
2020-06;Região de Saúde LVT;Hospital Vila Franca Xira;194;5545;25145;20796;988;952;6;53620
2020-06;Região de Saúde LVT;Hospital Fernando Fonseca;241;10006;28486;50409;2364;2541;285;94047
2020-06;Região de Saúde Norte;Hospital da Senhora da Oliveira, Guimarães, EPE;84;3695;21058;20586;564;3376;241;49363
2020-05;Região de Saúde do Algarve;CHU Algarve;275;15149;44479;39952;3162;5348;747;108365
2020-05;Região de Saúde do Centro;ULS Castelo Branco;54;1391;9872;7927;429;522;510;20195
2020-05;Região de Saúde LVT;CHU Lisboa Central;263;3535;22422;17939;1227;0;30849;45386
2020-05;Região de Saúde LVT;Centro Hospitalar de Lisboa Ocidental, EPE;91;2558;10255;15596;1263;730;20495;30493
2020-05;Região de Saúde LVT;CH Setúbal;148;3783;13757;9777;757;1061;15469;29283
2020-05;Região de Saúde LVT;Hospital de Loures;160;5782;24813;28558;694;271;88;60278
2020-05;Região de Saúde LVT;Hospital Garcia de Orta;239;5198;16557;23759;2479;762;972;48994
2020-05;Região de Saúde Norte;CH Entre Douro e Vouga;290;7342;28305;17614;1483;8172;2604;63206
2020-05;Região de Saúde Norte;CH Póvoa Varzim/Vila Conde;100;2028;10652;8975;331;461;448;22547
2020-05;Região de Saúde do Centro;CH Tondela-Viseu;218;5860;21936;13550;852;2332;5747;44748
2020-05;Região de Saúde do Centro;ULS Guarda;120;2460;15452;9474;1191;1093;158;29790
2020-05;Região de Saúde LVT;Hospital de Cascais, PPP;126;5811;16814;23931;481;244;0;47407
2020-05;Região de Saúde LVT;Hospital Distrital de Santarém, EPE;144;5507;19071;14269;628;543;142;40162
2020-05;Região de Saúde Norte;CHU São João;409;10071;29482;15844;1748;236;25968;57790
2020-05;Região de Saúde Norte;CH Trás-os-Montes Alto Douro;179;6239;29979;15715;467;3061;23;55640
2020-05;Região de Saúde Norte;Hospital de Braga, EPE;296;6220;29582;28881;1569;0;391;66548
2020-05;Região de Saúde do Centro;CHU Cova da Beira;43;1494;12893;5543;257;843;20;21073
2020-05;Região de Saúde do Centro;Hospital Figueira Foz;61;1780;12407;6890;90;374;8;21602
2020-05;Região de Saúde LVT;Centro Hospitalar Médio Tejo, EPE;279;5493;20709;15927;363;1875;202;44646
2020-05;Região de Saúde LVT;Hospital Fernando Fonseca;221;8803;24736;43222;1879;2152;241;81013
2020-05;Região de Saúde Norte;CHU Porto;267;5149;25276;7036;971;3184;11326;41883
2020-05;Região de Saúde Norte;Hospital Santa Maria Maior, EPE;30;1641;8098;9459;366;341;0;19935
2020-05;Região de Saúde Norte;ULS Matosinhos;98;4160;12405;8213;888;2326;3509;28090
2020-05;Região de Saúde do Alentejo;Hospital Espírito Santo Évora;104;4005;9906;7098;459;1207;326;22779
2020-05;Região de Saúde do Alentejo;ULS Norte Alentejano;109;2805;11231;12533;464;1133;0;28275
2020-05;Região de Saúde do Centro;CHU Coimbra;418;10909;37654;17973;1222;2732;19667;70908
2020-05;Região de Saúde LVT;Hospital Vila Franca Xira;172;4785;21562;17974;821;761;6;46075
2020-05;Região de Saúde Norte;Centro Hospitalar do Médio Ave, EPE;123;4224;22061;13319;339;653;265;40719
2020-05;Região de Saúde Norte;Centro Hospitalar Tâmega e Sousa, EPE;377;8011;27771;19914;706;4822;5606;61601
2020-05;Região de Saúde Norte;CH Vila Nova Gaia/Espinho;129;5430;32053;15969;559;2413;1830;56553
2020-05;Região de Saúde Norte;Unidade Local de Saúde do Alto Minho, EPE;200;5430;23246;18372;213;576;107;48037
2020-05;Região de Saúde Norte;Unidade Local de Saúde do Nordeste, EPE;116;2610;17449;10089;378;3619;281;34261
2020-05;Região de Saúde do Alentejo;ULS Baixo Alentejo;127;4250;18511;9627;580;271;505;33366
2020-05;Região de Saúde do Alentejo;ULS Litoral Alentejano;36;1240;6901;5276;70;274;15552;13797
2020-05;Região de Saúde do Centro;CH Leiria;296;5397;25905;23367;1543;1389;0;57897
2020-05;Região de Saúde do Centro;Centro Hospitalar do Baixo Vouga, EPE;249;6960;27865;13523;842;2586;121;52025
2020-05;Região de Saúde LVT;CH Barreiro/Montijo;120;3571;18397;12031;602;79;15387;34800
2020-05;Região de Saúde LVT;Centro Hospitalar do Oeste, EPE;199;6112;23995;19927;611;2458;688;53302
2020-05;Região de Saúde LVT;CHU Lisboa Norte;297;7409;26431;30915;2068;1151;6817;68271
2020-05;Região de Saúde Norte;Hospital da Senhora da Oliveira, Guimarães, EPE;72;3193;18039;17678;440;2793;213;42215
2020-04;Região de Saúde do Centro;CH Tondela-Viseu;171;4952;18087;11366;631;1856;4678;37063
2020-04;Região de Saúde LVT;CH Barreiro/Montijo;98;2999;15467;9848;443;71;13649;28926
2020-04;Região de Saúde LVT;Hospital de Loures;133;4994;20339;24992;488;227;47;51173
2020-04;Região de Saúde Norte;Hospital de Braga, EPE;239;5172;24907;23706;1283;0;348;55307
2020-04;Região de Saúde Norte;Hospital Santa Maria Maior, EPE;25;1397;6970;7990;296;274;0;16952
2020-04;Região de Saúde Norte;Unidade Local de Saúde do Nordeste, EPE;94;2202;15022;8649;284;2463;241;28714
2020-04;Região de Saúde do Alentejo;ULS Baixo Alentejo;108;3617;15867;8445;443;219;429;28699
2020-04;Região de Saúde do Centro;CH Leiria;254;4473;21653;19918;1175;1247;0;48720
2020-04;Região de Saúde do Centro;Hospital Figueira Foz;49;1429;10356;5795;73;300;6;18002
2020-04;Região de Saúde do Centro;ULS Castelo Branco;44;1129;8305;6795;329;432;224;17034
2020-04;Região de Saúde LVT;CHU Lisboa Central;261;4298;30102;27510;1241;1154;0;64566
2020-04;Região de Saúde LVT;Centro Hospitalar de Lisboa Ocidental, EPE;82;2164;8492;12871;971;495;17826;25075
2020-04;Região de Saúde LVT;Centro Hospitalar do Oeste, EPE;159;5184;20130;17652;465;2162;463;45752
2020-04;Região de Saúde LVT;Hospital Distrital de Santarém, EPE;122;4675;15603;12940;566;461;104;34367
2020-04;Região de Saúde Norte;Centro Hospitalar do Médio Ave, EPE;102;3557;18593;11102;259;529;265;34142
2020-04;Região de Saúde Norte;CH Póvoa Varzim/Vila Conde;79;1698;8817;7726;264;326;420;18910
2020-04;Região de Saúde Norte;CH Vila Nova Gaia/Espinho;99;4542;26918;12986;438;1964;1671;46947
2020-04;Região de Saúde do Algarve;CHU Algarve;228;12756;38143;34117;2325;4358;616;91927
2020-04;Região de Saúde do Centro;Centro Hospitalar do Baixo Vouga, EPE;219;5928;23649;11630;615;2183;109;44224
2020-04;Região de Saúde do Centro;CHU Coimbra;347;9062;31153;14920;947;2167;17539;58596
2020-04;Região de Saúde LVT;Centro Hospitalar Médio Tejo, EPE;232;4564;17676;13507;273;1465;185;37717
2020-04;Região de Saúde Norte;CHU São João;324;8580;23864;12950;1303;185;22602;47206
2020-04;Região de Saúde Norte;CHU Porto;217;4316;20649;5647;752;1619;9467;33200
2020-04;Região de Saúde Norte;CH Entre Douro e Vouga;253;6118;23186;15094;1185;7944;2262;53780
2020-04;Região de Saúde Norte;Centro Hospitalar Tâmega e Sousa, EPE;310;6714;22729;16768;578;4007;4685;51106
2020-04;Região de Saúde Norte;ULS Matosinhos;86;3489;10159;6680;690;1972;2994;23076
2020-04;Região de Saúde do Alentejo;ULS Norte Alentejano;87;2355;9395;10732;362;966;0;23897
2020-04;Região de Saúde do Centro;ULS Guarda;101;2131;13185;8117;942;897;147;25373
2020-04;Região de Saúde LVT;Hospital de Cascais, PPP;106;5057;14269;20259;269;175;0;40135
2020-04;Região de Saúde LVT;Hospital Vila Franca Xira;136;3974;18240;15270;624;596;6;38840
2020-04;Região de Saúde LVT;Hospital Fernando Fonseca;188;7550;20980;36216;1365;1753;217;68052
2020-04;Região de Saúde Norte;Hospital da Senhora da Oliveira, Guimarães, EPE;60;2664;15382;14976;319;2310;196;35711
2020-04;Região de Saúde Norte;Unidade Local de Saúde do Alto Minho, EPE;163;4646;19917;15783;173;487;94;41169
2020-04;Região de Saúde do Alentejo;Hospital Espírito Santo Évora;86;3379;8180;6034;346;982;279;19007
2020-04;Região de Saúde do Alentejo;ULS Litoral Alentejano;30;1018;5723;4458;54;214;13322;11497
2020-04;Região de Saúde do Centro;CHU Cova da Beira;40;1278;10764;4675;172;705;19;17634
2020-04;Região de Saúde LVT;CH Setúbal;122;3135;11233;7896;597;887;13700;23870
2020-04;Região de Saúde LVT;CHU Lisboa Norte;249;6228;21568;27199;1605;982;5497;57831
2020-04;Região de Saúde LVT;Hospital Garcia de Orta;190;4347;13808;20302;1914;640;814;41201
2020-04;Região de Saúde Norte;CH Trás-os-Montes Alto Douro;145;5267;25381;13196;329;2510;19;46828
2020-03;Região de Saúde do Centro;CHU Cova da Beira;31;1076;9119;4100;116;581;17;15023
2020-03;Região de Saúde do Centro;CHU Coimbra;293;7574;26475;12568;776;1705;15940;49391
2020-03;Região de Saúde do Centro;CH Tondela-Viseu;146;4158;15251;9650;530;1559;3902;31294
2020-03;Região de Saúde LVT;CHU Lisboa Central;179;2390;15824;12057;755;0;24455;31205
2020-03;Região de Saúde LVT;Hospital Fernando Fonseca;153;6429;17853;31172;1029;1424;195;58060
2020-03;Região de Saúde LVT;Hospital Garcia de Orta;148;3652;11655;17321;1563;533;593;34872
2020-03;Região de Saúde Norte;CHU Porto;185;3530;17434;4551;623;1073;6647;27396
2020-03;Região de Saúde Norte;CH Trás-os-Montes Alto Douro;123;4510;22138;11354;267;2069;17;40461
2020-03;Região de Saúde Norte;Unidade Local de Saúde do Nordeste, EPE;85;1894;13452;7633;225;1265;83;24554
2020-03;Região de Saúde do Alentejo;ULS Baixo Alentejo;89;3135;13903;7687;366;157;233;25337
2020-03;Região de Saúde do Alentejo;ULS Norte Alentejano;65;1999;8129;9390;274;626;0;20483
2020-03;Região de Saúde LVT;Hospital Vila Franca Xira;109;3348;15760;13172;447;438;6;33274
2020-03;Região de Saúde Norte;CHU São João;270;7287;19801;9201;1069;156;20092;37784
2020-03;Região de Saúde Norte;CH Póvoa Varzim/Vila Conde;61;1408;7724;6424;170;203;408;15990
2020-03;Região de Saúde Norte;Hospital da Senhora da Oliveira, Guimarães, EPE;46;2255;13265;12660;243;1791;180;30260
2020-03;Região de Saúde Norte;Hospital de Braga, EPE;188;4320;21634;19904;1122;0;317;47168
2020-03;Região de Saúde Norte;Hospital Santa Maria Maior, EPE;20;1187;6085;6833;251;215;0;14591
2020-03;Região de Saúde do Algarve;CHU Algarve;197;10927;33341;30328;1804;3414;494;80011
2020-03;Região de Saúde do Centro;ULS Guarda;78;1886;11608;7172;782;667;127;22193
2020-03;Região de Saúde LVT;CHU Lisboa Norte;203;5363;18321;24336;1281;655;4475;50159
2020-03;Região de Saúde LVT;Centro Hospitalar Médio Tejo, EPE;199;3867;15546;11585;207;997;153;32401
2020-03;Região de Saúde LVT;Hospital de Cascais, PPP;89;4427;12431;17669;161;127;0;34904
2020-03;Região de Saúde LVT;Hospital de Loures;116;4316;16819;22032;355;171;35;43809
2020-03;Região de Saúde Norte;CH Vila Nova Gaia/Espinho;83;3779;22965;10788;337;1662;702;39614
2020-03;Região de Saúde do Alentejo;Hospital Espírito Santo Évora;75;2854;6957;5262;269;780;233;16197
2020-03;Região de Saúde do Alentejo;ULS Litoral Alentejano;23;852;4906;3828;39;182;11739;9830
2020-03;Região de Saúde LVT;CH Barreiro/Montijo;85;2538;13316;8229;313;61;12407;24542
2020-03;Região de Saúde LVT;Centro Hospitalar do Oeste, EPE;132;4429;17322;16038;363;1683;301;39967
2020-03;Região de Saúde Norte;Centro Hospitalar do Médio Ave, EPE;79;3006;16031;9145;210;447;265;28918
2020-03;Região de Saúde Norte;ULS Matosinhos;69;2863;8401;5345;566;1322;2519;18566
2020-03;Região de Saúde do Centro;CH Leiria;204;3729;18767;16903;831;1087;0;41521
2020-03;Região de Saúde do Centro;Centro Hospitalar do Baixo Vouga, EPE;188;5029;20621;10024;493;1837;99;38192
2020-03;Região de Saúde do Centro;Hospital Figueira Foz;45;1174;8906;5089;47;219;4;15480
2020-03;Região de Saúde do Centro;ULS Castelo Branco;42;900;7213;5953;263;335;66;14706
2020-03;Região de Saúde LVT;Centro Hospitalar de Lisboa Ocidental, EPE;64;1812;7142;10772;709;419;15870;20918
2020-03;Região de Saúde LVT;CH Setúbal;94;2574;9395;6282;358;772;12281;19475
2020-03;Região de Saúde LVT;Hospital Distrital de Santarém, EPE;104;4056;13457;11501;469;395;99;29982
2020-03;Região de Saúde Norte;CH Entre Douro e Vouga;206;5107;19456;13399;995;7687;1898;46850
2020-03;Região de Saúde Norte;Centro Hospitalar Tâmega e Sousa, EPE;254;5663;19156;13220;288;3082;3634;41663
2020-03;Região de Saúde Norte;Unidade Local de Saúde do Alto Minho, EPE;132;3962;17642;13872;137;384;84;36129
2020-02;Região de Saúde do Centro;CHU Cova da Beira;25;818;7086;3186;98;436;12;11649
2020-02;Região de Saúde LVT;Hospital Garcia de Orta;114;2781;9002;13025;1163;320;381;26405
2020-02;Região de Saúde Norte;Centro Hospitalar Tâmega e Sousa, EPE;198;4406;14499;10147;184;2222;2707;31656
2020-02;Região de Saúde Norte;CH Trás-os-Montes Alto Douro;89;3460;17400;9020;192;1318;13;31479
2020-02;Região de Saúde Norte;CH Vila Nova Gaia/Espinho;60;2808;17860;8509;242;1291;239;30770
2020-02;Região de Saúde Norte;Unidade Local de Saúde do Alto Minho, EPE;101;3054;14004;10862;105;262;62;28388
2020-02;Região de Saúde Norte;Unidade Local de Saúde do Nordeste, EPE;63;1475;10691;5812;162;549;33;18752
2020-02;Região de Saúde do Algarve;CHU Algarve;144;8341;25900;23582;1312;2230;382;61509
2020-02;Região de Saúde do Centro;CH Tondela-Viseu;111;3166;11647;7407;403;1188;2957;23922
2020-02;Região de Saúde do Centro;ULS Castelo Branco;36;650;5496;4585;186;229;17;11182
2020-02;Região de Saúde LVT;CH Setúbal;58;1933;7053;4587;194;609;9889;14434
2020-02;Região de Saúde LVT;CHU Lisboa Norte;157;4250;14707;18724;1021;423;3411;39282
2020-02;Região de Saúde LVT;Hospital de Cascais, PPP;75;3393;9736;13730;94;94;0;27122
2020-02;Região de Saúde LVT;Hospital de Loures;89;3336;12619;17082;255;114;22;33495
2020-02;Região de Saúde LVT;Hospital Vila Franca Xira;83;2488;12277;10403;337;306;6;25894
2020-02;Região de Saúde Norte;Hospital da Senhora da Oliveira, Guimarães, EPE;40;1710;10231;9859;167;1307;142;23314
2020-02;Região de Saúde Norte;Hospital Santa Maria Maior, EPE;14;893;4740;5329;180;159;0;11315
2020-02;Região de Saúde do Alentejo;ULS Baixo Alentejo;64;2373;10634;6038;281;116;101;19506
2020-02;Região de Saúde do Alentejo;ULS Norte Alentejano;54;1526;6285;7248;189;439;0;15741
2020-02;Região de Saúde do Centro;CHU Coimbra;223;5645;20505;9210;623;1141;13020;37347
2020-02;Região de Saúde do Centro;Hospital Figueira Foz;31;895;6969;4080;31;157;2;12163
2020-02;Região de Saúde LVT;CH Barreiro/Montijo;65;1883;10208;6124;205;41;9961;18526
2020-02;Região de Saúde LVT;Centro Hospitalar de Lisboa Ocidental, EPE;49;1342;5559;8154;530;234;12639;15868
2020-02;Região de Saúde Norte;CHU São João;196;4370;15540;6121;875;131;16196;27233
2020-02;Região de Saúde Norte;Centro Hospitalar do Médio Ave, EPE;59;2332;12381;6844;137;312;263;22065
2020-02;Região de Saúde Norte;CHU Porto;143;2693;13757;3615;489;598;3874;21295
2020-02;Região de Saúde Norte;CH Entre Douro e Vouga;129;3932;15206;10274;715;6596;1490;36852
2020-02;Região de Saúde Norte;CH Póvoa Varzim/Vila Conde;46;1070;6104;4859;117;140;328;12336
2020-02;Região de Saúde do Alentejo;ULS Litoral Alentejano;19;632;3778;2955;21;143;8957;7548
2020-02;Região de Saúde do Centro;CH Leiria;156;2791;14357;12752;563;718;0;31337
2020-02;Região de Saúde do Centro;Centro Hospitalar do Baixo Vouga, EPE;154;3910;16195;7796;357;1087;75;29499
2020-02;Região de Saúde LVT;Centro Hospitalar do Oeste, EPE;96;3470;13487;12880;270;1169;138;31372
2020-02;Região de Saúde LVT;Centro Hospitalar Médio Tejo, EPE;144;2951;12055;8810;125;622;132;24707
2020-02;Região de Saúde do Alentejo;Hospital Espírito Santo Évora;57;2135;5353;4060;177;559;177;12341
2020-02;Região de Saúde do Centro;ULS Guarda;55;1400;8909;5389;578;475;35;16806
2020-02;Região de Saúde LVT;CHU Lisboa Central;135;1710;12200;8991;562;0;19316;23598
2020-02;Região de Saúde LVT;Hospital Distrital de Santarém, EPE;74;3186;10536;9133;347;292;79;23568
2020-02;Região de Saúde LVT;Hospital Fernando Fonseca;113;4912;13873;23817;739;1034;144;44488
2020-02;Região de Saúde Norte;Hospital de Braga, EPE;151;3311;17046;14954;789;0;248;36251
2020-02;Região de Saúde Norte;ULS Matosinhos;46;2179;6412;4056;454;336;1854;13483
2020-01;Região de Saúde do Alentejo;ULS Norte Alentejano;24;818;3296;3764;98;237;0;8237
2020-01;Região de Saúde do Centro;ULS Guarda;28;773;4727;2809;291;250;20;8878
2020-01;Região de Saúde do Centro;ULS Castelo Branco;21;344;2811;2436;105;106;11;5823
2020-01;Região de Saúde LVT;Centro Hospitalar de Lisboa Ocidental, EPE;23;683;2930;4191;282;120;6611;8229
2020-01;Região de Saúde LVT;CHU Lisboa Norte;81;2286;7796;9820;528;213;1824;20724
2020-01;Região de Saúde Norte;CH Vila Nova Gaia/Espinho;33;1490;9278;4377;119;676;150;15973
2020-01;Região de Saúde do Alentejo;ULS Baixo Alentejo;32;1292;5571;3205;154;64;60;10318
2020-01;Região de Saúde LVT;CH Setúbal;35;1018;3619;2397;108;315;5133;7492
2020-01;Região de Saúde LVT;Centro Hospitalar Médio Tejo, EPE;77;1552;6045;4524;73;313;64;12584
2020-01;Região de Saúde LVT;Hospital de Cascais, PPP;39;1803;4985;7074;55;38;0;13994
2020-01;Região de Saúde LVT;Hospital de Loures;44;1807;6530;8814;126;55;7;17376
2020-01;Região de Saúde LVT;Hospital Fernando Fonseca;60;2588;7402;12317;399;555;74;23321
2020-01;Região de Saúde LVT;Hospital Garcia de Orta;61;1495;4819;7004;610;176;219;14165
2020-01;Região de Saúde Norte;CH Trás-os-Montes Alto Douro;56;1891;9226;4697;93;728;9;16691
2020-01;Região de Saúde do Alentejo;Hospital Espírito Santo Évora;33;1114;2789;2139;104;301;97;6480
2020-01;Região de Saúde do Centro;CHU Cova da Beira;16;429;3751;1577;45;243;9;6061
2020-01;Região de Saúde do Centro;CH Leiria;89;1498;7267;6573;283;360;0;16070
2020-01;Região de Saúde do Centro;CH Tondela-Viseu;59;1673;6170;3938;213;628;1558;12681
2020-01;Região de Saúde LVT;CH Barreiro/Montijo;29;1022;5257;3228;120;26;5144;9682
2020-01;Região de Saúde LVT;CHU Lisboa Central;60;935;6477;4576;276;0;10230;12324
2020-01;Região de Saúde Norte;Centro Hospitalar Tâmega e Sousa, EPE;101;2377;7525;5360;85;1174;1455;16622
2020-01;Região de Saúde Norte;Hospital Santa Maria Maior, EPE;8;465;2465;2766;97;84;0;5885
2020-01;Região de Saúde Norte;Unidade Local de Saúde do Nordeste, EPE;34;806;5857;3118;77;285;19;10177
2020-01;Região de Saúde do Algarve;CHU Algarve;55;4408;13568;12282;716;1126;253;32155
2020-01;Região de Saúde do Centro;Centro Hospitalar do Baixo Vouga, EPE;79;2180;8498;4364;188;557;49;15866
2020-01;Região de Saúde do Centro;Hospital Figueira Foz;17;501;3634;2037;11;75;1;6275
2020-01;Região de Saúde LVT;Centro Hospitalar do Oeste, EPE;53;1918;7068;6638;121;614;83;16412
2020-01;Região de Saúde LVT;Hospital Vila Franca Xira;36;1294;6463;5150;166;130;3;13239
2020-01;Região de Saúde Norte;CHU São João;91;2286;8162;3181;465;117;8610;14302
2020-01;Região de Saúde Norte;CH Entre Douro e Vouga;82;2079;7857;5258;366;3623;776;19265
2020-01;Região de Saúde Norte;Hospital de Braga, EPE;80;1821;8724;7612;400;0;134;18637
2020-01;Região de Saúde Norte;ULS Matosinhos;26;1201;3349;2140;223;162;928;7101
2020-01;Região de Saúde Norte;Unidade Local de Saúde do Alto Minho, EPE;58;1698;7380;5896;53;152;28;15237
2020-01;Região de Saúde do Alentejo;ULS Litoral Alentejano;9;319;1955;1484;8;65;4555;3840
2020-01;Região de Saúde do Centro;CHU Coimbra;125;2943;10711;4682;352;566;7214;19379
2020-01;Região de Saúde LVT;Hospital Distrital de Santarém, EPE;36;1713;5562;4713;165;178;51;12367
2020-01;Região de Saúde Norte;Centro Hospitalar do Médio Ave, EPE;38;1200;6263;3584;93;165;240;11343
2020-01;Região de Saúde Norte;CHU Porto;84;1378;7195;1820;248;299;2044;11024
2020-01;Região de Saúde Norte;CH Póvoa Varzim/Vila Conde;20;586;3335;2451;67;92;183;6551
2020-01;Região de Saúde Norte;Hospital da Senhora da Oliveira, Guimarães, EPE;28;933;5228;5018;88;653;77;11948
2019-12;Região de Saúde do Alentejo;ULS Litoral Alentejano;100;4551;23326;16442;137;951;47726;45507
2019-12;Região de Saúde LVT;CH Setúbal;324;10218;46899;31986;692;3135;53682;93254
2019-12;Região de Saúde LVT;Hospital Distrital de Santarém, EPE;395;15384;59072;54856;655;2033;251;132395
2019-12;Região de Saúde Norte;Centro Hospitalar do Médio Ave, EPE;302;12932;73977;42679;960;2133;44;132983
2019-12;Região de Saúde Norte;Hospital da Senhora da Oliveira, Guimarães, EPE;216;10464;60200;59100;1246;7790;759;139016
2019-12;Região de Saúde do Alentejo;ULS Norte Alentejano;304;8613;37465;40737;1120;2652;0;90891
2019-12;Região de Saúde LVT;Centro Hospitalar de Lisboa Ocidental, EPE;266;7891;34739;45611;3109;1263;70055;92879
2019-12;Região de Saúde Norte;CHU Porto;775;15724;85356;21494;2465;3254;24034;129068
2019-12;Região de Saúde Norte;CH Entre Douro e Vouga;736;23377;91356;55144;3804;35009;8196;209426
2019-12;Região de Saúde Norte;Centro Hospitalar Tâmega e Sousa, EPE;961;22359;83405;59321;838;12342;15332;179226
2019-12;Região de Saúde Norte;Hospital de Braga, EPE;867;17944;100868;97072;5269;0;1624;222020
2019-12;Região de Saúde Norte;ULS Matosinhos;330;12935;38787;22783;1861;1946;10934;78642
2019-12;Região de Saúde do Centro;CH Leiria;695;15786;87138;77428;4041;4465;0;189553
2019-12;Região de Saúde do Centro;CH Tondela-Viseu;525;17141;71956;45054;2230;6981;17043;143887
2019-12;Região de Saúde do Centro;Hospital Figueira Foz;163;5008;42993;24320;192;1203;56;73879
2019-12;Região de Saúde do Centro;ULS Castelo Branco;122;3399;32145;27503;1299;1305;121;65773
2019-12;Região de Saúde LVT;CHU Lisboa Norte;851;16212;71507;87725;6011;2090;67295;184396
2019-12;Região de Saúde LVT;Centro Hospitalar Médio Tejo, EPE;759;14735;71815;56591;958;3873;580;148731
2019-12;Região de Saúde LVT;Hospital de Cascais, PPP;428;18572;56748;84209;626;439;0;161022
2019-12;Região de Saúde LVT;Hospital de Loures;479;17666;75802;104322;1392;697;161;200358
2019-12;Região de Saúde LVT;Hospital Vila Franca Xira;471;13312;67274;58527;2213;2403;28;144200
2019-12;Região de Saúde Norte;CHU São João;1140;24449;94355;40538;5092;2072;91961;167646
2019-12;Região de Saúde Norte;CH Trás-os-Montes Alto Douro;476;18587;104139;51450;1218;7480;68;183350
2019-12;Região de Saúde Norte;CH Vila Nova Gaia/Espinho;375;16599;104264;53853;1918;7525;1340;184534
2019-12;Região de Saúde Norte;Hospital Santa Maria Maior, EPE;101;5290;28681;27792;1137;672;0;63673
2019-12;Região de Saúde Norte;Unidade Local de Saúde do Alto Minho, EPE;464;17926;83925;61687;733;1750;635;166485
2019-12;Região de Saúde do Alentejo;Hospital Espírito Santo Évora;349;11645;32651;24657;1158;3056;998;73516
2019-12;Região de Saúde do Algarve;CHU Algarve;1003;47682;156964;136600;5531;13174;1945;360954
2019-12;Região de Saúde do Centro;CHU Cova da Beira;135;3523;39781;11404;295;1889;13935;57027
2019-12;Região de Saúde LVT;CH Barreiro/Montijo;346;11321;57921;35199;1199;3897;49038;109883
2019-12;Região de Saúde Norte;CH Póvoa Varzim/Vila Conde;315;5869;36092;27829;645;1181;1695;71931
2019-12;Região de Saúde Norte;Unidade Local de Saúde do Nordeste, EPE;283;8313;63739;35206;963;3326;278;111830
2019-12;Região de Saúde do Alentejo;ULS Baixo Alentejo;323;12588;58626;30448;1422;716;2033;104123
2019-12;Região de Saúde do Centro;Centro Hospitalar do Baixo Vouga, EPE;672;19797;96507;49493;1824;7105;412;175398
2019-12;Região de Saúde do Centro;CHU Coimbra;1258;29770;120350;49020;3825;1854;92962;206077
2019-12;Região de Saúde do Centro;ULS Guarda;310;8109;51973;33094;3280;3463;347;100229
2019-12;Região de Saúde LVT;CHU Lisboa Central;706;9434;70887;61931;3497;0;101202;146455
2019-12;Região de Saúde LVT;Centro Hospitalar do Oeste, EPE;505;18429;79746;74423;1673;7339;511;182115
2019-12;Região de Saúde LVT;Hospital Fernando Fonseca;695;27510;81475;141332;4730;5366;1118;261108
2019-12;Região de Saúde LVT;Hospital Garcia de Orta;760;15043;50431;86180;7257;1643;2407;161314
2019-11;Região de Saúde do Alentejo;ULS Litoral Alentejano;92;4174;21396;15081;125;872;43636;41740
2019-11;Região de Saúde do Centro;CH Leiria;630;14408;79419;69994;3713;4078;0;172242
2019-11;Região de Saúde do Centro;CHU Coimbra;1165;27428;110873;45145;3531;1707;83818;189849
2019-11;Região de Saúde LVT;Centro Hospitalar de Lisboa Ocidental, EPE;233;7150;31904;41465;2866;1136;63371;84754
2019-11;Região de Saúde Norte;CHU São João;1050;22309;86424;37237;4676;1927;82363;153623
2019-11;Região de Saúde Norte;Centro Hospitalar do Médio Ave, EPE;272;11697;67308;38656;878;1942;43;120753
2019-11;Região de Saúde Norte;CH Póvoa Varzim/Vila Conde;278;3827;26206;19403;346;1104;1539;51164
2019-11;Região de Saúde Norte;Centro Hospitalar Tâmega e Sousa, EPE;857;20382;76048;53879;773;11327;13988;163266
2019-11;Região de Saúde Norte;CH Vila Nova Gaia/Espinho;349;15163;95172;48706;1755;6864;1150;168009
2019-11;Região de Saúde do Alentejo;Hospital Espírito Santo Évora;319;10573;30032;22476;1070;2779;808;67249
2019-11;Região de Saúde do Alentejo;ULS Norte Alentejano;280;7908;34448;37017;1019;2444;0;83116
2019-11;Região de Saúde LVT;Centro Hospitalar do Oeste, EPE;454;16625;72377;66802;1507;6735;410;164500
2019-11;Região de Saúde LVT;Hospital de Cascais, PPP;399;16488;51704;76753;583;403;0;146330
2019-11;Região de Saúde Norte;Unidade Local de Saúde do Alto Minho, EPE;422;16428;77044;56026;681;1599;615;152200
2019-11;Região de Saúde do Centro;CHU Cova da Beira;117;3127;36159;9863;235;1621;13927;51122
2019-11;Região de Saúde do Centro;CH Tondela-Viseu;478;15716;65948;40979;2034;6362;15619;131517
2019-11;Região de Saúde do Centro;Hospital Figueira Foz;144;4566;39259;21868;179;1123;53;67139
2019-11;Região de Saúde LVT;CHU Lisboa Central;642;8530;64703;56984;3147;0;90193;134006
2019-11;Região de Saúde LVT;Centro Hospitalar Médio Tejo, EPE;698;13443;65090;51400;908;4023;0;135562
2019-11;Região de Saúde Norte;Unidade Local de Saúde do Nordeste, EPE;260;7580;58082;32216;881;3045;260;102064
2019-11;Região de Saúde do Algarve;CHU Algarve;930;43406;144263;125248;4987;12050;1907;330884
2019-11;Região de Saúde do Centro;Centro Hospitalar do Baixo Vouga, EPE;620;17799;88176;44759;1677;6439;357;159470
2019-11;Região de Saúde LVT;CH Barreiro/Montijo;318;10343;52783;32292;1127;3462;44114;100325
2019-11;Região de Saúde LVT;CH Setúbal;296;9312;42743;29151;631;2857;48925;84990
2019-11;Região de Saúde LVT;Hospital Distrital de Santarém, EPE;356;13807;53842;50046;522;1911;229;120484
2019-11;Região de Saúde LVT;Hospital Fernando Fonseca;638;24765;74222;128371;4324;4870;1031;237190
2019-11;Região de Saúde LVT;Hospital Garcia de Orta;685;13735;46094;79535;6810;1483;2223;148342
2019-11;Região de Saúde Norte;CHU Porto;709;14357;78257;19799;2244;2897;21995;118263
2019-11;Região de Saúde Norte;CH Entre Douro e Vouga;647;21428;83409;49743;3479;30628;7380;189334
2019-11;Região de Saúde Norte;Hospital de Braga, EPE;802;16197;91633;88748;4873;0;1441;202253
2019-11;Região de Saúde do Alentejo;ULS Baixo Alentejo;299;11365;53550;27733;1318;648;1979;94913
2019-11;Região de Saúde do Centro;ULS Guarda;277;7449;47645;30160;2989;3205;321;91725
2019-11;Região de Saúde do Centro;ULS Castelo Branco;115;3107;29382;24992;1209;1182;115;59987
2019-11;Região de Saúde LVT;CHU Lisboa Norte;786;14833;65326;80522;5573;1892;60634;168932
2019-11;Região de Saúde LVT;Hospital de Loures;432;15762;68954;95148;1266;643;157;182205
2019-11;Região de Saúde LVT;Hospital Vila Franca Xira;418;11893;61266;52449;2044;2212;28;130282
2019-11;Região de Saúde Norte;CH Trás-os-Montes Alto Douro;444;17113;95423;47025;1121;6899;55;168025
2019-11;Região de Saúde Norte;Hospital da Senhora da Oliveira, Guimarães, EPE;193;9597;54849;53929;1172;7099;674;126839
2019-11;Região de Saúde Norte;Hospital Santa Maria Maior, EPE;91;4821;25985;25035;1070;593;0;57595
2019-11;Região de Saúde Norte;ULS Matosinhos;302;11813;35542;20779;1685;1793;10009;71914
2019-10;Região de Saúde do Alentejo;ULS Norte Alentejano;258;7232;31380;33612;942;2246;0;75670
2019-10;Região de Saúde do Centro;CH Leiria;570;13027;71826;63389;3418;3758;0;155988
2019-10;Região de Saúde LVT;CH Barreiro/Montijo;280;9413;47794;29556;1031;3163;39552;91237
2019-10;Região de Saúde LVT;Hospital de Loures;404;14122;62521;86321;1134;564;145;165066
2019-10;Região de Saúde do Alentejo;Hospital Espírito Santo Évora;287;9650;27313;20561;994;2518;731;61323
2019-10;Região de Saúde do Centro;CHU Cova da Beira;97;2666;32295;8141;106;1386;13919;44691
2019-10;Região de Saúde do Centro;Centro Hospitalar do Baixo Vouga, EPE;559;16005;80180;40588;1523;5815;311;144670
2019-10;Região de Saúde do Centro;CH Tondela-Viseu;433;14289;59998;36786;1847;5813;14254;119166
2019-10;Região de Saúde LVT;Hospital Distrital de Santarém, EPE;331;12593;48857;45507;484;1782;219;109554
2019-10;Região de Saúde Norte;CHU São João;958;20352;78877;34020;4250;1787;73849;140244
2019-10;Região de Saúde Norte;CH Póvoa Varzim/Vila Conde;259;3420;23736;17543;301;1014;1424;46273
2019-10;Região de Saúde Norte;CH Trás-os-Montes Alto Douro;392;15669;86410;42661;1002;6337;48;152471
2019-10;Região de Saúde Norte;Hospital da Senhora da Oliveira, Guimarães, EPE;175;8807;49704;48814;1093;6490;604;115083
2019-10;Região de Saúde Norte;Unidade Local de Saúde do Alto Minho, EPE;380;14994;70185;50590;627;1456;583;138232
2019-10;Região de Saúde do Alentejo;ULS Litoral Alentejano;84;3838;19672;13866;115;802;40163;38377
2019-10;Região de Saúde LVT;CHU Lisboa Norte;722;13444;59479;73563;5063;1692;54457;153963
2019-10;Região de Saúde LVT;Centro Hospitalar Médio Tejo, EPE;644;12186;59049;46586;840;3692;0;122997
2019-10;Região de Saúde LVT;Hospital de Cascais, PPP;366;14647;46938;69754;527;366;0;132598
2019-10;Região de Saúde Norte;CHU Porto;652;13092;71569;17865;2001;2551;20273;107730
2019-10;Região de Saúde do Centro;ULS Guarda;238;6809;43472;27260;2661;2980;303;83420
2019-10;Região de Saúde LVT;CH Setúbal;269;8474;38895;26527;574;2600;44520;77339
2019-10;Região de Saúde LVT;Hospital Fernando Fonseca;579;22369;67619;116222;3895;4313;980;214997
2019-10;Região de Saúde Norte;CH Entre Douro e Vouga;587;19620;75919;45247;3108;27190;6820;171671
2019-10;Região de Saúde Norte;CH Vila Nova Gaia/Espinho;318;13840;86616;43692;1580;6260;1012;152306
2019-10;Região de Saúde Norte;Hospital de Braga, EPE;713;14805;83177;80561;4455;0;1270;183711
2019-10;Região de Saúde Norte;Unidade Local de Saúde do Nordeste, EPE;241;6938;52596;29354;816;2757;236;92702
2019-10;Região de Saúde do Alentejo;ULS Baixo Alentejo;270;10271;48803;25332;1216;581;1939;86473
2019-10;Região de Saúde do Algarve;CHU Algarve;857;39682;132557;115077;4446;10977;1904;303596
2019-10;Região de Saúde do Centro;CHU Coimbra;1097;25544;99924;41809;3293;1545;75470;173212
2019-10;Região de Saúde do Centro;Hospital Figueira Foz;127;4196;35946;19837;160;1016;49;61282
2019-10;Região de Saúde do Centro;ULS Castelo Branco;99;2838;26611;22406;1103;1085;104;54142
2019-10;Região de Saúde LVT;CHU Lisboa Central;579;7788;58614;52355;2873;0;80742;122209
2019-10;Região de Saúde LVT;Centro Hospitalar de Lisboa Ocidental, EPE;211;6585;29077;37412;2659;1043;57363;76987
2019-10;Região de Saúde LVT;Centro Hospitalar do Oeste, EPE;408;15154;65990;60148;1360;6126;364;149186
2019-10;Região de Saúde LVT;Hospital Vila Franca Xira;366;10751;55586;46969;1834;2033;26;117539
2019-10;Região de Saúde LVT;Hospital Garcia de Orta;617;12628;42116;73416;6267;1337;2088;136381
2019-10;Região de Saúde Norte;Centro Hospitalar do Médio Ave, EPE;256;10677;61144;35178;815;1752;7;109822
2019-10;Região de Saúde Norte;Centro Hospitalar Tâmega e Sousa, EPE;769;18456;68734;48752;707;10342;12713;147760
2019-10;Região de Saúde Norte;Hospital Santa Maria Maior, EPE;82;4403;23534;22805;989;529;0;52342
2019-10;Região de Saúde Norte;ULS Matosinhos;283;10805;32459;18961;1499;1655;9138;65662
2019-09;Região de Saúde LVT;CHU Lisboa Norte;655;12050;52965;65904;4491;1481;48213;137546
2019-09;Região de Saúde LVT;Hospital de Cascais, PPP;328;12906;41849;62069;469;320;0;117941
2019-09;Região de Saúde Norte;CHU São João;848;18242;70554;30716;3804;1612;65357;125776
2019-09;Região de Saúde Norte;CHU Porto;588;11771;64322;15817;1787;2237;18200;96522
2019-09;Região de Saúde Norte;CH Trás-os-Montes Alto Douro;351;14102;77520;38199;889;5703;42;136764
2019-09;Região de Saúde Norte;Hospital da Senhora da Oliveira, Guimarães, EPE;161;7961;44518;43507;1017;5794;555;102958
2019-09;Região de Saúde Norte;Hospital de Braga, EPE;627;13347;74608;71963;3909;0;1160;164454
2019-09;Região de Saúde LVT;CH Barreiro/Montijo;250;8446;42683;26382;927;2836;34683;81524
2019-09;Região de Saúde LVT;Hospital Vila Franca Xira;311;9586;49229;41500;1618;1862;20;104106
2019-09;Região de Saúde LVT;Hospital Distrital de Santarém, EPE;299;11275;43639;40671;451;1607;202;97942
2019-09;Região de Saúde Norte;Centro Hospitalar do Médio Ave, EPE;232;9592;54354;31681;747;1595;7;98201
2019-09;Região de Saúde Norte;CH Entre Douro e Vouga;526;17688;68289;40314;2669;23943;6061;153429
2019-09;Região de Saúde Norte;CH Vila Nova Gaia/Espinho;288;12525;77629;38608;1399;5600;922;136049
2019-09;Região de Saúde Norte;Hospital Santa Maria Maior, EPE;73;3947;21061;20371;886;487;0;46825
2019-09;Região de Saúde do Alentejo;ULS Litoral Alentejano;77;2912;17294;13461;122;649;36206;34515
2019-09;Região de Saúde do Alentejo;ULS Norte Alentejano;228;6509;28079;30067;848;2024;0;67755
2019-09;Região de Saúde do Centro;CHU Cova da Beira;90;2357;28849;7234;56;1236;12810;39822
2019-09;Região de Saúde do Centro;CHU Coimbra;981;22855;89408;37408;2946;1383;67085;154981
2019-09;Região de Saúde do Centro;CH Tondela-Viseu;404;12878;53686;32751;1638;5236;12828;106593
2019-09;Região de Saúde do Centro;Hospital Figueira Foz;119;3757;32355;17748;142;927;43;55048
2019-09;Região de Saúde do Centro;ULS Guarda;214;6105;38990;24391;2382;2749;275;74831
2019-09;Região de Saúde LVT;Centro Hospitalar de Lisboa Ocidental, EPE;188;5952;26181;33110;2361;939;50884;68731
2019-09;Região de Saúde LVT;CH Setúbal;243;7631;34843;23896;520;2346;39433;69479
2019-09;Região de Saúde LVT;Hospital Garcia de Orta;554;11394;37685;66024;5550;1186;1947;122393
2019-09;Região de Saúde do Alentejo;ULS Baixo Alentejo;245;9203;43674;22646;1101;515;1709;77384
2019-09;Região de Saúde do Centro;ULS Castelo Branco;93;2534;23632;20113;1018;972;95;48362
2019-09;Região de Saúde LVT;Hospital Fernando Fonseca;511;19963;60518;102990;3396;3823;893;191201
2019-09;Região de Saúde Norte;Centro Hospitalar Tâmega e Sousa, EPE;676;16631;61466;43621;638;9365;11435;132397
2019-09;Região de Saúde do Alentejo;Hospital Espírito Santo Évora;251;8618;24442;18306;917;2237;648;54771
2019-09;Região de Saúde do Algarve;CHU Algarve;765;35755;119308;103512;3925;9837;1476;273102
2019-09;Região de Saúde do Centro;CH Leiria;520;11653;63940;56537;3048;3444;0;139142
2019-09;Região de Saúde do Centro;Centro Hospitalar do Baixo Vouga, EPE;499;14375;71335;36077;1394;5177;286;128857
2019-09;Região de Saúde LVT;CHU Lisboa Central;519;7015;52180;46905;2543;0;71290;109162
2019-09;Região de Saúde LVT;Centro Hospitalar do Oeste, EPE;370;13668;59131;53060;1201;5372;307;132802
2019-09;Região de Saúde LVT;Centro Hospitalar Médio Tejo, EPE;567;10852;52705;41650;766;3366;0;109906
2019-09;Região de Saúde LVT;Hospital de Loures;363;12505;55412;76919;1020;495;134;146714
2019-09;Região de Saúde Norte;CH Póvoa Varzim/Vila Conde;241;3060;21154;15605;259;928;1286;41247
2019-09;Região de Saúde Norte;ULS Matosinhos;257;9712;29029;16961;1301;1504;8196;58764
2019-09;Região de Saúde Norte;Unidade Local de Saúde do Alto Minho, EPE;346;13581;63141;45144;562;1310;547;124084
2019-09;Região de Saúde Norte;Unidade Local de Saúde do Nordeste, EPE;213;6299;47200;26196;732;2538;223;83178
2019-08;Região de Saúde do Algarve;CHU Algarve;693;31758;105622;91776;3375;8692;1284;241916
2019-08;Região de Saúde do Centro;Centro Hospitalar do Baixo Vouga, EPE;443;12838;63341;32109;1226;4537;266;114494
2019-08;Região de Saúde LVT;CH Barreiro/Montijo;220;7495;37682;23419;830;2520;30885;72166
2019-08;Região de Saúde LVT;CHU Lisboa Central;466;6308;46085;41830;2278;0;63866;96967
2019-08;Região de Saúde LVT;CH Setúbal;217;6847;30872;21078;464;2070;35216;61548
2019-08;Região de Saúde Norte;CHU Porto;531;10559;57062;14055;1574;1941;16114;85722
2019-08;Região de Saúde Norte;Centro Hospitalar Tâmega e Sousa, EPE;611;14836;54791;39063;562;8436;10145;118299
2019-08;Região de Saúde Norte;Hospital Santa Maria Maior, EPE;63;3540;18775;18229;792;428;0;41827
2019-08;Região de Saúde do Alentejo;ULS Litoral Alentejano;68;3073;15750;11101;92;642;32336;30726
2019-08;Região de Saúde do Centro;CHU Cova da Beira;83;2108;25631;6565;52;1089;11684;35528
2019-08;Região de Saúde do Centro;Hospital Figueira Foz;109;3347;28716;15905;126;840;38;49043
2019-08;Região de Saúde LVT;Hospital Vila Franca Xira;274;8615;43761;36744;1404;1664;18;92462
2019-08;Região de Saúde LVT;Hospital Fernando Fonseca;452;17922;53624;91213;3045;3381;839;169637
2019-08;Região de Saúde Norte;Hospital da Senhora da Oliveira, Guimarães, EPE;149;7230;39609;38659;897;5106;505;91650
2019-08;Região de Saúde Norte;ULS Matosinhos;227;8733;25741;14876;1107;1371;7274;52055
2019-08;Região de Saúde do Centro;CH Leiria;465;10323;56770;50140;2731;3112;0;123541
2019-08;Região de Saúde do Centro;ULS Guarda;194;5535;34729;21976;2114;2548;247;67096
2019-08;Região de Saúde LVT;Centro Hospitalar do Oeste, EPE;328;12281;52623;47048;1070;4785;268;118135
2019-08;Região de Saúde LVT;Hospital de Cascais, PPP;295;11313;37071;55031;397;255;0;104362
2019-08;Região de Saúde LVT;Hospital Garcia de Orta;496;10223;33397;58299;4847;1074;1814;108336
2019-08;Região de Saúde Norte;Centro Hospitalar do Médio Ave, EPE;213;8629;48788;28084;677;1434;7;87825
2019-08;Região de Saúde Norte;CH Entre Douro e Vouga;470;15784;60616;35644;2262;21468;5404;136244
2019-08;Região de Saúde Norte;Unidade Local de Saúde do Nordeste, EPE;192;5673;42635;23502;625;2270;207;74897
2019-08;Região de Saúde do Alentejo;Hospital Espírito Santo Évora;223;7693;21736;16405;795;1938;583;48790
2019-08;Região de Saúde do Centro;CH Tondela-Viseu;352;11523;47830;29242;1461;4669;11304;95077
2019-08;Região de Saúde do Centro;ULS Castelo Branco;87;2265;20960;18037;897;865;81;43111
2019-08;Região de Saúde LVT;Centro Hospitalar de Lisboa Ocidental, EPE;173;5375;23233;29241;2054;835;45382;60911
2019-08;Região de Saúde LVT;CHU Lisboa Norte;589;10783;47017;58397;3986;1296;42888;122068
2019-08;Região de Saúde LVT;Hospital de Loures;325;11162;49164;68710;890;428;84;130679
2019-08;Região de Saúde LVT;Hospital Distrital de Santarém, EPE;269;10065;38664;36313;410;1430;188;87151
2019-08;Região de Saúde Norte;CHU São João;744;16243;62683;27026;3321;1396;58187;111413
2019-08;Região de Saúde Norte;CH Trás-os-Montes Alto Douro;318;12667;69242;34159;780;5061;39;122227
2019-08;Região de Saúde Norte;CH Vila Nova Gaia/Espinho;263;11134;68895;34273;1221;4947;827;120733
2019-08;Região de Saúde Norte;Unidade Local de Saúde do Alto Minho, EPE;314;12354;56420;39804;455;1133;429;110480
2019-08;Região de Saúde do Alentejo;ULS Baixo Alentejo;228;8165;38820;20521;992;462;1515;69188
2019-08;Região de Saúde do Alentejo;ULS Norte Alentejano;204;5858;25046;26766;737;1804;0;60415
2019-08;Região de Saúde do Centro;CHU Coimbra;887;20429;79279;33349;2601;1154;59974;137699
2019-08;Região de Saúde LVT;Centro Hospitalar Médio Tejo, EPE;513;9762;47226;37228;692;2744;0;98165
2019-08;Região de Saúde Norte;CH Póvoa Varzim/Vila Conde;226;2711;18755;13890;228;840;1125;36650
2019-08;Região de Saúde Norte;Hospital de Braga;570;11923;66790;64012;3468;0;1049;146763
2019-07;Região de Saúde do Alentejo;ULS Norte Alentejano;186;5215;21766;23555;642;1581;0;52945
2019-07;Região de Saúde LVT;CH Barreiro/Montijo;204;6558;32646;20615;714;2236;27756;62973
2019-07;Região de Saúde LVT;Centro Hospitalar Médio Tejo, EPE;454;8593;41326;32493;604;2400;0;85870
2019-07;Região de Saúde LVT;Hospital Distrital de Santarém, EPE;240;8925;33856;32055;365;1259;171;76700
2019-07;Região de Saúde Norte;CHU Porto;478;9349;49648;11988;1383;1692;13753;74538
2019-07;Região de Saúde Norte;CH Póvoa Varzim/Vila Conde;201;2320;16256;12073;182;744;961;31776
2019-07;Região de Saúde Norte;Centro Hospitalar Tâmega e Sousa, EPE;536;13012;48044;34514;489;7377;8719;103972
2019-07;Região de Saúde Norte;CH Vila Nova Gaia/Espinho;233;9799;60693;30045;1016;4343;752;106129
2019-07;Região de Saúde do Alentejo;Hospital Espírito Santo Évora;204;6861;19027;14528;701;1661;513;42982
2019-07;Região de Saúde do Algarve;CHU Algarve;598;27101;89063;79136;2894;7544;1047;206336
2019-07;Região de Saúde do Centro;CHU Cova da Beira;72;1835;22122;5881;49;957;10486;30916
2019-07;Região de Saúde do Centro;CH Tondela-Viseu;307;10179;41481;25640;1233;4063;9675;82903
2019-07;Região de Saúde LVT;Hospital de Loures;291;9992;43467;60856;764;357;73;115727
2019-07;Região de Saúde LVT;Hospital Vila Franca Xira;251;7675;38493;32665;1198;1394;15;81676
2019-07;Região de Saúde LVT;Hospital Garcia de Orta;420;9046;29341;50542;4238;943;1669;94530
2019-07;Região de Saúde Norte;Unidade Local de Saúde do Alto Minho, EPE;281;10893;48853;33653;386;963;394;95029
2019-07;Região de Saúde Norte;Unidade Local de Saúde do Nordeste, EPE;174;4861;36727;20182;558;1974;188;64476
2019-07;Região de Saúde do Centro;CH Leiria;406;9031;49223;43613;2381;2710;0;107364
2019-07;Região de Saúde do Centro;Centro Hospitalar do Baixo Vouga, EPE;387;11341;55431;28210;1033;3934;233;100336
2019-07;Região de Saúde do Centro;CHU Coimbra;780;18024;69010;29050;2257;929;53358;120050
2019-07;Região de Saúde do Centro;ULS Guarda;176;4849;29889;19308;1812;2293;222;58327
2019-07;Região de Saúde do Centro;ULS Castelo Branco;78;1974;18213;15847;786;753;72;37651
2019-07;Região de Saúde Norte;Centro Hospitalar do Médio Ave, EPE;192;7710;43342;24764;589;1253;6;77850
2019-07;Região de Saúde Norte;CH Entre Douro e Vouga;411;13875;52837;31194;1867;19333;4594;119517
2019-07;Região de Saúde Norte;ULS Matosinhos;209;7769;22625;12791;909;1199;6299;45502
2019-07;Região de Saúde do Alentejo;ULS Baixo Alentejo;205;7172;34211;18554;893;401;886;61436
2019-07;Região de Saúde do Centro;Hospital Figueira Foz;100;2886;24716;13893;105;732;30;42432
2019-07;Região de Saúde Norte;CH Trás-os-Montes Alto Douro;288;11055;59770;29445;668;4317;32;105543
2019-07;Região de Saúde Norte;Hospital de Braga;489;10550;58289;56056;3007;0;838;128391
2019-07;Região de Saúde do Alentejo;ULS Litoral Alentejano;58;2628;13471;9495;79;549;27831;26280
2019-07;Região de Saúde LVT;CHU Lisboa Central;414;5596;40226;36477;1977;0;57558;84690
2019-07;Região de Saúde LVT;Centro Hospitalar de Lisboa Ocidental, EPE;152;4835;20343;25546;1804;726;40633;53406
2019-07;Região de Saúde LVT;CH Setúbal;199;6070;26736;18241;407;1801;31439;53454
2019-07;Região de Saúde LVT;Centro Hospitalar do Oeste, EPE;289;10831;45752;41035;926;4083;218;102916
2019-07;Região de Saúde LVT;CHU Lisboa Norte;508;9679;41304;50569;3479;1113;38329;106652
2019-07;Região de Saúde LVT;Hospital de Cascais, PPP;259;10103;32790;48591;338;185;0;92266
2019-07;Região de Saúde LVT;Hospital Fernando Fonseca;395;16017;47385;80680;2634;2767;413;149878
2019-07;Região de Saúde Norte;CHU São João;661;14247;54786;23213;2787;1219;52200;96913
2019-07;Região de Saúde Norte;Hospital da Senhora da Oliveira, Guimarães, EPE;130;6484;34766;34206;785;4447;464;80818
2019-07;Região de Saúde Norte;Hospital Santa Maria Maior, EPE;56;3160;16468;16098;687;374;0;36843
2019-06;Região de Saúde do Alentejo;ULS Norte Alentejano;164;4521;18595;20097;552;1357;0;45286
2019-06;Região de Saúde LVT;CHU Lisboa Norte;426;8340;35519;42960;2926;948;32971;91119
2019-06;Região de Saúde LVT;Hospital de Cascais, PPP;227;8891;28084;41803;285;141;0;79431
2019-06;Região de Saúde Norte;CHU São João;556;12206;46515;19605;2337;1047;45689;82266
2019-06;Região de Saúde Norte;Centro Hospitalar do Médio Ave, EPE;159;6613;37231;21269;497;1058;6;66827
2019-06;Região de Saúde Norte;Hospital de Braga;413;8999;49940;47727;2513;0;678;109592
2019-06;Região de Saúde Norte;Unidade Local de Saúde do Nordeste, EPE;145;4143;31336;17439;492;1646;143;55201
2019-06;Região de Saúde do Alentejo;Hospital Espírito Santo Évora;184;5914;16284;12609;605;1356;449;36952
2019-06;Região de Saúde do Algarve;CHU Algarve;522;23047;74633;67050;2237;6339;898;173828
2019-06;Região de Saúde do Centro;Centro Hospitalar do Baixo Vouga, EPE;324;9737;47025;24174;881;3348;200;85489
2019-06;Região de Saúde LVT;Centro Hospitalar de Lisboa Ocidental, EPE;170;4520;16252;19859;1313;620;37972;42734
2019-06;Região de Saúde LVT;CH Setúbal;180;5291;22703;15387;367;1495;27478;45423
2019-06;Região de Saúde LVT;Centro Hospitalar do Oeste, EPE;249;9418;39249;35348;784;3319;177;88367
2019-06;Região de Saúde Norte;Centro Hospitalar Tâmega e Sousa, EPE;472;11268;40982;29417;382;6290;7177;88811
2019-06;Região de Saúde Norte;CH Vila Nova Gaia/Espinho;184;8559;52025;25681;815;3701;656;90965
2019-06;Região de Saúde Norte;ULS Matosinhos;182;6861;19308;10679;743;1050;5364;38823
2019-06;Região de Saúde Norte;Unidade Local de Saúde do Alto Minho, EPE;238;9252;41466;28503;327;819;335;80605
2019-06;Região de Saúde do Alentejo;ULS Baixo Alentejo;180;6162;29476;16133;759;332;824;53042
2019-06;Região de Saúde do Centro;CH Tondela-Viseu;257;8790;35287;21667;980;3438;8442;70419
2019-06;Região de Saúde LVT;Hospital Vila Franca Xira;213;6658;33197;28391;1033;1169;14;70661
2019-06;Região de Saúde Norte;CH Póvoa Varzim/Vila Conde;186;1955;13785;10315;147;650;808;27038
2019-06;Região de Saúde Norte;CH Trás-os-Montes Alto Douro;249;9536;51277;24800;539;3585;26;89986
2019-06;Região de Saúde Norte;Hospital da Senhora da Oliveira, Guimarães, EPE;110;5716;29543;29181;677;3815;398;69042
2019-06;Região de Saúde do Centro;CH Leiria;338;7681;42016;37267;1979;2262;0;91543
2019-06;Região de Saúde do Centro;Hospital Figueira Foz;85;2399;21031;11813;90;610;28;36028
2019-06;Região de Saúde do Centro;ULS Guarda;150;4231;25444;16541;1525;2037;195;49928
2019-06;Região de Saúde Norte;CH Entre Douro e Vouga;369;11917;44804;26489;1568;16988;3940;102135
2019-06;Região de Saúde Norte;Hospital Santa Maria Maior, EPE;43;2735;14223;13727;578;336;0;31642
2019-06;Região de Saúde do Alentejo;ULS Litoral Alentejano;49;2236;11461;8078;67;467;23625;22358
2019-06;Região de Saúde do Centro;CHU Cova da Beira;65;1548;18734;5060;47;779;9173;26233
2019-06;Região de Saúde do Centro;CHU Coimbra;663;15475;58723;24878;1857;747;46394;102343
2019-06;Região de Saúde do Centro;ULS Castelo Branco;65;1658;15608;13680;659;662;65;32332
2019-06;Região de Saúde LVT;CH Barreiro/Montijo;176;5586;27888;17687;595;1943;24216;53875
2019-06;Região de Saúde LVT;CHU Lisboa Central;360;4786;34221;31087;1758;0;50084;72212
2019-06;Região de Saúde LVT;Centro Hospitalar Médio Tejo, EPE;390;7475;35564;27803;485;2047;0;73764
2019-06;Região de Saúde LVT;Hospital de Loures;264;8659;37280;52526;634;301;66;99664
2019-06;Região de Saúde LVT;Hospital Distrital de Santarém, EPE;199;7754;28958;27664;324;1079;170;65978
2019-06;Região de Saúde LVT;Hospital Fernando Fonseca;347;14028;40603;69434;2186;2344;343;128942
2019-06;Região de Saúde LVT;Hospital Garcia de Orta;362;7773;25125;43077;3636;826;1293;80799
2019-06;Região de Saúde Norte;CHU Porto;436;8056;42001;10077;1200;1443;11559;63213
2019-05;Região de Saúde do Algarve;CHU Algarve;442;19248;61701;56461;1608;5187;778;144647
2019-05;Região de Saúde do Centro;CHU Cova da Beira;57;1310;15695;4258;42;661;7904;22023
2019-05;Região de Saúde LVT;CH Barreiro/Montijo;163;4665;23360;14863;503;1646;20648;45200
2019-05;Região de Saúde LVT;Centro Hospitalar do Oeste, EPE;212;8042;32938;29767;671;2774;150;74404
2019-05;Região de Saúde LVT;Centro Hospitalar Médio Tejo, EPE;349;6427;29816;23231;423;1647;0;61893
2019-05;Região de Saúde Norte;Unidade Local de Saúde do Alto Minho, EPE;199;7885;35040;23920;268;691;192;68003
2019-05;Região de Saúde do Centro;CH Tondela-Viseu;221;7506;29586;18220;836;2833;6804;59202
2019-05;Região de Saúde LVT;CHU Lisboa Central;296;4070;28611;25604;1515;0;42522;60096
2019-05;Região de Saúde Norte;CH Entre Douro e Vouga;314;10112;37654;21799;1227;14534;3272;85640
2019-05;Região de Saúde Norte;CH Póvoa Varzim/Vila Conde;145;1644;11482;8729;117;537;678;22654
2019-05;Região de Saúde Norte;Centro Hospitalar Tâmega e Sousa, EPE;419;9520;34325;24790;319;5237;5875;74610
2019-05;Região de Saúde do Alentejo;Hospital Espírito Santo Évora;146;5049;13542;10814;517;1054;390;31122
2019-05;Região de Saúde do Alentejo;ULS Baixo Alentejo;160;5220;24887;13851;644;288;788;45050
2019-05;Região de Saúde do Alentejo;ULS Norte Alentejano;134;3856;15553;17046;476;1144;0;38209
2019-05;Região de Saúde do Centro;Hospital Figueira Foz;75;2031;17485;9903;79;496;26;30069
2019-05;Região de Saúde LVT;Hospital de Cascais, PPP;194;7598;23429;35218;234;116;0;66789
2019-05;Região de Saúde LVT;Hospital de Loures;225;7392;31159;44233;505;252;54;83766
2019-05;Região de Saúde LVT;Hospital Distrital de Santarém, EPE;179;6571;24317;23248;266;927;162;55508
2019-05;Região de Saúde LVT;Hospital Fernando Fonseca;298;12014;34058;57836;1826;1964;305;107996
2019-05;Região de Saúde Norte;CH Trás-os-Montes Alto Douro;217;8155;43384;20814;449;2912;24;75931
2019-05;Região de Saúde Norte;ULS Matosinhos;161;5820;16123;8859;573;917;4449;32453
2019-05;Região de Saúde do Alentejo;ULS Litoral Alentejano;55;1668;9363;7274;81;359;19716;18800
2019-05;Região de Saúde do Centro;CH Leiria;297;6522;35139;31239;1606;1915;0;76718
2019-05;Região de Saúde do Centro;CHU Coimbra;564;12976;48774;20753;1529;580;39510;85176
2019-05;Região de Saúde LVT;Hospital Garcia de Orta;307;6603;21157;36090;2959;715;1047;67831
2019-05;Região de Saúde Norte;CHU Porto;372;6819;34971;8309;1029;1230;9413;52730
2019-05;Região de Saúde Norte;CH Vila Nova Gaia/Espinho;157;7290;43526;21440;668;3097;579;76178
2019-05;Região de Saúde Norte;Hospital de Braga;355;7638;41610;40075;2062;0;550;91740
2019-05;Região de Saúde do Centro;Centro Hospitalar do Baixo Vouga, EPE;273;8181;39068;20603;741;2830;177;71696
2019-05;Região de Saúde do Centro;ULS Guarda;135;3581;21242;14024;1273;1723;171;41978
2019-05;Região de Saúde do Centro;ULS Castelo Branco;54;1408;12966;11550;553;557;56;27088
2019-05;Região de Saúde LVT;Centro Hospitalar de Lisboa Ocidental, EPE;143;3805;13681;16717;1105;522;31965;35973
2019-05;Região de Saúde LVT;CH Setúbal;158;4447;18882;12818;276;1248;23207;37829
2019-05;Região de Saúde LVT;CHU Lisboa Norte;346;7041;29549;35586;2485;769;27723;75776
2019-05;Região de Saúde LVT;Hospital Vila Franca Xira;185;5676;27855;23951;858;987;14;59512
2019-05;Região de Saúde Norte;CHU São João;461;10307;38926;15932;1899;824;38686;68349
2019-05;Região de Saúde Norte;Centro Hospitalar do Médio Ave, EPE;141;5610;31302;17953;398;889;5;56293
2019-05;Região de Saúde Norte;Hospital da Senhora da Oliveira, Guimarães, EPE;96;5014;24702;24455;574;3150;353;57991
2019-05;Região de Saúde Norte;Hospital Santa Maria Maior, EPE;35;2362;11940;11521;458;280;0;26596
2019-05;Região de Saúde Norte;Unidade Local de Saúde do Nordeste, EPE;126;3508;26538;14703;415;1340;126;46630
2019-04;Região de Saúde do Alentejo;ULS Norte Alentejano;112;3081;12206;13679;386;914;0;30378
2019-04;Região de Saúde LVT;CHU Lisboa Norte;277;5684;23158;27928;1905;603;21936;59555
2019-04;Região de Saúde Norte;CHU Porto;316;5424;27366;6599;841;958;7522;41504
2019-04;Região de Saúde Norte;Centro Hospitalar Tâmega e Sousa, EPE;357;7600;27061;19948;238;4144;4637;59348
2019-04;Região de Saúde Norte;Unidade Local de Saúde do Nordeste, EPE;106;2788;21418;11724;322;1085;100;37443
2019-04;Região de Saúde do Alentejo;ULS Baixo Alentejo;137;4146;19738;11187;509;229;758;35946
2019-04;Região de Saúde do Centro;CHU Cova da Beira;48;1041;12373;3459;36;548;6332;17505
2019-04;Região de Saúde LVT;Hospital Distrital de Santarém, EPE;155;5388;19603;18872;208;788;166;45014
2019-04;Região de Saúde Norte;CH Vila Nova Gaia/Espinho;130;5869;33878;17084;524;2467;495;59952
2019-04;Região de Saúde Norte;Hospital de Braga;291;6046;33036;31557;1603;0;458;72533
2019-04;Região de Saúde Norte;Unidade Local de Saúde do Alto Minho, EPE;161;6417;27891;19193;220;551;173;54433
2019-04;Região de Saúde do Algarve;CHU Algarve;344;15145;48828;45073;986;4132;604;114508
2019-04;Região de Saúde do Centro;CH Tondela-Viseu;180;5998;23215;14492;627;2228;5390;46740
2019-04;Região de Saúde do Centro;Hospital Figueira Foz;62;1622;13960;7924;60;395;22;24023
2019-04;Região de Saúde LVT;Centro Hospitalar do Oeste, EPE;180;6534;26306;23682;546;2194;122;59442
2019-04;Região de Saúde LVT;Centro Hospitalar Médio Tejo, EPE;285;5096;23538;18515;337;1336;0;49107
2019-04;Região de Saúde LVT;Hospital de Cascais, PPP;163;6156;18396;28031;176;90;0;53012
2019-04;Região de Saúde Norte;CH Póvoa Varzim/Vila Conde;123;1324;9024;6981;99;445;517;17996
2019-04;Região de Saúde Norte;CH Trás-os-Montes Alto Douro;188;6631;34858;16381;333;2254;17;60645
2019-04;Região de Saúde Norte;Hospital Santa Maria Maior, EPE;29;1988;9733;9039;355;226;0;21370
2019-04;Região de Saúde do Alentejo;Hospital Espírito Santo Évora;112;4033;10755;8547;416;778;293;24641
2019-04;Região de Saúde do Alentejo;ULS Litoral Alentejano;33;1495;7664;5403;45;313;15896;14953
2019-04;Região de Saúde do Centro;CH Leiria;237;5276;27820;24448;1269;1481;0;60531
2019-04;Região de Saúde do Centro;Centro Hospitalar do Baixo Vouga, EPE;224;6609;30763;16634;605;2280;145;57115
2019-04;Região de Saúde do Centro;CHU Coimbra;437;10202;38456;16404;1198;459;31533;67156
2019-04;Região de Saúde do Centro;ULS Guarda;103;2428;14390;9591;839;1176;127;28527
2019-04;Região de Saúde do Centro;ULS Castelo Branco;44;1116;10283;9073;424;427;44;21367
2019-04;Região de Saúde LVT;Hospital de Loures;175;5962;24524;35306;401;195;44;66563
2019-04;Região de Saúde LVT;Hospital Vila Franca Xira;160;4612;22175;18927;685;785;12;47344
2019-04;Região de Saúde LVT;Hospital Garcia de Orta;255;5370;16741;28576;2341;591;722;53874
2019-04;Região de Saúde Norte;Hospital da Senhora da Oliveira, Guimarães, EPE;75;4201;19617;19435;415;2491;312;46234
2019-04;Região de Saúde LVT;CH Barreiro/Montijo;136;3686;18458;11700;384;1296;16295;35660
2019-04;Região de Saúde LVT;CHU Lisboa Central;242;3251;22683;20028;1234;0;33916;47438
2019-04;Região de Saúde LVT;Centro Hospitalar de Lisboa Ocidental, EPE;114;3021;10861;13272;877;414;25379;28559
2019-04;Região de Saúde LVT;CH Setúbal;121;3566;15050;10021;211;989;18377;29958
2019-04;Região de Saúde LVT;Hospital Fernando Fonseca;241;9749;27098;45899;1417;1516;259;85920
2019-04;Região de Saúde Norte;CHU São João;364;8158;30726;12140;1439;634;30734;53461
2019-04;Região de Saúde Norte;Centro Hospitalar do Médio Ave, EPE;114;4487;24898;14281;324;707;5;44811
2019-04;Região de Saúde Norte;CH Entre Douro e Vouga;262;7999;29925;17248;939;11811;2610;68184
2019-04;Região de Saúde Norte;ULS Matosinhos;142;4753;12795;6822;415;710;3537;25637
2019-03;Região de Saúde do Centro;Centro Hospitalar do Baixo Vouga, EPE;183;4985;23348;12901;436;1635;106;43488
2019-03;Região de Saúde do Centro;CHU Coimbra;334;7794;29078;12216;874;340;24467;50636
2019-03;Região de Saúde do Centro;ULS Castelo Branco;34;853;7778;6963;323;309;34;16260
2019-03;Região de Saúde LVT;CH Barreiro/Montijo;102;2791;14007;9047;264;940;12603;27151
2019-03;Região de Saúde LVT;Centro Hospitalar de Lisboa Ocidental, EPE;87;2303;8281;10119;669;316;19350;21775
2019-03;Região de Saúde LVT;CH Setúbal;94;2704;11300;7401;150;759;14355;22408
2019-03;Região de Saúde LVT;Hospital Distrital de Santarém, EPE;124;4149;14661;14286;152;603;100;33975
2019-03;Região de Saúde Norte;CH Vila Nova Gaia/Espinho;101;4600;25888;13009;372;1861;373;45831
2019-03;Região de Saúde Norte;Hospital de Braga;212;4586;25157;23994;1222;0;394;55171
2019-03;Região de Saúde Norte;Hospital Santa Maria Maior, EPE;23;1556;7385;6948;278;176;0;16366
2019-03;Região de Saúde Norte;Unidade Local de Saúde do Alto Minho, EPE;125;4876;21433;14831;158;432;113;41855
2019-03;Região de Saúde Norte;Unidade Local de Saúde do Nordeste, EPE;83;2152;16596;9102;240;806;78;28979
2019-03;Região de Saúde do Alentejo;Hospital Espírito Santo Évora;87;3109;8156;6595;307;548;229;18802
2019-03;Região de Saúde do Alentejo;ULS Baixo Alentejo;99;3193;15200;8888;386;199;686;27965
2019-03;Região de Saúde do Alentejo;ULS Litoral Alentejano;25;1139;5840;4116;34;238;12341;11392
2019-03;Região de Saúde LVT;CHU Lisboa Norte;217;4363;17530;20943;1348;421;16777;44822
2019-03;Região de Saúde LVT;Hospital de Cascais, PPP;134;4784;13764;21482;124;65;0;40353
2019-03;Região de Saúde Norte;Centro Hospitalar do Médio Ave, EPE;89;3517;19123;10956;246;523;4;34454
2019-03;Região de Saúde Norte;CHU Porto;250;4163;20578;4894;608;748;5595;31241
2019-03;Região de Saúde Norte;CH Entre Douro e Vouga;204;6081;22937;13232;694;9337;2021;52485
2019-03;Região de Saúde do Alentejo;ULS Norte Alentejano;93;2350;9326;10656;299;677;0;23401
2019-03;Região de Saúde do Centro;Hospital Figueira Foz;52;1268;10796;5969;44;313;20;18442
2019-03;Região de Saúde LVT;CHU Lisboa Central;185;2491;17271;14641;942;0;26426;35530
2019-03;Região de Saúde LVT;Centro Hospitalar do Oeste, EPE;144;5024;20395;18309;423;1649;102;45944
2019-03;Região de Saúde LVT;Hospital Garcia de Orta;207;4109;12735;21694;1694;451;588;40890
2019-03;Região de Saúde Norte;Centro Hospitalar Tâmega e Sousa, EPE;295;5860;20494;15626;178;3109;3440;45562
2019-03;Região de Saúde do Algarve;CHU Algarve;267;11566;36864;34168;760;3072;486;86697
2019-03;Região de Saúde do Centro;CHU Cova da Beira;36;796;9283;2691;24;411;5074;13241
2019-03;Região de Saúde do Centro;CH Leiria;187;4053;21189;18689;966;1097;0;46181
2019-03;Região de Saúde LVT;Centro Hospitalar Médio Tejo, EPE;220;3921;17972;14254;247;1065;0;37679
2019-03;Região de Saúde LVT;Hospital Vila Franca Xira;127;3614;16977;14495;511;591;9;36315
2019-03;Região de Saúde do Centro;CH Tondela-Viseu;131;4560;17554;11062;466;1594;3997;35367
2019-03;Região de Saúde do Centro;ULS Guarda;94;2191;12919;8656;765;1011;110;25636
2019-03;Região de Saúde LVT;Hospital de Loures;144;4640;18691;26917;290;140;29;50822
2019-03;Região de Saúde LVT;Hospital Fernando Fonseca;168;7521;20590;35021;1077;1139;207;65516
2019-03;Região de Saúde Norte;CHU São João;282;6191;23005;8875;1024;487;24164;39864
2019-03;Região de Saúde Norte;CH Póvoa Varzim/Vila Conde;92;1004;6798;5454;72;334;368;13754
2019-03;Região de Saúde Norte;CH Trás-os-Montes Alto Douro;145;5064;26637;12724;233;1668;13;46471
2019-03;Região de Saúde Norte;Hospital da Senhora da Oliveira, Guimarães, EPE;51;3392;14973;15011;331;1836;264;35594
2019-03;Região de Saúde Norte;ULS Matosinhos;113;3610;9481;5253;300;514;2683;19271
2019-02;Região de Saúde do Alentejo;ULS Baixo Alentejo;71;2180;10732;6436;259;153;139;19831
2019-02;Região de Saúde do Centro;CHU Coimbra;221;5208;19107;7998;541;212;16941;33287
2019-02;Região de Saúde do Centro;CH Tondela-Viseu;89;3126;11887;7473;296;986;2602;23857
2019-02;Região de Saúde LVT;CH Setúbal;65;1713;7361;4863;105;503;9683;14610
2019-02;Região de Saúde LVT;CHU Lisboa Norte;145;2976;11706;13695;880;268;11291;29670
2019-02;Região de Saúde LVT;Hospital de Loures;94;3210;12427;18014;168;91;18;34004
2019-02;Região de Saúde LVT;Hospital Garcia de Orta;151;2779;8545;14533;1053;291;416;27352
2019-02;Região de Saúde Norte;CHU Porto;166;2816;13450;3098;371;530;3629;20431
2019-02;Região de Saúde Norte;Hospital Santa Maria Maior, EPE;13;1080;4906;4700;173;113;0;10985
2019-02;Região de Saúde Norte;ULS Matosinhos;87;2506;6089;3527;182;354;1797;12745
2019-02;Região de Saúde do Alentejo;ULS Litoral Alentejano;17;767;3934;2772;23;160;8656;7673
2019-02;Região de Saúde do Centro;Hospital Figueira Foz;38;905;7309;3936;19;214;16;12421
2019-02;Região de Saúde Norte;Centro Hospitalar do Médio Ave, EPE;66;2413;12910;7567;166;343;2;23465
2019-02;Região de Saúde Norte;CH Vila Nova Gaia/Espinho;77;3196;17264;8783;229;1228;284;30777
2019-02;Região de Saúde Norte;Unidade Local de Saúde do Alto Minho, EPE;81;3179;14367;10226;110;284;58;28247
2019-02;Região de Saúde do Centro;CH Leiria;127;2767;14272;12701;669;706;0;31242
2019-02;Região de Saúde do Centro;ULS Guarda;60;1480;8637;6002;526;684;75;17389
2019-02;Região de Saúde LVT;Centro Hospitalar de Lisboa Ocidental, EPE;58;1539;5533;6761;447;211;12928;14549
2019-02;Região de Saúde LVT;Centro Hospitalar do Oeste, EPE;107;3420;13844;12573;287;1117;74;31348
2019-02;Região de Saúde LVT;Hospital de Cascais, PPP;95;3331;9074;14199;83;48;0;26830
2019-02;Região de Saúde Norte;Centro Hospitalar Tâmega e Sousa, EPE;204;3928;13544;10665;118;2068;2260;30527
2019-02;Região de Saúde do Alentejo;Hospital Espírito Santo Évora;60;2120;5488;4501;160;344;162;12673
2019-02;Região de Saúde do Alentejo;ULS Norte Alentejano;51;1589;6277;7316;193;436;0;15862
2019-02;Região de Saúde do Algarve;CHU Algarve;183;7727;24625;22580;519;2022;338;57656
2019-02;Região de Saúde do Centro;ULS Castelo Branco;23;598;5207;4639;211;210;21;10888
2019-02;Região de Saúde LVT;CH Barreiro/Montijo;60;1920;9180;6122;176;641;8560;18099
2019-02;Região de Saúde LVT;CHU Lisboa Central;130;1669;11280;9422;643;0;17742;23144
2019-02;Região de Saúde LVT;Hospital Vila Franca Xira;84;2509;11335;9862;352;410;9;24552
2019-02;Região de Saúde Norte;CH Póvoa Varzim/Vila Conde;70;699;4480;3732;54;211;228;9246
2019-02;Região de Saúde Norte;Hospital de Braga;149;3139;17069;15806;789;0;299;36952
2019-02;Região de Saúde do Centro;CHU Cova da Beira;27;563;6024;1863;16;274;3450;8767
2019-02;Região de Saúde do Centro;Centro Hospitalar do Baixo Vouga, EPE;135;3382;15810;9007;289;1085;81;29708
2019-02;Região de Saúde LVT;Centro Hospitalar Médio Tejo, EPE;161;2632;12006;9702;149;761;0;25411
2019-02;Região de Saúde LVT;Hospital Distrital de Santarém, EPE;84;2842;9769;9642;104;402;58;22843
2019-02;Região de Saúde LVT;Hospital Fernando Fonseca;115;5135;13819;23302;703;771;156;43845
2019-02;Região de Saúde Norte;CHU São João;201;4140;15217;5565;668;289;16470;26080
2019-02;Região de Saúde Norte;CH Entre Douro e Vouga;135;4158;15340;8784;441;6416;1380;35274
2019-02;Região de Saúde Norte;CH Trás-os-Montes Alto Douro;106;3553;18010;8459;149;1099;10;31376
2019-02;Região de Saúde Norte;Hospital da Senhora da Oliveira, Guimarães, EPE;41;2353;10099;10211;220;1205;204;24129
2019-02;Região de Saúde Norte;Unidade Local de Saúde do Nordeste, EPE;54;1469;11298;6259;168;549;56;19797
2019-01;Região de Saúde do Alentejo;ULS Litoral Alentejano;10;377;2015;1392;14;89;4595;3897
2019-01;Região de Saúde do Centro;CHU Coimbra;120;2764;9742;4167;288;113;9439;17194
2019-01;Região de Saúde do Centro;CH Tondela-Viseu;52;1697;6606;4046;159;532;1407;13092
2019-01;Região de Saúde do Centro;ULS Castelo Branco;11;304;2673;2377;108;99;13;5572
2019-01;Região de Saúde LVT;CHU Lisboa Central;69;970;5976;4791;321;0;9480;12127
2019-01;Região de Saúde LVT;Centro Hospitalar de Lisboa Ocidental, EPE;31;823;2959;3616;239;113;6915;7781
2019-01;Região de Saúde LVT;Hospital Fernando Fonseca;60;2842;7513;12080;391;379;99;23265
2019-01;Região de Saúde Norte;Centro Hospitalar do Médio Ave, EPE;32;1219;6381;3879;90;176;2;11777
2019-01;Região de Saúde Norte;CH Póvoa Varzim/Vila Conde;35;372;2407;1905;36;107;106;4862
2019-01;Região de Saúde Norte;Centro Hospitalar Tâmega e Sousa, EPE;113;2049;6955;5323;66;1063;1174;15569
2019-01;Região de Saúde Norte;ULS Matosinhos;43;1315;3100;1856;100;210;967;6624
2019-01;Região de Saúde do Centro;CH Leiria;71;1533;7595;6884;374;403;0;16860
2019-01;Região de Saúde LVT;Hospital de Loures;60;1736;6489;9377;108;38;14;17808
2019-01;Região de Saúde LVT;Hospital Distrital de Santarém, EPE;47;1584;5173;5007;65;232;41;12108
2019-01;Região de Saúde Norte;CHU Porto;90;1436;6961;1469;197;279;1962;10432
2019-01;Região de Saúde Norte;Hospital de Braga;80;1647;8507;7872;418;0;121;18524
2019-01;Região de Saúde do Centro;CHU Cova da Beira;17;290;3098;976;9;141;1893;4531
2019-01;Região de Saúde do Centro;Centro Hospitalar do Baixo Vouga, EPE;75;1865;8462;4883;144;603;41;16032
2019-01;Região de Saúde LVT;CH Setúbal;34;900;3786;2497;57;279;5204;7553
2019-01;Região de Saúde LVT;CHU Lisboa Norte;83;1625;6203;7219;450;144;5878;15724
2019-01;Região de Saúde LVT;Centro Hospitalar Médio Tejo, EPE;93;1441;6361;5204;80;395;0;13574
2019-01;Região de Saúde LVT;Hospital de Cascais, PPP;56;1896;4716;7386;47;30;0;14131
2019-01;Região de Saúde Norte;CH Vila Nova Gaia/Espinho;34;1620;8746;4534;122;657;135;15713
2019-01;Região de Saúde Norte;Hospital da Senhora da Oliveira, Guimarães, EPE;21;1113;5185;5154;106;604;100;12183
2019-01;Região de Saúde Norte;Hospital Santa Maria Maior, EPE;7;500;2486;2347;101;53;0;5494
2019-01;Região de Saúde Norte;Unidade Local de Saúde do Alto Minho, EPE;40;1637;7398;5192;52;141;26;14460
2019-01;Região de Saúde Norte;Unidade Local de Saúde do Nordeste, EPE;29;790;5879;3194;92;300;28;10284
2019-01;Região de Saúde do Alentejo;ULS Baixo Alentejo;33;1145;5751;3460;138;83;83;10610
2019-01;Região de Saúde do Centro;Hospital Figueira Foz;21;505;3873;2178;10;116;10;6703
2019-01;Região de Saúde LVT;CH Barreiro/Montijo;32;1071;4765;3341;91;324;4636;9624
2019-01;Região de Saúde LVT;Hospital Vila Franca Xira;47;1382;5954;5264;199;208;5;13054
2019-01;Região de Saúde LVT;Hospital Garcia de Orta;74;1580;4650;7839;524;145;251;14812
2019-01;Região de Saúde do Alentejo;Hospital Espírito Santo Évora;30;1112;2794;2294;82;178;82;6490
2019-01;Região de Saúde do Alentejo;ULS Norte Alentejano;24;828;3335;3733;109;222;0;8251
2019-01;Região de Saúde do Algarve;CHU Algarve;108;4061;12757;11682;282;1079;163;29969
2019-01;Região de Saúde do Centro;ULS Guarda;30;822;4619;3261;293;352;44;9377
2019-01;Região de Saúde LVT;Centro Hospitalar do Oeste, EPE;64;1830;7527;6577;165;599;45;16762
2019-01;Região de Saúde Norte;CHU São João;105;2194;7470;2907;332;435;8509;13443
2019-01;Região de Saúde Norte;CH Entre Douro e Vouga;73;2171;7858;4381;219;3205;747;17907
2019-01;Região de Saúde Norte;CH Trás-os-Montes Alto Douro;53;1790;9179;4320;87;547;7;15976
2018-12;Região de Saúde do Alentejo;ULS Baixo Alentejo;330;12119;58766;30937;1778;724;686;104654
2018-12;Região de Saúde do Centro;CH Leiria;761;15911;87214;83677;4866;4066;0;196495
2018-12;Região de Saúde do Centro;Centro Hospitalar do Baixo Vouga, EPE;714;20068;94097;49384;1643;6128;287;172034
2018-12;Região de Saúde LVT;CHU Lisboa Central;662;9649;69248;64028;3772;520;99174;147879
2018-12;Região de Saúde LVT;Centro Hospitalar de Lisboa Ocidental, EPE;220;7814;34929;42642;2891;1303;68819;89799
2018-12;Região de Saúde LVT;Hospital de Cascais, PPP;440;19081;58793;84648;700;387;0;164049
2018-12;Região de Saúde LVT;Hospital Fernando Fonseca;735;30173;84222;140555;4508;4756;775;264949
2018-12;Região de Saúde Norte;CHU São João;1119;23926;94779;39904;3994;2546;88830;166268
2018-12;Região de Saúde Norte;Centro Hospitalar Tâmega e Sousa, EPE;870;21380;81782;61456;965;10936;14055;177389
2018-12;Região de Saúde Norte;ULS Matosinhos;346;14216;40821;20546;1493;3384;6352;80806
2018-12;Região de Saúde Norte;Unidade Local de Saúde do Alto Minho, EPE;473;16383;81837;62824;585;1986;351;164088
2018-12;Região de Saúde do Alentejo;ULS Norte Alentejano;300;8587;36176;42392;1135;2796;0;91386
2018-12;Região de Saúde LVT;CH Setúbal;341;9926;45865;32556;794;2749;56775;92231
2018-12;Região de Saúde LVT;Centro Hospitalar Médio Tejo, EPE;763;13700;66485;59365;1079;3714;0;145106
2018-12;Região de Saúde LVT;Hospital de Loures;491;17049;74562;106409;1527;644;129;200682
2018-12;Região de Saúde LVT;Hospital Distrital de Santarém, EPE;394;14639;57634;54039;558;2073;3316;129337
2018-12;Região de Saúde LVT;Hospital Garcia de Orta;754;14300;48788;76302;8548;2095;18252;150787
2018-12;Região de Saúde Norte;Centro Hospitalar do Médio Ave, EPE;307;12481;74922;43017;1131;2181;88;134039
2018-12;Região de Saúde Norte;Hospital Santa Maria Maior, EPE;111;5089;27588;29706;1170;641;0;64305
2018-12;Região de Saúde Norte;Unidade Local de Saúde do Nordeste, EPE;290;7874;63678;35689;1103;3647;275;112281
2018-12;Região de Saúde do Centro;CHU Coimbra;1253;30886;116060;49850;3613;1845;94147;203507
2018-12;Região de Saúde do Centro;Hospital Figueira Foz;132;4667;41225;26992;297;1219;154;74532
2018-12;Região de Saúde do Centro;ULS Castelo Branco;154;3363;31167;25769;1258;1281;99;62992
2018-12;Região de Saúde LVT;Centro Hospitalar do Oeste, EPE;523;14911;62142;52892;1008;3385;42793;134861
2018-12;Região de Saúde LVT;CHU Lisboa Norte;692;14811;70641;84182;5622;1879;69715;177827
2018-12;Região de Saúde LVT;Hospital Vila Franca Xira;472;14499;64922;57016;2483;3461;77;142853
2018-12;Região de Saúde Norte;CH Póvoa Varzim/Vila Conde;257;6910;29593;35969;532;1378;0;74639
2018-12;Região de Saúde Norte;CH Trás-os-Montes Alto Douro;511;18825;105240;48958;1192;7435;56;182161
2018-12;Região de Saúde Norte;CH Vila Nova Gaia/Espinho;416;15767;100631;51584;1941;6393;1036;176732
2018-12;Região de Saúde Norte;Hospital de Braga;936;17587;102287;92101;4412;0;1127;217323
2018-12;Região de Saúde do Algarve;CHU Algarve;1158;50207;153349;126876;2465;12059;2538;346114
2018-12;Região de Saúde do Centro;CHU Cova da Beira;141;3006;37538;11235;96;1438;18881;53454
2018-12;Região de Saúde do Centro;ULS Guarda;259;8091;49298;35479;3079;3340;489;99546
2018-12;Região de Saúde LVT;CH Barreiro/Montijo;315;10503;52974;32129;908;3318;51975;100147
2018-12;Região de Saúde Norte;CHU Porto;893;15098;84306;21538;1808;1955;21928;125598
2018-12;Região de Saúde Norte;Hospital da Senhora da Oliveira, Guimarães, EPE;220;11937;57920;59301;1276;7301;730;137955
2018-12;Região de Saúde do Alentejo;Hospital Espírito Santo Évora;303;10991;32334;26348;1270;2174;707;73420
2018-12;Região de Saúde do Alentejo;ULS Litoral Alentejano;98;4269;24761;17073;136;976;47364;47313
2018-12;Região de Saúde do Centro;CH Tondela-Viseu;537;17278;74666;45278;2414;7161;16197;147334
2018-12;Região de Saúde Norte;CH Entre Douro e Vouga;803;23874;91913;49972;2973;33185;7706;202720
2018-11;Região de Saúde do Centro;ULS Castelo Branco;143;3081;28750;23543;1167;1183;92;57867
2018-11;Região de Saúde LVT;CHU Lisboa Norte;639;13518;64747;77124;5217;1717;63326;162962
2018-11;Região de Saúde LVT;Hospital de Loures;445;15166;68249;96960;1444;581;120;182845
2018-11;Região de Saúde Norte;CH Póvoa Varzim/Vila Conde;238;6402;26584;33493;465;1246;0;68428
2018-11;Região de Saúde do Centro;CHU Cova da Beira;122;2734;34513;10383;89;1327;17287;49168
2018-11;Região de Saúde do Centro;CH Leiria;712;14498;80109;76995;4487;3680;0;180481
2018-11;Região de Saúde do Centro;Hospital Figueira Foz;119;4250;37519;24672;275;1095;136;67930
2018-11;Região de Saúde do Centro;ULS Guarda;237;7260;45153;32869;2848;3004;463;91371
2018-11;Região de Saúde LVT;Hospital Vila Franca Xira;423;13052;59228;51738;2345;3196;72;129982
2018-11;Região de Saúde Norte;Centro Hospitalar Tâmega e Sousa, EPE;773;19417;75020;56632;883;9913;12936;162638
2018-11;Região de Saúde Norte;CH Trás-os-Montes Alto Douro;463;17271;96858;44943;1095;6827;51;167457
2018-11;Região de Saúde Norte;CH Vila Nova Gaia/Espinho;374;14296;92270;47335;1803;5830;950;161908
2018-11;Região de Saúde Norte;Unidade Local de Saúde do Nordeste, EPE;265;7222;58493;32564;1025;3284;248;102853
2018-11;Região de Saúde do Alentejo;ULS Baixo Alentejo;294;11038;53830;28290;1648;673;670;95773
2018-11;Região de Saúde do Alentejo;ULS Litoral Alentejano;91;3926;22877;15761;122;904;43475;43681
2018-11;Região de Saúde do Alentejo;ULS Norte Alentejano;280;7874;33276;38847;1068;2537;0;83882
2018-11;Região de Saúde do Centro;Centro Hospitalar do Baixo Vouga, EPE;654;18403;86339;45012;1486;5534;260;157428
2018-11;Região de Saúde do Centro;CHU Coimbra;1160;28462;106708;45681;3361;1694;85928;187066
2018-11;Região de Saúde LVT;CH Barreiro/Montijo;288;9537;48190;29082;833;2979;47399;90909
2018-11;Região de Saúde LVT;Centro Hospitalar do Oeste, EPE;479;13355;55716;46680;842;2784;42760;119856
2018-11;Região de Saúde LVT;Hospital de Cascais, PPP;401;16983;54254;77038;645;342;0;149663
2018-11;Região de Saúde LVT;Hospital Garcia de Orta;664;12739;44355;68618;7924;1887;18054;136187
2018-11;Região de Saúde Norte;CHU São João;1030;21936;86160;36930;3710;3358;81412;153124
2018-11;Região de Saúde Norte;Hospital de Braga;853;15961;93761;84574;4028;0;1010;199177
2018-11;Região de Saúde do Centro;CH Tondela-Viseu;493;15849;68653;41459;2244;6565;14803;135263
2018-11;Região de Saúde LVT;Centro Hospitalar Médio Tejo, EPE;698;12411;60694;54231;1009;3421;0;132464
2018-11;Região de Saúde LVT;Hospital Fernando Fonseca;674;27131;77029;128433;4171;4440;695;241878
2018-11;Região de Saúde Norte;Hospital da Senhora da Oliveira, Guimarães, EPE;202;10909;52965;54389;1180;6628;672;126273
2018-11;Região de Saúde Norte;ULS Matosinhos;319;13128;37697;18948;1392;3164;5432;74648
2018-11;Região de Saúde do Alentejo;Hospital Espírito Santo Évora;272;9973;29633;24116;1198;2013;634;67205
2018-11;Região de Saúde do Algarve;CHU Algarve;1065;46305;141995;116454;2215;11210;2287;319244
2018-11;Região de Saúde LVT;CHU Lisboa Central;605;8749;63390;59110;3412;520;89823;135786
2018-11;Região de Saúde LVT;Centro Hospitalar de Lisboa Ocidental, EPE;195;7129;32034;38838;2625;1166;62565;81987
2018-11;Região de Saúde LVT;CH Setúbal;306;9038;41865;29939;744;2498;51196;84390
2018-11;Região de Saúde LVT;Hospital Distrital de Santarém, EPE;334;13248;52370;48371;502;1834;3070;116659
2018-11;Região de Saúde Norte;Centro Hospitalar do Médio Ave, EPE;282;11435;68791;39410;1042;1989;84;122949
2018-11;Região de Saúde Norte;CHU Porto;812;13700;77444;19827;1593;1686;20285;115062
2018-11;Região de Saúde Norte;CH Entre Douro e Vouga;728;21963;84395;45826;2700;30096;7050;185708
2018-11;Região de Saúde Norte;Hospital Santa Maria Maior, EPE;93;4649;25238;27353;1020;593;0;58946
2018-11;Região de Saúde Norte;Unidade Local de Saúde do Alto Minho, EPE;433;14968;75127;57937;533;1858;332;150856
2018-10;Região de Saúde do Alentejo;Hospital Espírito Santo Évora;243;9047;27068;21897;1104;1825;566;61184
2018-10;Região de Saúde do Algarve;CHU Algarve;976;42769;130937;106408;2011;9999;2185;293100
2018-10;Região de Saúde do Centro;CH Leiria;646;13206;73112;70671;4114;3350;0;165099
2018-10;Região de Saúde LVT;Centro Hospitalar do Oeste, EPE;433;11897;49685;41221;649;2245;42608;106130
2018-10;Região de Saúde Norte;Centro Hospitalar do Médio Ave, EPE;265;10486;63073;35739;911;1862;26;112336
2018-10;Região de Saúde Norte;CH Póvoa Varzim/Vila Conde;212;6035;23743;31134;399;1144;0;62667
2018-10;Região de Saúde Norte;Centro Hospitalar Tâmega e Sousa, EPE;705;17763;68304;51959;831;8955;11717;148517
2018-10;Região de Saúde Norte;Unidade Local de Saúde do Alto Minho, EPE;398;13627;68758;53133;471;1733;307;138120
2018-10;Região de Saúde do Centro;ULS Castelo Branco;131;2830;26202;21356;1085;1078;85;52682
2018-10;Região de Saúde LVT;CH Barreiro/Montijo;267;8665;43589;26571;781;2681;43368;82554
2018-10;Região de Saúde LVT;CH Setúbal;276;8258;38219;27322;696;2247;46281;77018
2018-10;Região de Saúde Norte;CHU São João;956;20071;79080;33738;3382;2993;73771;140220
2018-10;Região de Saúde Norte;CH Vila Nova Gaia/Espinho;348;12980;84069;43268;1630;5329;888;147624
2018-10;Região de Saúde Norte;Hospital da Senhora da Oliveira, Guimarães, EPE;180;10141;48518;49377;1059;6029;635;115304
2018-10;Região de Saúde do Alentejo;ULS Litoral Alentejano;85;3601;20990;14538;117;843;39988;40174
2018-10;Região de Saúde do Alentejo;ULS Norte Alentejano;262;7257;30329;35555;995;2329;0;76727
2018-10;Região de Saúde do Centro;Centro Hospitalar do Baixo Vouga, EPE;606;16820;78980;40983;1338;5011;234;143738
2018-10;Região de Saúde do Centro;CHU Coimbra;1071;26031;97459;41672;3049;1583;78396;170865
2018-10;Região de Saúde LVT;Centro Hospitalar de Lisboa Ocidental, EPE;173;6536;29251;35410;2383;1071;56748;74824
2018-10;Região de Saúde LVT;CHU Lisboa Norte;586;12309;59179;70511;4778;1550;57420;148913
2018-10;Região de Saúde LVT;Hospital de Cascais, PPP;369;15199;49836;69725;587;311;0;136027
2018-10;Região de Saúde LVT;Hospital de Loures;411;13688;62430;87893;1335;529;113;166286
2018-10;Região de Saúde LVT;Hospital Vila Franca Xira;378;11920;53867;46954;2161;2973;74;118253
2018-10;Região de Saúde LVT;Hospital Garcia de Orta;583;11455;40271;61418;7275;1701;17936;122703
2018-10;Região de Saúde Norte;Unidade Local de Saúde do Nordeste, EPE;246;6624;53319;29881;925;3001;226;93996
2018-10;Região de Saúde do Centro;CH Tondela-Viseu;447;14566;62896;37794;2035;6009;13475;123747
2018-10;Região de Saúde do Centro;ULS Guarda;211;6633;41137;30317;2625;2654;437;83577
2018-10;Região de Saúde LVT;CHU Lisboa Central;556;7964;57731;54512;3113;520;81215;124396
2018-10;Região de Saúde LVT;Centro Hospitalar Médio Tejo, EPE;628;11343;55116;49581;930;3137;0;120735
2018-10;Região de Saúde LVT;Hospital Fernando Fonseca;617;24461;70432;117127;3805;4126;640;220568
2018-10;Região de Saúde Norte;CH Entre Douro e Vouga;676;20004;77100;41968;2488;27356;6484;169592
2018-10;Região de Saúde Norte;CH Trás-os-Montes Alto Douro;427;15780;88811;41215;1023;6229;44;153485
2018-10;Região de Saúde Norte;Hospital de Braga;777;14572;85726;76956;3670;0;947;181701
2018-10;Região de Saúde Norte;ULS Matosinhos;284;12087;34592;17492;1273;2993;4565;68721
2018-10;Região de Saúde do Alentejo;ULS Baixo Alentejo;273;10106;49173;25832;1503;599;656;87486
2018-10;Região de Saúde do Centro;CHU Cova da Beira;110;2510;31566;9570;84;1219;15679;45059
2018-10;Região de Saúde do Centro;Hospital Figueira Foz;111;3901;34280;22676;249;1007;128;62224
2018-10;Região de Saúde LVT;Hospital Distrital de Santarém, EPE;308;12102;47624;43649;439;1626;3043;105748
2018-10;Região de Saúde Norte;CHU Porto;744;12349;70501;18075;1338;1498;19514;104505
2018-10;Região de Saúde Norte;Hospital Santa Maria Maior, EPE;90;4248;23076;25147;914;536;0;54011
2018-09;Região de Saúde do Alentejo;ULS Norte Alentejano;234;6576;27401;31889;900;2084;0;69084
2018-09;Região de Saúde do Centro;ULS Guarda;192;6015;37170;27524;2365;2235;405;75501
2018-09;Região de Saúde LVT;CHU Lisboa Central;508;7226;51806;49276;2864;520;72397;112200
2018-09;Região de Saúde LVT;Centro Hospitalar de Lisboa Ocidental, EPE;153;5912;26308;31583;2094;958;50578;67008
2018-09;Região de Saúde LVT;Centro Hospitalar do Oeste, EPE;389;10360;43425;34861;438;1680;42580;91153
2018-09;Região de Saúde LVT;Hospital Distrital de Santarém, EPE;281;10978;42753;38951;400;1411;3001;94774
2018-09;Região de Saúde Norte;CH Entre Douro e Vouga;619;18047;69224;37629;2242;24293;5795;152054
2018-09;Região de Saúde Norte;CH Póvoa Varzim/Vila Conde;190;5578;20695;28598;331;983;0;56375
2018-09;Região de Saúde Norte;Hospital da Senhora da Oliveira, Guimarães, EPE;164;9217;43393;44017;943;5263;588;102997
2018-09;Região de Saúde Norte;Unidade Local de Saúde do Alto Minho, EPE;360;12366;61997;48125;426;1569;279;124843
2018-09;Região de Saúde do Centro;CHU Cova da Beira;100;2289;28319;8691;66;1081;14314;40546
2018-09;Região de Saúde do Centro;CHU Coimbra;982;23502;87567;37595;2749;1487;69875;153882
2018-09;Região de Saúde do Centro;CH Tondela-Viseu;410;13171;56503;34124;1816;5431;12147;111455
2018-09;Região de Saúde do Centro;Hospital Figueira Foz;95;3470;30728;20661;220;917;119;56091
2018-09;Região de Saúde do Centro;ULS Castelo Branco;128;2557;23645;19114;976;980;71;47400
2018-09;Região de Saúde LVT;Hospital de Loures;371;12233;56142;78483;1155;490;104;148874
2018-09;Região de Saúde LVT;Hospital Fernando Fonseca;537;22065;63366;104853;3403;3812;563;198036
2018-09;Região de Saúde LVT;Hospital Garcia de Orta;529;10230;34982;54366;6583;1514;17924;108204
2018-09;Região de Saúde Norte;CH Vila Nova Gaia/Espinho;314;11695;75084;38738;1456;4742;799;132029
2018-09;Região de Saúde Norte;Unidade Local de Saúde do Nordeste, EPE;223;6056;48327;26920;831;2690;189;85047
2018-09;Região de Saúde do Algarve;CHU Algarve;863;38969;118762;95424;1781;8897;2074;264696
2018-09;Região de Saúde do Centro;CH Leiria;588;11893;65529;63774;3773;2982;0;148539
2018-09;Região de Saúde LVT;CH Barreiro/Montijo;245;7751;38730;23789;740;2330;39252;73585
2018-09;Região de Saúde LVT;Hospital de Cascais, PPP;333;13564;44954;61882;524;289;0;121546
2018-09;Região de Saúde LVT;Hospital Vila Franca Xira;330;10738;48192;42059;1949;2708;65;105976
2018-09;Região de Saúde Norte;CHU São João;847;18088;71462;30241;2977;2423;65503;126038
2018-09;Região de Saúde Norte;CH Trás-os-Montes Alto Douro;379;14215;80019;37474;959;5643;43;138689
2018-09;Região de Saúde Norte;Centro Hospitalar Tâmega e Sousa, EPE;631;16072;61318;46932;754;7971;10345;133678
2018-09;Região de Saúde Norte;Hospital de Braga;703;13076;76939;69091;3260;0;749;163069
2018-09;Região de Saúde Norte;Hospital Santa Maria Maior, EPE;85;3872;20812;22382;752;513;0;48416
2018-09;Região de Saúde do Alentejo;Hospital Espírito Santo Évora;200;8170;24284;19692;968;1637;486;54951
2018-09;Região de Saúde do Alentejo;ULS Baixo Alentejo;249;9161;44271;22846;1336;525;586;78388
2018-09;Região de Saúde do Alentejo;ULS Litoral Alentejano;76;3265;19004;13209;108;744;36193;36406
2018-09;Região de Saúde do Centro;Centro Hospitalar do Baixo Vouga, EPE;537;15108;70475;36739;1210;4497;201;128566
2018-09;Região de Saúde LVT;CH Setúbal;255;7419;34190;24780;646;1958;41161;69248
2018-09;Região de Saúde LVT;CHU Lisboa Norte;521;11197;53248;63210;4328;1391;51328;133895
2018-09;Região de Saúde LVT;Centro Hospitalar Médio Tejo, EPE;566;10262;49461;44635;843;2834;0;108601
2018-09;Região de Saúde Norte;Centro Hospitalar do Médio Ave, EPE;242;9519;56697;32255;804;1714;25;101231
2018-09;Região de Saúde Norte;CHU Porto;683;11261;63909;16243;1160;1332;16463;94588
2018-09;Região de Saúde Norte;ULS Matosinhos;252;10983;31268;15684;1114;2800;3604;62101
2018-08;Região de Saúde do Alentejo;ULS Baixo Alentejo;229;8227;39567;20609;1172;461;514;70265
2018-08;Região de Saúde do Centro;CHU Coimbra;872;21117;77599;33301;2443;1314;63056;136646
2018-08;Região de Saúde do Centro;ULS Guarda;177;5392;33286;25137;2119;1955;379;68066
2018-08;Região de Saúde LVT;CHU Lisboa Central;447;6483;46007;43860;2556;520;65171;99873
2018-08;Região de Saúde LVT;Centro Hospitalar de Lisboa Ocidental, EPE;143;5323;23442;27837;1875;855;45255;59475
2018-08;Região de Saúde LVT;CH Setúbal;229;6647;30333;22073;573;1684;37117;61539
2018-08;Região de Saúde LVT;CHU Lisboa Norte;467;10018;47177;56284;3843;1248;45963;119037
2018-08;Região de Saúde LVT;Hospital de Loures;334;10983;50308;70292;987;433;94;133337
2018-08;Região de Saúde LVT;Hospital Vila Franca Xira;301;9516;42697;37995;1769;2440;61;94718
2018-08;Região de Saúde Norte;Centro Hospitalar Tâmega e Sousa, EPE;528;14558;54730;42847;583;6942;8783;120188
2018-08;Região de Saúde do Centro;CH Leiria;528;10657;58383;57224;3428;2622;0;132842
2018-08;Região de Saúde LVT;Hospital de Cascais, PPP;299;12145;40257;54956;448;253;0;108358
2018-08;Região de Saúde LVT;Hospital Garcia de Orta;465;8962;30443;47286;5779;1343;17846;94278
2018-08;Região de Saúde Norte;CH Trás-os-Montes Alto Douro;332;12755;71726;33811;821;4986;39;124431
2018-08;Região de Saúde Norte;Hospital Santa Maria Maior, EPE;76;3493;18667;19967;650;434;0;43287
2018-08;Região de Saúde do Algarve;CHU Algarve;768;34879;105269;84457;1534;7807;1938;234714
2018-08;Região de Saúde do Centro;Hospital Figueira Foz;84;3057;27265;18714;185;833;75;50138
2018-08;Região de Saúde LVT;Hospital Fernando Fonseca;474;19787;56872;93395;2939;3490;510;176957
2018-08;Região de Saúde Norte;CH Póvoa Varzim/Vila Conde;170;4982;18484;25542;295;878;0;50351
2018-08;Região de Saúde Norte;Hospital da Senhora da Oliveira, Guimarães, EPE;150;8284;38461;39437;805;4694;541;91831
2018-08;Região de Saúde Norte;Unidade Local de Saúde do Alto Minho, EPE;318;11087;55588;43141;358;1423;244;111915
2018-08;Região de Saúde Norte;Unidade Local de Saúde do Nordeste, EPE;205;5513;43656;24262;745;2371;182;76752
2018-08;Região de Saúde do Alentejo;Hospital Espírito Santo Évora;185;7398;21674;17669;870;1459;413;49255
2018-08;Região de Saúde do Centro;Centro Hospitalar do Baixo Vouga, EPE;478;13554;62641;33004;1069;3938;175;114684
2018-08;Região de Saúde do Centro;CH Tondela-Viseu;366;11907;50658;30773;1619;4908;10836;100231
2018-08;Região de Saúde LVT;CH Barreiro/Montijo;222;6889;33934;21057;668;2046;35957;64816
2018-08;Região de Saúde LVT;Hospital Distrital de Santarém, EPE;250;9759;37653;34782;341;1234;2970;84019
2018-08;Região de Saúde Norte;Centro Hospitalar do Médio Ave, EPE;226;8556;50700;28628;704;1562;9;90376
2018-08;Região de Saúde Norte;Hospital de Braga;638;11717;68576;61492;2880;0;655;145303
2018-08;Região de Saúde Norte;ULS Matosinhos;220;9875;27871;13907;1004;2598;2659;55475
2018-08;Região de Saúde do Alentejo;ULS Litoral Alentejano;67;2949;16948;11983;98;669;32619;32714
2018-08;Região de Saúde do Alentejo;ULS Norte Alentejano;203;5960;24608;28672;777;1847;0;62067
2018-08;Região de Saúde do Centro;CHU Cova da Beira;91;2101;25150;7814;54;965;13099;36175
2018-08;Região de Saúde do Centro;ULS Castelo Branco;120;2309;21249;17143;854;858;63;42533
2018-08;Região de Saúde LVT;Centro Hospitalar do Oeste, EPE;337;8839;37324;29315;265;1094;42234;77174
2018-08;Região de Saúde LVT;Centro Hospitalar Médio Tejo, EPE;510;9232;44249;39906;766;2486;0;97149
2018-08;Região de Saúde Norte;CHU São João;738;16188;63605;26794;2579;1919;58690;111823
2018-08;Região de Saúde Norte;CHU Porto;614;10078;56415;14390;1047;1171;14278;83715
2018-08;Região de Saúde Norte;CH Entre Douro e Vouga;561;16166;61579;33705;1987;21987;5162;135985
2018-08;Região de Saúde Norte;CH Vila Nova Gaia/Espinho;281;10530;66627;34600;1258;4224;734;117520
2018-07;Região de Saúde do Alentejo;ULS Litoral Alentejano;57;2614;14583;10104;87;588;28003;28033
2018-07;Região de Saúde do Alentejo;ULS Norte Alentejano;183;5266;21427;26123;666;1625;0;55290
2018-07;Região de Saúde do Centro;CH Tondela-Viseu;316;10531;43788;26872;1430;4253;9379;87190
2018-07;Região de Saúde LVT;CH Barreiro/Montijo;180;5934;28915;18304;605;1756;32838;55694
2018-07;Região de Saúde LVT;CHU Lisboa Central;381;5656;40385;38171;2188;520;58369;87301
2018-07;Região de Saúde LVT;Centro Hospitalar de Lisboa Ocidental, EPE;120;4696;20590;24030;1544;724;40214;51704
2018-07;Região de Saúde LVT;Hospital de Cascais, PPP;265;10920;35705;47958;352;215;0;95415
2018-07;Região de Saúde Norte;Hospital de Braga;546;10248;59433;53355;2450;0;578;126032
2018-07;Região de Saúde Norte;ULS Matosinhos;199;8798;24403;12006;859;2337;1679;48602
2018-07;Região de Saúde Norte;Unidade Local de Saúde do Alto Minho, EPE;283;9433;47631;36812;307;1270;214;95736
2018-07;Região de Saúde Norte;Unidade Local de Saúde do Nordeste, EPE;177;4767;37520;20907;657;2034;156;66062
2018-07;Região de Saúde do Alentejo;ULS Baixo Alentejo;204;7278;34427;18236;1033;388;390;61566
2018-07;Região de Saúde do Centro;CHU Cova da Beira;80;1844;21475;6740;45;827;11801;31011
2018-07;Região de Saúde do Centro;ULS Castelo Branco;106;2007;18582;14900;730;722;53;37047
2018-07;Região de Saúde LVT;CH Setúbal;204;5852;26115;19208;515;1439;33080;53333
2018-07;Região de Saúde LVT;Hospital de Loures;292;9843;44499;62222;833;402;86;118091
2018-07;Região de Saúde LVT;Hospital Garcia de Orta;409;7842;25929;39865;4951;1164;17668;80160
2018-07;Região de Saúde Norte;CH Entre Douro e Vouga;498;14106;53345;29336;1718;19630;4481;118633
2018-07;Região de Saúde Norte;CH Vila Nova Gaia/Espinho;246;9231;58115;30079;1047;3705;546;102423
2018-07;Região de Saúde do Algarve;CHU Algarve;653;30022;88213;71374;1283;6681;1614;198226
2018-07;Região de Saúde do Centro;CH Leiria;473;9263;50699;49684;3048;2213;0;115380
2018-07;Região de Saúde do Centro;Centro Hospitalar do Baixo Vouga, EPE;422;11921;54496;28811;915;3353;153;99918
2018-07;Região de Saúde LVT;Centro Hospitalar do Oeste, EPE;275;7223;29714;22034;191;799;43007;60236
2018-07;Região de Saúde LVT;CHU Lisboa Norte;410;8869;41194;48816;3348;1133;40669;103770
2018-07;Região de Saúde LVT;Hospital Fernando Fonseca;429;17787;50398;82061;2490;3122;454;156287
2018-07;Região de Saúde Norte;Centro Hospitalar do Médio Ave, EPE;203;7562;44816;24652;563;1412;3;79208
2018-07;Região de Saúde Norte;CH Póvoa Varzim/Vila Conde;158;4456;15713;22491;250;769;0;43837
2018-07;Região de Saúde Norte;Hospital Santa Maria Maior, EPE;65;3074;16254;17554;537;384;0;37868
2018-07;Região de Saúde LVT;Hospital Distrital de Santarém, EPE;218;8570;32707;30530;294;1035;2892;73354
2018-07;Região de Saúde Norte;CHU São João;630;14187;55073;23072;2256;1665;52153;96883
2018-07;Região de Saúde Norte;CH Trás-os-Montes Alto Douro;279;11050;61582;29335;700;4247;38;107193
2018-07;Região de Saúde do Alentejo;Hospital Espírito Santo Évora;163;6514;18894;15486;762;1245;338;43064
2018-07;Região de Saúde do Centro;CHU Coimbra;765;18575;67106;28775;2103;1127;56206;118451
2018-07;Região de Saúde do Centro;Hospital Figueira Foz;70;2665;23316;16191;161;712;59;43115
2018-07;Região de Saúde do Centro;ULS Guarda;153;4649;28574;22017;1822;1726;322;58941
2018-07;Região de Saúde LVT;Centro Hospitalar Médio Tejo, EPE;442;8153;38388;34629;661;2053;0;84326
2018-07;Região de Saúde LVT;Hospital Vila Franca Xira;259;8393;37597;33743;1582;2034;55;83608
2018-07;Região de Saúde Norte;CHU Porto;532;8793;48688;12465;941;1044;12169;72463
2018-07;Região de Saúde Norte;Centro Hospitalar Tâmega e Sousa, EPE;462;12746;47912;37577;508;6094;7729;105299
2018-07;Região de Saúde Norte;Hospital da Senhora da Oliveira, Guimarães, EPE;137;7367;33383;34780;677;4065;486;80409
2018-06;Região de Saúde do Centro;ULS Guarda;139;4051;24576;19341;1557;1533;291;51197
2018-06;Região de Saúde LVT;Centro Hospitalar Médio Tejo, EPE;384;7124;32955;29464;569;1770;0;72266
2018-06;Região de Saúde Norte;Centro Hospitalar do Médio Ave, EPE;178;6529;38242;21020;463;1220;3;67652
2018-06;Região de Saúde Norte;Unidade Local de Saúde do Alto Minho, EPE;246;8153;40890;31491;266;1120;188;82166
2018-06;Região de Saúde do Alentejo;Hospital Espírito Santo Évora;140;5693;16159;13281;657;1076;287;37006
2018-06;Região de Saúde do Alentejo;ULS Litoral Alentejano;48;2319;12467;8594;76;511;23911;24015
2018-06;Região de Saúde do Alentejo;ULS Norte Alentejano;162;4586;18462;21566;553;1371;0;46700
2018-06;Região de Saúde do Centro;CHU Cova da Beira;70;1606;18191;5852;38;691;10313;26448
2018-06;Região de Saúde do Centro;CH Leiria;411;7981;43347;42660;2597;1868;0;98864
2018-06;Região de Saúde do Centro;Hospital Figueira Foz;64;2266;19588;13837;138;611;53;36504
2018-06;Região de Saúde LVT;Hospital de Cascais, PPP;212;9618;30820;41002;277;235;0;82164
2018-06;Região de Saúde Norte;CHU Porto;456;7648;41271;10439;814;903;10266;61531
2018-06;Região de Saúde Norte;Hospital da Senhora da Oliveira, Guimarães, EPE;120;6465;28437;29547;557;3453;435;68579
2018-06;Região de Saúde Norte;ULS Matosinhos;177;7663;20900;10228;723;2179;707;41870
2018-06;Região de Saúde do Algarve;CHU Algarve;565;25623;73730;60050;1052;5622;1275;166642
2018-06;Região de Saúde do Centro;CH Tondela-Viseu;266;9155;37409;23242;1237;3609;7906;74918
2018-06;Região de Saúde LVT;CHU Lisboa Central;322;4858;34437;32497;1891;486;50743;74491
2018-06;Região de Saúde LVT;CHU Lisboa Norte;364;7622;35200;41505;2786;968;34999;88445
2018-06;Região de Saúde LVT;Hospital de Loures;262;8583;38412;53663;697;345;70;101962
2018-06;Região de Saúde LVT;Hospital Fernando Fonseca;369;15588;43687;70349;2060;2753;410;134806
2018-06;Região de Saúde Norte;CH Póvoa Varzim/Vila Conde;143;3919;13286;19285;196;641;0;37470
2018-06;Região de Saúde Norte;Centro Hospitalar Tâmega e Sousa, EPE;450;11016;41050;31709;403;5208;6433;89836
2018-06;Região de Saúde Norte;CH Vila Nova Gaia/Espinho;219;8021;49415;25546;851;3121;482;87173
2018-06;Região de Saúde Norte;Hospital de Braga;468;8858;50661;45452;2072;0;496;107511
2018-06;Região de Saúde LVT;Centro Hospitalar de Lisboa Ocidental, EPE;107;4027;17599;20526;1301;600;34850;44160
2018-06;Região de Saúde LVT;CH Setúbal;182;5079;21977;16202;419;1204;28699;45063
2018-06;Região de Saúde LVT;Centro Hospitalar do Oeste, EPE;242;6299;25658;18946;164;689;36377;51998
2018-06;Região de Saúde Norte;CH Trás-os-Montes Alto Douro;251;9512;52740;25349;591;3558;37;92001
2018-06;Região de Saúde Norte;Hospital Santa Maria Maior, EPE;56;2663;13931;15056;452;328;0;32486
2018-06;Região de Saúde Norte;Unidade Local de Saúde do Nordeste, EPE;148;4168;32372;17916;557;1739;138;56900
2018-06;Região de Saúde do Alentejo;ULS Baixo Alentejo;185;6249;29584;15880;884;331;342;53113
2018-06;Região de Saúde do Centro;Centro Hospitalar do Baixo Vouga, EPE;366;10258;46346;24449;769;2782;126;84970
2018-06;Região de Saúde do Centro;CHU Coimbra;654;16121;57067;24269;1753;949;49202;100813
2018-06;Região de Saúde do Centro;ULS Castelo Branco;90;1736;15944;12770;613;636;46;31789
2018-06;Região de Saúde LVT;CH Barreiro/Montijo;156;5144;24195;15265;519;1487;29468;46766
2018-06;Região de Saúde LVT;Hospital Vila Franca Xira;229;7385;32680;29052;1351;1651;52;72348
2018-06;Região de Saúde LVT;Hospital Distrital de Santarém, EPE;195;7510;27857;26115;243;882;2790;62802
2018-06;Região de Saúde LVT;Hospital Garcia de Orta;343;6663;22532;32386;4086;959;17104;66969
2018-06;Região de Saúde Norte;CHU São João;548;12166;46553;19390;1886;1437;45208;81980
2018-06;Região de Saúde Norte;CH Entre Douro e Vouga;427;12042;44965;25392;1458;17019;3832;101303
2018-05;Região de Saúde do Algarve;CHU Algarve;493;21501;60707;50088;790;4701;1106;138280
2018-05;Região de Saúde do Centro;Centro Hospitalar do Baixo Vouga, EPE;316;8614;38629;20517;646;2295;101;71017
2018-05;Região de Saúde do Centro;Hospital Figueira Foz;52;1886;16335;11694;118;495;38;30580
2018-05;Região de Saúde LVT;Centro Hospitalar do Oeste, EPE;210;5383;21808;16292;146;618;29805;44457
2018-05;Região de Saúde Norte;Centro Hospitalar do Médio Ave, EPE;162;5526;32104;17406;374;1056;3;56628
2018-05;Região de Saúde do Centro;ULS Castelo Branco;74;1500;13486;10695;512;519;39;26786
2018-05;Região de Saúde LVT;Hospital Fernando Fonseca;323;13351;36917;58759;1694;2354;360;113398
2018-05;Região de Saúde Norte;CHU São João;459;10153;38742;15907;1462;1155;38167;67878
2018-05;Região de Saúde Norte;CH Póvoa Varzim/Vila Conde;125;3409;11123;16297;152;517;0;31623
2018-05;Região de Saúde Norte;Hospital da Senhora da Oliveira, Guimarães, EPE;108;5509;23791;24574;471;2799;361;57252
2018-05;Região de Saúde Norte;Hospital de Braga;401;7524;42564;37698;1654;0;431;89841
2018-05;Região de Saúde do Alentejo;ULS Baixo Alentejo;161;5286;24819;13663;721;272;305;44922
2018-05;Região de Saúde do Alentejo;ULS Litoral Alentejano;41;1983;10419;7260;61;426;20292;20190
2018-05;Região de Saúde do Centro;CHU Cova da Beira;61;1360;15039;4968;31;555;8624;22014
2018-05;Região de Saúde LVT;CHU Lisboa Central;265;4113;28972;26957;1589;412;43105;62308
2018-05;Região de Saúde LVT;Centro Hospitalar Médio Tejo, EPE;338;6056;27689;24641;480;1458;0;60662
2018-05;Região de Saúde LVT;Hospital de Cascais, PPP;206;8212;25812;34374;254;160;0;69018
2018-05;Região de Saúde LVT;Hospital Vila Franca Xira;191;6415;27620;24303;1135;1341;50;61005
2018-05;Região de Saúde LVT;Hospital Distrital de Santarém, EPE;168;6332;22919;21838;186;751;2764;52194
2018-05;Região de Saúde LVT;Hospital Garcia de Orta;298;5588;18734;25842;3369;794;15936;54625
2018-05;Região de Saúde Norte;CHU Porto;389;6401;34337;8405;653;749;8523;50934
2018-05;Região de Saúde Norte;CH Trás-os-Montes Alto Douro;214;8112;44489;21366;483;2998;34;77662
2018-05;Região de Saúde Norte;Unidade Local de Saúde do Alto Minho, EPE;205;6940;34733;26396;221;993;158;69488
2018-05;Região de Saúde Norte;Unidade Local de Saúde do Nordeste, EPE;121;3557;27500;15115;439;1493;121;48225
2018-05;Região de Saúde do Alentejo;ULS Norte Alentejano;146;3865;15454;18371;443;1137;0;39416
2018-05;Região de Saúde do Centro;CH Leiria;360;6725;36386;35907;2210;1581;0;83169
2018-05;Região de Saúde do Centro;CHU Coimbra;549;13590;47557;20359;1486;770;41668;84311
2018-05;Região de Saúde LVT;CH Barreiro/Montijo;131;4233;19635;12343;445;1186;25888;37973
2018-05;Região de Saúde LVT;Centro Hospitalar de Lisboa Ocidental, EPE;89;3369;14757;17029;1106;486;29429;36836
2018-05;Região de Saúde LVT;CH Setúbal;149;4287;18291;13425;337;991;24071;37480
2018-05;Região de Saúde Norte;Centro Hospitalar Tâmega e Sousa, EPE;384;9311;34260;26318;309;4291;5246;74873
2018-05;Região de Saúde Norte;Hospital Santa Maria Maior, EPE;50;2232;11636;12730;387;273;0;27308
2018-05;Região de Saúde Norte;ULS Matosinhos;156;6474;17585;8563;596;1879;83;35253
2018-05;Região de Saúde do Alentejo;Hospital Espírito Santo Évora;114;4852;13431;10969;549;911;243;30826
2018-05;Região de Saúde do Centro;CH Tondela-Viseu;231;7760;31295;19588;1065;2957;6582;62896
2018-05;Região de Saúde do Centro;ULS Guarda;118;3461;20631;16313;1325;1275;232;43123
2018-05;Região de Saúde LVT;CHU Lisboa Norte;300;6456;29534;34410;2282;800;29500;73782
2018-05;Região de Saúde LVT;Hospital de Loures;229;7347;32324;44994;542;285;61;85721
2018-05;Região de Saúde Norte;CH Entre Douro e Vouga;371;10209;37595;21328;1238;14376;3189;85117
2018-05;Região de Saúde Norte;CH Vila Nova Gaia/Espinho;189;6799;41214;21048;714;2599;393;72563
2018-04;Região de Saúde do Alentejo;ULS Baixo Alentejo;131;4269;19631;10994;586;219;216;35830
2018-04;Região de Saúde do Alentejo;ULS Litoral Alentejano;36;1622;8304;5849;50;337;16166;16198
2018-04;Região de Saúde do Centro;CHU Cova da Beira;48;1111;12022;4027;27;435;6846;17670
2018-04;Região de Saúde do Centro;Centro Hospitalar do Baixo Vouga, EPE;260;6965;30631;16472;517;1824;83;56669
2018-04;Região de Saúde Norte;CH Entre Douro e Vouga;302;8331;29948;17126;962;11523;2507;68192
2018-04;Região de Saúde Norte;ULS Matosinhos;128;5175;13961;6792;463;1522;61;28041
2018-04;Região de Saúde do Centro;ULS Guarda;97;2795;16504;13319;1086;1009;198;34810
2018-04;Região de Saúde do Centro;ULS Castelo Branco;66;1257;10759;8357;418;391;30;21248
2018-04;Região de Saúde LVT;CHU Lisboa Central;205;3345;23070;21241;1235;336;34287;49432
2018-04;Região de Saúde LVT;CH Setúbal;131;3467;14498;10580;251;767;18854;29694
2018-04;Região de Saúde LVT;Centro Hospitalar do Oeste, EPE;181;4461;17944;13504;111;552;22618;36753
2018-04;Região de Saúde LVT;CHU Lisboa Norte;234;5219;23489;27130;1756;613;23360;58441
2018-04;Região de Saúde LVT;Hospital de Cascais, PPP;162;6617;20351;27268;212;119;0;54729
2018-04;Região de Saúde Norte;CHU Porto;315;5216;27171;6537;515;579;6642;40333
2018-04;Região de Saúde Norte;Hospital de Braga;333;6101;34122;29492;1230;0;383;71278
2018-04;Região de Saúde Norte;Unidade Local de Saúde do Alto Minho, EPE;165;5712;27982;20940;172;826;129;55797
2018-04;Região de Saúde do Centro;CH Leiria;301;5466;28915;28779;1763;1141;0;66365
2018-04;Região de Saúde do Centro;CHU Coimbra;436;10998;37673;16169;1165;588;33123;67029
2018-04;Região de Saúde do Centro;CH Tondela-Viseu;187;6455;25013;15841;858;2351;5065;50705
2018-04;Região de Saúde LVT;CH Barreiro/Montijo;111;3350;14839;9417;369;936;21745;29022
2018-04;Região de Saúde LVT;Centro Hospitalar de Lisboa Ocidental, EPE;76;2711;11752;13455;880;381;23341;29255
2018-04;Região de Saúde LVT;Hospital de Loures;192;6012;25818;35605;415;238;45;68280
2018-04;Região de Saúde Norte;CHU São João;351;8190;30487;12635;1147;884;29902;53694
2018-04;Região de Saúde Norte;CH Trás-os-Montes Alto Douro;171;6601;35545;17256;369;2307;21;62249
2018-04;Região de Saúde Norte;Hospital Santa Maria Maior, EPE;44;1788;9264;10203;296;212;0;21807
2018-04;Região de Saúde do Alentejo;Hospital Espírito Santo Évora;90;3934;10803;8501;439;703;211;24470
2018-04;Região de Saúde do Alentejo;ULS Norte Alentejano;123;3052;12306;14720;335;913;0;31449
2018-04;Região de Saúde do Algarve;CHU Algarve;396;17401;47630;39832;582;3711;905;109552
2018-04;Região de Saúde do Centro;Hospital Figueira Foz;42;1533;12925;9397;87;392;33;24376
2018-04;Região de Saúde LVT;Hospital Vila Franca Xira;157;5244;21954;19419;905;1010;67;48689
2018-04;Região de Saúde LVT;Hospital Distrital de Santarém, EPE;144;5103;17918;17389;146;543;2740;41243
2018-04;Região de Saúde Norte;Centro Hospitalar do Médio Ave, EPE;127;4472;25689;13806;279;837;3;45210
2018-04;Região de Saúde Norte;CH Vila Nova Gaia/Espinho;152;5448;32398;16716;513;2056;320;57283
2018-04;Região de Saúde Norte;Hospital da Senhora da Oliveira, Guimarães, EPE;97;4511;18846;19271;325;2169;300;45219
2018-04;Região de Saúde Norte;Unidade Local de Saúde do Nordeste, EPE;103;2889;22406;12414;350;1222;105;39384
2018-04;Região de Saúde LVT;Centro Hospitalar Médio Tejo, EPE;255;5023;22102;19467;383;1095;0;48325
2018-04;Região de Saúde LVT;Hospital Fernando Fonseca;270;11004;29691;46598;1326;1915;288;90804
2018-04;Região de Saúde LVT;Hospital Garcia de Orta;242;4296;14010;18598;2584;615;15727;40345
2018-04;Região de Saúde Norte;CH Póvoa Varzim/Vila Conde;107;2840;8951;13006;126;408;0;25438
2018-04;Região de Saúde Norte;Centro Hospitalar Tâmega e Sousa, EPE;311;7514;27352;20912;229;3391;4023;59709
2018-03;Região de Saúde do Alentejo;ULS Baixo Alentejo;99;3237;14925;8743;450;156;167;27610
2018-03;Região de Saúde do Alentejo;ULS Norte Alentejano;88;2354;9411;11382;246;660;0;24141
2018-03;Região de Saúde LVT;CHU Lisboa Norte;174;3993;17607;20202;1309;442;17890;43727
2018-03;Região de Saúde LVT;Hospital Distrital de Santarém, EPE;112;3876;13290;13226;114;387;2705;31005
2018-03;Região de Saúde Norte;Centro Hospitalar do Médio Ave, EPE;99;3502;19415;10702;204;648;2;34570
2018-03;Região de Saúde do Centro;CHU Coimbra;320;8408;28302;12205;863;452;25516;50550
2018-03;Região de Saúde do Centro;CH Tondela-Viseu;155;4982;19074;12260;676;1753;3668;38900
2018-03;Região de Saúde do Centro;Hospital Figueira Foz;31;1178;9892;7323;65;292;31;18781
2018-03;Região de Saúde do Centro;ULS Guarda;77;2113;12601;10301;785;754;136;26631
2018-03;Região de Saúde LVT;Hospital de Cascais, PPP;118;5037;15437;20696;162;81;0;41531
2018-03;Região de Saúde Norte;Hospital Santa Maria Maior, EPE;33;1329;6805;7813;217;150;0;16347
2018-03;Região de Saúde do Alentejo;Hospital Espírito Santo Évora;68;3014;8130;6547;319;502;178;18580
2018-03;Região de Saúde do Algarve;CHU Algarve;315;13349;35972;30661;404;2809;723;83510
2018-03;Região de Saúde do Centro;ULS Castelo Branco;56;970;8150;6305;285;287;22;16053
2018-03;Região de Saúde LVT;CH Barreiro/Montijo;84;2443;10388;6779;299;669;17830;20662
2018-03;Região de Saúde LVT;Centro Hospitalar Médio Tejo, EPE;199;3898;16858;14974;299;798;0;37026
2018-03;Região de Saúde LVT;Hospital Garcia de Orta;180;3160;10220;13221;1863;491;13454;29135
2018-03;Região de Saúde Norte;CH Vila Nova Gaia/Espinho;119;4124;24431;12648;376;1484;220;43182
2018-03;Região de Saúde Norte;ULS Matosinhos;98;3903;10415;5135;351;1202;43;21104
2018-03;Região de Saúde Norte;Unidade Local de Saúde do Alto Minho, EPE;126;4306;21421;15706;140;649;121;42348
2018-03;Região de Saúde do Centro;CH Leiria;239;4207;21748;22042;1390;854;0;50480
2018-03;Região de Saúde do Centro;Centro Hospitalar do Baixo Vouga, EPE;211;5323;23327;12904;395;1375;60;43535
2018-03;Região de Saúde LVT;CHU Lisboa Central;157;2548;17392;15985;932;253;26560;37267
2018-03;Região de Saúde LVT;CH Setúbal;102;2615;10829;7851;180;572;14418;22149
2018-03;Região de Saúde LVT;Centro Hospitalar do Oeste, EPE;140;3579;14110;11000;95;443;16430;29367
2018-03;Região de Saúde LVT;Hospital Fernando Fonseca;210;8603;22677;35268;975;1513;240;69246
2018-03;Região de Saúde Norte;CHU Porto;247;3981;20274;4798;372;438;4931;30110
2018-03;Região de Saúde Norte;CH Entre Douro e Vouga;239;6355;22792;13026;750;9182;1917;52344
2018-03;Região de Saúde Norte;CH Póvoa Varzim/Vila Conde;81;2298;6769;9847;97;310;0;19402
2018-03;Região de Saúde Norte;Centro Hospitalar Tâmega e Sousa, EPE;247;5662;20771;16052;165;2504;2937;45401
2018-03;Região de Saúde Norte;Hospital da Senhora da Oliveira, Guimarães, EPE;79;3508;14226;14364;234;1639;250;34050
2018-03;Região de Saúde Norte;Unidade Local de Saúde do Nordeste, EPE;75;2232;17423;9529;266;901;91;30426
2018-03;Região de Saúde do Alentejo;ULS Litoral Alentejano;27;1261;6385;4527;36;254;12570;12490
2018-03;Região de Saúde do Centro;CHU Cova da Beira;34;872;8944;3126;19;304;5412;13299
2018-03;Região de Saúde LVT;Centro Hospitalar de Lisboa Ocidental, EPE;53;2081;8826;9973;622;291;17923;21846
2018-03;Região de Saúde LVT;Hospital de Loures;155;4693;19747;26962;323;170;39;52050
2018-03;Região de Saúde LVT;Hospital Vila Franca Xira;123;4113;16869;14985;686;720;49;37496
2018-03;Região de Saúde Norte;CHU São João;274;6173;22983;9167;832;618;22899;40047
2018-03;Região de Saúde Norte;CH Trás-os-Montes Alto Douro;134;5066;27007;13182;271;1715;19;47375
2018-03;Região de Saúde Norte;Hospital de Braga;256;4664;25572;22091;874;0;342;53457
2018-02;Região de Saúde do Centro;Centro Hospitalar do Baixo Vouga, EPE;157;3557;15706;8989;261;884;44;29554
2018-02;Região de Saúde do Centro;CHU Coimbra;222;5673;18689;8099;563;300;17585;33546
2018-02;Região de Saúde do Centro;CH Tondela-Viseu;109;3449;13154;8539;445;1192;2428;26888
2018-02;Região de Saúde LVT;Hospital de Cascais, PPP;81;3449;10435;13769;101;50;0;27885
2018-02;Região de Saúde LVT;Hospital de Loures;107;3299;13379;18203;203;117;29;35308
2018-02;Região de Saúde LVT;Hospital Distrital de Santarém, EPE;73;2460;8374;8797;72;233;2676;20009
2018-02;Região de Saúde LVT;Hospital Fernando Fonseca;137;5977;15473;23616;646;1047;177;46896
2018-02;Região de Saúde Norte;Centro Hospitalar Tâmega e Sousa, EPE;171;3703;13659;10499;100;1579;2189;29711
2018-02;Região de Saúde do Alentejo;Hospital Espírito Santo Évora;48;2049;5406;4481;196;326;158;12506
2018-02;Região de Saúde do Alentejo;ULS Baixo Alentejo;70;2205;10164;6309;319;116;124;19183
2018-02;Região de Saúde do Centro;CH Leiria;161;2861;14677;15031;945;531;0;34206
2018-02;Região de Saúde do Centro;ULS Castelo Branco;39;645;5501;4191;179;180;16;10735
2018-02;Região de Saúde LVT;CHU Lisboa Central;108;1643;11471;10649;636;158;18386;24665
2018-02;Região de Saúde Norte;CHU São João;183;4151;15045;5822;547;418;15591;26166
2018-02;Região de Saúde Norte;CH Trás-os-Montes Alto Douro;54;1776;24457;4843;100;594;9;31824
2018-02;Região de Saúde Norte;Hospital de Braga;186;3163;17051;14660;583;0;274;35643
2018-02;Região de Saúde do Alentejo;ULS Litoral Alentejano;19;858;4294;2883;26;160;8761;8240
2018-02;Região de Saúde LVT;CH Barreiro/Montijo;55;1466;5970;3960;201;445;14114;12097
2018-02;Região de Saúde LVT;Centro Hospitalar de Lisboa Ocidental, EPE;44;1438;5961;6672;398;187;12349;14700
2018-02;Região de Saúde LVT;CH Setúbal;74;1753;7166;5330;120;369;9964;14812
2018-02;Região de Saúde LVT;CHU Lisboa Norte;111;2696;11851;13281;865;295;12253;29099
2018-02;Região de Saúde LVT;Hospital Vila Franca Xira;88;2929;11383;10399;456;450;35;25705
2018-02;Região de Saúde Norte;Centro Hospitalar do Médio Ave, EPE;68;2436;13009;7185;124;441;2;23263
2018-02;Região de Saúde Norte;CH Póvoa Varzim/Vila Conde;61;1595;4568;6628;62;217;0;13131
2018-02;Região de Saúde Norte;CH Vila Nova Gaia/Espinho;83;2740;16145;8426;255;988;150;28637
2018-02;Região de Saúde Norte;Hospital Santa Maria Maior, EPE;22;883;4457;5248;128;94;0;10832
2018-02;Região de Saúde do Alentejo;ULS Norte Alentejano;61;1582;6428;7693;168;407;0;16339
2018-02;Região de Saúde do Algarve;CHU Algarve;211;9185;24531;21087;257;1884;556;57155
2018-02;Região de Saúde do Centro;CHU Cova da Beira;23;584;5988;2107;7;194;3817;8903
2018-02;Região de Saúde LVT;Centro Hospitalar do Oeste, EPE;89;2454;9499;7323;54;297;11353;19716
2018-02;Região de Saúde Norte;CHU Porto;164;2799;13363;3284;251;289;3319;20150
2018-02;Região de Saúde Norte;CH Entre Douro e Vouga;154;4421;15374;8807;494;6389;1333;35639
2018-02;Região de Saúde Norte;Hospital da Senhora da Oliveira, Guimarães, EPE;53;2434;9689;9392;125;1067;154;22760
2018-02;Região de Saúde do Centro;Hospital Figueira Foz;21;804;6603;5152;39;207;20;12826
2018-02;Região de Saúde do Centro;ULS Guarda;59;1438;8557;7174;488;502;100;18218
2018-02;Região de Saúde LVT;Centro Hospitalar Médio Tejo, EPE;135;2665;11450;10206;207;528;0;25191
2018-02;Região de Saúde LVT;Hospital Garcia de Orta;121;2072;6776;8691;1165;324;9753;19149
2018-02;Região de Saúde Norte;ULS Matosinhos;69;2605;6855;3381;257;839;26;14006
2018-02;Região de Saúde Norte;Unidade Local de Saúde do Alto Minho, EPE;76;2833;14374;10597;83;417;0;28380
2018-02;Região de Saúde Norte;Unidade Local de Saúde do Nordeste, EPE;52;1561;12130;6642;168;574;64;21127
2018-01;Região de Saúde do Alentejo;Hospital Espírito Santo Évora;19;1064;2764;2396;100;184;85;6527
2018-01;Região de Saúde do Alentejo;ULS Baixo Alentejo;37;1084;5315;3323;158;65;64;9982
2018-01;Região de Saúde do Algarve;CHU Algarve;118;4720;12727;10949;132;1017;285;29663
2018-01;Região de Saúde do Centro;Centro Hospitalar do Baixo Vouga, EPE;84;1862;8313;4640;130;454;24;15483
2018-01;Região de Saúde do Centro;CHU Coimbra;110;2812;9492;4057;290;141;9485;16902
2018-01;Região de Saúde do Centro;ULS Guarda;28;757;4448;3828;234;278;52;9573
2018-01;Região de Saúde LVT;Centro Hospitalar de Lisboa Ocidental, EPE;25;728;3033;3433;188;96;6640;7503
2018-01;Região de Saúde LVT;CH Setúbal;38;973;3638;2751;60;210;5581;7670
2018-01;Região de Saúde LVT;Centro Hospitalar do Oeste, EPE;57;1283;4796;3791;34;163;6281;10124
2018-01;Região de Saúde LVT;Hospital Fernando Fonseca;77;3224;8208;12450;362;605;88;24926
2018-01;Região de Saúde Norte;Unidade Local de Saúde do Alto Minho, EPE;49;1449;7698;5462;51;223;0;14932
2018-01;Região de Saúde do Centro;ULS Castelo Branco;23;335;2905;2147;90;96;8;5596
2018-01;Região de Saúde LVT;CHU Lisboa Norte;60;1372;5969;6865;451;137;6623;14854
2018-01;Região de Saúde LVT;Hospital de Loures;75;1836;7124;9593;85;65;12;18778
2018-01;Região de Saúde Norte;Hospital de Braga;94;1697;8767;7558;298;0;135;18414
2018-01;Região de Saúde do Alentejo;ULS Litoral Alentejano;11;410;2239;1569;11;90;4643;4330
2018-01;Região de Saúde do Centro;CH Leiria;82;1535;7768;7867;490;268;0;18010
2018-01;Região de Saúde do Centro;Hospital Figueira Foz;12;381;3409;2704;25;92;13;6623
2018-01;Região de Saúde Norte;CHU São João;93;2162;7719;2959;280;234;8023;13447
2018-01;Região de Saúde Norte;Centro Hospitalar do Médio Ave, EPE;40;1238;6772;3789;77;219;2;12135
2018-01;Região de Saúde Norte;CHU Porto;87;1495;6726;1687;135;153;1830;10283
2018-01;Região de Saúde Norte;CH Póvoa Varzim/Vila Conde;33;815;2387;3514;28;108;0;6885
2018-01;Região de Saúde Norte;CH Trás-os-Montes Alto Douro;54;1776;9619;4843;100;594;9;16986
2018-01;Região de Saúde Norte;CH Vila Nova Gaia/Espinho;43;1406;8337;4114;158;524;90;14582
2018-01;Região de Saúde do Alentejo;ULS Norte Alentejano;24;824;3403;4094;107;224;0;8676
2018-01;Região de Saúde do Centro;CHU Cova da Beira;11;307;3111;1005;3;112;2086;4549
2018-01;Região de Saúde do Centro;CH Tondela-Viseu;53;1784;6806;4542;226;647;1288;14058
2018-01;Região de Saúde LVT;CH Barreiro/Montijo;27;759;3080;2181;118;262;7515;6427
2018-01;Região de Saúde LVT;CHU Lisboa Central;65;838;5959;5482;318;84;10179;12746
2018-01;Região de Saúde LVT;Hospital Garcia de Orta;67;1095;3540;4644;610;173;5236;10129
2018-01;Região de Saúde Norte;Centro Hospitalar Tâmega e Sousa, EPE;88;2007;7146;5223;40;765;1172;15269
2018-01;Região de Saúde Norte;Hospital da Senhora da Oliveira, Guimarães, EPE;26;1316;5107;4722;74;524;83;11769
2018-01;Região de Saúde Norte;Hospital Santa Maria Maior, EPE;14;471;2337;2811;74;55;0;5762
2018-01;Região de Saúde Norte;ULS Matosinhos;40;1331;3468;1800;137;474;13;7250
2018-01;Região de Saúde LVT;Centro Hospitalar Médio Tejo, EPE;76;1410;6133;5377;98;308;0;13402
2018-01;Região de Saúde LVT;Hospital Vila Franca Xira;44;1618;6044;5291;274;243;18;13514
2018-01;Região de Saúde LVT;Hospital Distrital de Santarém, EPE;37;1121;3738;4168;37;124;2637;9225
2018-01;Região de Saúde Norte;CH Entre Douro e Vouga;78;2250;8009;4625;254;3374;730;18590
2018-01;Região de Saúde Norte;Unidade Local de Saúde do Nordeste, EPE;27;800;6615;3539;92;314;26;11387
2017-12;Região de Saúde do Alentejo;ULS Litoral Alentejano;0;0;0;0;0;0;92226;0
2017-12;Região de Saúde do Centro;CH Tondela-Viseu;586;17899;73041;46626;2853;7124;15623;148129
2017-12;Região de Saúde LVT;CH Setúbal;358;10218;45837;29952;583;2359;54623;89307
2017-12;Região de Saúde LVT;Centro Hospitalar Médio Tejo, EPE;813;14399;67478;60795;1148;3132;0;147765
2017-12;Região de Saúde LVT;Hospital Vila Franca Xira;418;15855;65949;54361;3442;2451;142;142476
2017-12;Região de Saúde Norte;CHU Porto;879;15806;85177;21510;1471;1685;19252;126528
2017-12;Região de Saúde Norte;Hospital da Senhora da Oliveira, Guimarães, EPE;235;11445;57984;55247;1088;5306;759;131305
2017-12;Região de Saúde Norte;Hospital de Braga;848;18070;105772;80395;3440;0;1011;208525
2017-12;Região de Saúde Norte;ULS Matosinhos;367;15268;43690;21868;2009;6933;238;90135
2017-12;Região de Saúde do Centro;CH Leiria;757;16290;88406;86285;6713;3235;0;201686
2017-12;Região de Saúde do Centro;Hospital Figueira Foz;149;4320;38688;28614;211;1064;324;73046
2017-12;Região de Saúde LVT;Centro Hospitalar de Lisboa Ocidental, EPE;241;7971;36447;38036;2006;1195;64209;85896
2017-12;Região de Saúde Norte;CHU São João;1139;23519;94877;41544;4133;2403;91450;167615
2017-12;Região de Saúde Norte;CH Vila Nova Gaia/Espinho;368;15461;101329;52630;1363;7125;1254;178276
2017-12;Região de Saúde Norte;Hospital Santa Maria Maior, EPE;115;4961;26936;32158;838;1063;0;66071
2017-12;Região de Saúde Norte;Unidade Local de Saúde do Nordeste, EPE;327;8208;63518;32592;1255;3150;251;109050
2017-12;Região de Saúde LVT;Centro Hospitalar do Oeste, EPE;434;13005;58327;46780;517;2464;60201;121527
2017-12;Região de Saúde LVT;Hospital de Cascais, PPP;481;20260;60136;82517;796;347;0;164537
2017-12;Região de Saúde LVT;Hospital de Loures;479;17531;76512;106990;1595;511;112;203618
2017-12;Região de Saúde LVT;Hospital Fernando Fonseca;700;31224;85225;133291;5109;8442;724;263991
2017-12;Região de Saúde LVT;Hospital Garcia de Orta;693;13373;40985;48761;7611;1641;53240;113064
2017-12;Região de Saúde Norte;CH Trás-os-Montes Alto Douro;486;18057;103619;47267;1376;7600;77;178405
2017-12;Região de Saúde Norte;Unidade Local de Saúde do Alto Minho, EPE;434;16111;83962;59171;851;2560;0;163089
2017-12;Região de Saúde do Alentejo;Hospital Espírito Santo Évora;355;11685;32112;24512;1318;2837;422;72819
2017-12;Região de Saúde do Alentejo;ULS Baixo Alentejo;241;10684;47223;21201;1587;630;22338;81566
2017-12;Região de Saúde do Alentejo;ULS Norte Alentejano;278;8881;35260;40293;1011;2463;0;88186
2017-12;Região de Saúde do Algarve;CHU Algarve;1274;54005;157356;116282;1440;13239;3124;343596
2017-12;Região de Saúde do Centro;CHU Cova da Beira;134;2973;35883;10976;84;1520;18175;51570
2017-12;Região de Saúde do Centro;CHU Coimbra;1079;31654;109477;49615;4366;1622;92134;197813
2017-12;Região de Saúde do Centro;ULS Guarda;124;249;6471;54658;33697;2285;2776;97484
2017-12;Região de Saúde LVT;CH Barreiro/Montijo;250;7797;36874;23181;700;3237;77060;72039
2017-12;Região de Saúde LVT;CHU Lisboa Central;688;9664;69034;66053;3793;876;98860;150108
2017-12;Região de Saúde LVT;CHU Lisboa Norte;665;14774;67810;82271;5964;1515;68435;172999
2017-12;Região de Saúde Norte;Centro Hospitalar do Médio Ave, EPE;322;13654;76807;39256;964;2807;29;133810
2017-12;Região de Saúde Norte;CH Póvoa Varzim/Vila Conde;228;6199;26036;40568;514;1190;0;74735
2017-12;Região de Saúde Norte;Centro Hospitalar Tâmega e Sousa, EPE;950;18855;79658;75726;1280;8856;14887;185325
2017-12;Região de Saúde do Centro;Centro Hospitalar do Baixo Vouga, EPE;714;22522;90305;45248;1981;5636;207;166406
2017-12;Região de Saúde do Centro;ULS Castelo Branco;145;3638;34611;23822;863;1145;312;64224
2017-12;Região de Saúde LVT;Hospital Distrital de Santarém, EPE;367;14857;55747;51299;511;1764;4748;124545
2017-12;Região de Saúde Norte;CH Entre Douro e Vouga;845;24955;92485;45980;3024;34081;6362;201370
2017-11;Região de Saúde do Alentejo;ULS Baixo Alentejo;212;9646;42244;18616;1427;587;22285;72732
2017-11;Região de Saúde do Centro;CH Leiria;686;14819;80555;77964;6309;2949;0;183282
2017-11;Região de Saúde LVT;CHU Lisboa Central;624;8866;63229;60649;3511;825;89374;137704
2017-11;Região de Saúde LVT;CH Setúbal;320;9255;42236;27229;524;2151;49791;81715
2017-11;Região de Saúde Norte;CHU Porto;794;14334;78139;19698;1336;1523;17658;115824
2017-11;Região de Saúde do Centro;Centro Hospitalar do Baixo Vouga, EPE;636;20618;82330;41369;1839;5135;180;151927
2017-11;Região de Saúde do Centro;CHU Coimbra;967;28932;100226;45461;4044;1460;84067;181090
2017-11;Região de Saúde do Centro;CH Tondela-Viseu;529;16304;66697;42404;2638;6497;14337;135069
2017-11;Região de Saúde do Centro;ULS Castelo Branco;126;3294;31738;21691;820;1052;308;58721
2017-11;Região de Saúde LVT;CH Barreiro/Montijo;218;7025;33456;21265;641;2991;69508;65596
2017-11;Região de Saúde LVT;Centro Hospitalar de Lisboa Ocidental, EPE;223;7225;33482;34939;1816;1114;58702;78799
2017-11;Região de Saúde LVT;Centro Hospitalar do Oeste, EPE;386;11837;53325;42742;491;2285;54984;111066
2017-11;Região de Saúde LVT;CHU Lisboa Norte;610;13427;61850;75510;5473;1344;62325;158214
2017-11;Região de Saúde Norte;CHU São João;1027;21363;86861;38452;3849;2178;83361;153730
2017-11;Região de Saúde Norte;Centro Hospitalar do Médio Ave, EPE;282;12339;70143;35234;882;2525;27;121405
2017-11;Região de Saúde Norte;CH Póvoa Varzim/Vila Conde;205;5348;23544;36635;477;1080;0;67289
2017-11;Região de Saúde Norte;CH Vila Nova Gaia/Espinho;324;13952;92363;47759;1232;6563;1150;162193
2017-11;Região de Saúde Norte;Unidade Local de Saúde do Alto Minho, EPE;383;14603;75880;53291;793;2321;0;147271
2017-11;Região de Saúde LVT;Hospital de Loures;433;15724;69626;97779;1502;436;90;185500
2017-11;Região de Saúde LVT;Hospital Distrital de Santarém, EPE;324;13401;50865;46368;482;1626;4700;113066
2017-11;Região de Saúde LVT;Hospital Fernando Fonseca;639;28139;77438;121779;4825;7782;646;240602
2017-11;Região de Saúde Norte;CH Entre Douro e Vouga;768;22629;84465;41682;2794;30677;5682;183015
2017-11;Região de Saúde Norte;ULS Matosinhos;329;13877;39923;20144;1891;6421;218;82585
2017-11;Região de Saúde do Alentejo;Hospital Espírito Santo Évora;304;10412;29457;22411;1233;2718;353;66535
2017-11;Região de Saúde do Alentejo;ULS Litoral Alentejano;0;0;0;0;0;0;84507;0
2017-11;Região de Saúde do Alentejo;ULS Norte Alentejano;254;8178;32119;36756;941;2249;0;80497
2017-11;Região de Saúde do Centro;CHU Cova da Beira;117;2725;32771;10039;75;1353;16464;47080
2017-11;Região de Saúde LVT;Centro Hospitalar Médio Tejo, EPE;737;13116;61681;55232;1065;2787;0;134618
2017-11;Região de Saúde LVT;Hospital de Cascais, PPP;425;18065;54739;75435;740;309;0;149713
2017-11;Região de Saúde LVT;Hospital Vila Franca Xira;364;14258;60346;49511;3232;2214;103;129925
2017-11;Região de Saúde Norte;Centro Hospitalar Tâmega e Sousa, EPE;877;17405;72130;68978;824;8175;13742;168389
2017-11;Região de Saúde Norte;Hospital Santa Maria Maior, EPE;104;4492;24331;29140;791;968;0;59826
2017-11;Região de Saúde do Algarve;CHU Algarve;1148;49501;145292;107376;1320;12245;3027;316882
2017-11;Região de Saúde do Centro;Hospital Figueira Foz;140;3947;35277;26295;191;952;317;66802
2017-11;Região de Saúde LVT;Hospital Garcia de Orta;640;12266;37456;44638;7024;1517;48107;103541
2017-11;Região de Saúde Norte;CH Trás-os-Montes Alto Douro;440;16283;94080;42897;1237;6974;77;161911
2017-11;Região de Saúde Norte;Hospital da Senhora da Oliveira, Guimarães, EPE;209;10053;52486;50403;1017;4779;572;118947
2017-11;Região de Saúde Norte;Hospital de Braga;765;16271;96632;73220;3156;0;858;190044
2017-11;Região de Saúde Norte;Unidade Local de Saúde do Nordeste, EPE;297;7482;57878;29417;1131;2788;224;98993
2017-10;Região de Saúde do Alentejo;ULS Litoral Alentejano;0;0;0;0;0;0;77305;0
2017-10;Região de Saúde do Centro;ULS Guarda;251;5798;38778;30651;2018;2354;3637;79850
2017-10;Região de Saúde LVT;Hospital de Cascais, PPP;386;16253;49293;68141;704;275;0;135052
2017-10;Região de Saúde LVT;Hospital Fernando Fonseca;589;25457;69966;109762;4424;7099;603;217297
2017-10;Região de Saúde Norte;Hospital da Senhora da Oliveira, Guimarães, EPE;195;9095;47605;45448;937;4259;507;107539
2017-10;Região de Saúde do Alentejo;ULS Norte Alentejano;230;7503;29327;33426;859;2030;0;73375
2017-10;Região de Saúde do Algarve;CHU Algarve;1060;45538;133515;98839;1187;11260;2543;291399
2017-10;Região de Saúde do Centro;CH Leiria;628;13422;72373;69444;5733;2569;0;164169
2017-10;Região de Saúde do Centro;CHU Coimbra;875;26222;90782;41443;3753;1281;75784;164356
2017-10;Região de Saúde do Centro;ULS Castelo Branco;115;2989;28959;19911;742;934;134;53650
2017-10;Região de Saúde LVT;Hospital de Loures;386;14195;62921;88329;1408;382;74;167621
2017-10;Região de Saúde LVT;Hospital Distrital de Santarém, EPE;292;12213;45945;41831;444;1417;4665;102142
2017-10;Região de Saúde LVT;Hospital Garcia de Orta;594;11168;34072;40272;6424;1372;43546;93902
2017-10;Região de Saúde Norte;CH Trás-os-Montes Alto Douro;397;14671;85403;38952;1168;6392;75;146983
2017-10;Região de Saúde Norte;Unidade Local de Saúde do Alto Minho, EPE;360;13442;68747;48561;746;2131;0;133987
2017-10;Região de Saúde do Alentejo;Hospital Espírito Santo Évora;286;9466;26838;20380;1136;2451;327;60557
2017-10;Região de Saúde do Alentejo;ULS Baixo Alentejo;192;8666;37292;16034;1215;528;22196;63927
2017-10;Região de Saúde do Centro;Centro Hospitalar do Baixo Vouga, EPE;580;18918;74306;37497;1718;4644;160;137663
2017-10;Região de Saúde do Centro;Hospital Figueira Foz;131;3603;31966;23944;174;843;312;60661
2017-10;Região de Saúde LVT;CH Barreiro/Montijo;198;6334;30204;19543;586;2730;62313;59595
2017-10;Região de Saúde LVT;Centro Hospitalar de Lisboa Ocidental, EPE;202;6664;31111;32359;1683;1043;54141;73062
2017-10;Região de Saúde LVT;CH Setúbal;284;8475;38450;24452;474;1964;44727;74099
2017-10;Região de Saúde LVT;CHU Lisboa Norte;561;12146;55957;68597;5021;1192;56020;143474
2017-10;Região de Saúde LVT;Centro Hospitalar Médio Tejo, EPE;665;11939;55656;50290;960;2545;0;122055
2017-10;Região de Saúde Norte;CHU Porto;725;12983;71130;17872;1198;1352;16034;105260
2017-10;Região de Saúde Norte;CH Entre Douro e Vouga;692;20663;76623;37887;2540;27424;5017;165829
2017-10;Região de Saúde Norte;CH Vila Nova Gaia/Espinho;292;12621;83690;43010;1104;5918;904;146635
2017-10;Região de Saúde Norte;Hospital Santa Maria Maior, EPE;97;4112;22026;26338;693;874;0;54140
2017-10;Região de Saúde do Centro;CHU Cova da Beira;107;2442;29672;9199;72;1224;14918;42716
2017-10;Região de Saúde LVT;Centro Hospitalar do Oeste, EPE;363;10708;48588;39120;463;2121;49654;101363
2017-10;Região de Saúde LVT;Hospital Vila Franca Xira;317;12849;54643;44441;3023;1943;84;117216
2017-10;Região de Saúde Norte;Hospital de Braga;696;14814;87958;66087;2836;0;785;172391
2017-10;Região de Saúde Norte;ULS Matosinhos;298;12547;36078;18507;1753;5818;205;75001
2017-10;Região de Saúde do Centro;CH Tondela-Viseu;488;14936;60417;38653;2442;5832;12941;122768
2017-10;Região de Saúde LVT;CHU Lisboa Central;551;8042;57234;55329;3213;730;80271;125099
2017-10;Região de Saúde Norte;CHU São João;925;19326;79046;35099;3521;1915;74671;139832
2017-10;Região de Saúde Norte;Centro Hospitalar do Médio Ave, EPE;259;11152;63319;32045;800;2261;14;109836
2017-10;Região de Saúde Norte;CH Póvoa Varzim/Vila Conde;185;4765;21153;33224;441;974;0;60742
2017-10;Região de Saúde Norte;Centro Hospitalar Tâmega e Sousa, EPE;804;15955;65201;62313;756;6813;12597;151842
2017-10;Região de Saúde Norte;Unidade Local de Saúde do Nordeste, EPE;271;6849;52480;26814;1037;2481;201;89932
2017-09;Região de Saúde do Centro;CHU Cova da Beira;101;2275;26515;8197;62;1045;13340;38195
2017-09;Região de Saúde LVT;Centro Hospitalar do Oeste, EPE;328;9671;43683;35204;411;1909;44148;91206
2017-09;Região de Saúde LVT;Hospital de Cascais, PPP;337;14519;43879;60548;641;224;0;120148
2017-09;Região de Saúde LVT;Hospital Distrital de Santarém, EPE;251;10948;40638;37125;402;1217;4627;90581
2017-09;Região de Saúde LVT;Hospital Garcia de Orta;543;10087;30601;36167;5898;1226;37999;84522
2017-09;Região de Saúde Norte;CH Póvoa Varzim/Vila Conde;163;4243;18811;29579;392;863;0;54051
2017-09;Região de Saúde Norte;CH Vila Nova Gaia/Espinho;263;11305;74381;37982;911;5327;815;130169
2017-09;Região de Saúde do Alentejo;Hospital Espírito Santo Évora;258;8546;24079;18159;1018;2209;275;54269
2017-09;Região de Saúde do Alentejo;ULS Litoral Alentejano;0;0;0;0;0;0;69620;0
2017-09;Região de Saúde LVT;Hospital Fernando Fonseca;511;22629;62539;97067;3910;6401;522;193057
2017-09;Região de Saúde Norte;Hospital da Senhora da Oliveira, Guimarães, EPE;172;8092;42080;40265;864;3695;437;95168
2017-09;Região de Saúde Norte;Hospital de Braga;616;13214;78644;58497;2509;0;690;153480
2017-09;Região de Saúde Norte;Hospital Santa Maria Maior, EPE;91;3731;19594;23410;618;789;0;48233
2017-09;Região de Saúde Norte;Unidade Local de Saúde do Nordeste, EPE;237;6209;46935;24012;937;2216;176;80546
2017-09;Região de Saúde do Alentejo;ULS Baixo Alentejo;164;7650;32107;13380;1042;441;22121;54784
2017-09;Região de Saúde do Algarve;CHU Algarve;954;41273;120122;89244;1093;10116;2285;262802
2017-09;Região de Saúde do Centro;CHU Coimbra;804;23517;80734;37123;3414;1134;67237;146726
2017-09;Região de Saúde do Centro;CH Tondela-Viseu;436;13342;53969;34528;2181;5210;11560;109666
2017-09;Região de Saúde do Centro;ULS Castelo Branco;103;2713;26013;17859;668;846;126;48202
2017-09;Região de Saúde LVT;CH Barreiro/Montijo;180;5667;26734;17616;512;2457;55189;53166
2017-09;Região de Saúde LVT;CHU Lisboa Central;497;7241;51325;49449;2910;676;71006;112098
2017-09;Região de Saúde LVT;CH Setúbal;265;7547;34390;21842;409;1748;39666;66201
2017-09;Região de Saúde LVT;Hospital de Loures;335;12619;55990;78179;1253;334;61;148710
2017-09;Região de Saúde Norte;CHU São João;841;17321;70662;31482;3142;1730;65470;125178
2017-09;Região de Saúde Norte;Unidade Local de Saúde do Alto Minho, EPE;322;12162;61561;43795;697;1892;0;120429
2017-09;Região de Saúde do Alentejo;ULS Norte Alentejano;206;6713;26235;29944;767;1840;0;65705
2017-09;Região de Saúde do Centro;Centro Hospitalar do Baixo Vouga, EPE;546;16980;66141;33365;1574;4168;140;122774
2017-09;Região de Saúde LVT;Centro Hospitalar de Lisboa Ocidental, EPE;180;5946;27726;28794;1488;935;47927;65069
2017-09;Região de Saúde LVT;CHU Lisboa Norte;505;10915;49727;60941;4475;1020;49580;127583
2017-09;Região de Saúde Norte;CH Entre Douro e Vouga;615;18322;68348;33781;2277;24324;4701;147667
2017-09;Região de Saúde Norte;CH Trás-os-Montes Alto Douro;369;13143;76474;34769;1079;5793;72;131627
2017-09;Região de Saúde do Centro;CH Leiria;564;12035;64671;62013;5114;2271;0;146668
2017-09;Região de Saúde do Centro;Hospital Figueira Foz;121;3245;28556;21600;154;765;308;54441
2017-09;Região de Saúde do Centro;ULS Guarda;242;5219;34814;27606;1772;1995;3166;71648
2017-09;Região de Saúde LVT;Centro Hospitalar Médio Tejo, EPE;592;10662;49623;44744;853;2251;0;108725
2017-09;Região de Saúde LVT;Hospital Vila Franca Xira;279;11365;48412;39290;2757;1703;67;103806
2017-09;Região de Saúde Norte;Centro Hospitalar do Médio Ave, EPE;228;9953;55929;28624;701;1997;13;97432
2017-09;Região de Saúde Norte;CHU Porto;660;11616;63582;15917;1080;1232;14172;94087
2017-09;Região de Saúde Norte;Centro Hospitalar Tâmega e Sousa, EPE;731;13980;58190;55739;688;6195;11452;135523
2017-09;Região de Saúde Norte;ULS Matosinhos;269;11183;31976;16677;1617;5148;219;66870
2017-08;Região de Saúde do Alentejo;ULS Litoral Alentejano;0;0;0;0;0;0;62256;0
2017-08;Região de Saúde do Centro;CH Leiria;512;10739;57877;55306;4424;1989;0;130847
2017-08;Região de Saúde do Centro;CHU Coimbra;717;21048;72011;33317;2878;818;60404;130789
2017-08;Região de Saúde do Centro;CH Tondela-Viseu;392;12000;47993;30995;1942;4627;10431;97949
2017-08;Região de Saúde do Centro;ULS Guarda;230;4678;31180;25050;1589;1755;2769;64482
2017-08;Região de Saúde do Centro;ULS Castelo Branco;90;2484;23304;16054;599;755;122;43286
2017-08;Região de Saúde LVT;CH Barreiro/Montijo;156;5088;23537;15734;468;2222;49171;47205
2017-08;Região de Saúde LVT;Hospital de Cascais, PPP;280;12881;39271;54248;564;185;0;107429
2017-08;Região de Saúde LVT;Hospital Distrital de Santarém, EPE;223;9707;36045;33182;363;1037;4596;80557
2017-08;Região de Saúde Norte;Centro Hospitalar do Médio Ave, EPE;201;8906;49977;25472;601;1810;11;86967
2017-08;Região de Saúde Norte;CHU Porto;599;10337;56680;14018;944;1104;12413;83682
2017-08;Região de Saúde Norte;ULS Matosinhos;239;9985;28503;14874;1409;4660;193;59670
2017-08;Região de Saúde do Alentejo;ULS Norte Alentejano;184;6066;23468;26739;662;1661;0;58780
2017-08;Região de Saúde do Algarve;CHU Algarve;868;36763;106747;79691;979;9021;1953;234069
2017-08;Região de Saúde do Centro;CHU Cova da Beira;88;2005;23434;7346;54;919;12148;33846
2017-08;Região de Saúde LVT;CHU Lisboa Central;446;6546;45841;43787;2534;626;63795;99780
2017-08;Região de Saúde LVT;Hospital Fernando Fonseca;457;20248;56070;86357;3427;5730;480;172289
2017-08;Região de Saúde LVT;Hospital Garcia de Orta;474;9213;27705;32233;5577;1195;32761;76397
2017-08;Região de Saúde LVT;CH Setúbal;233;6778;30557;19386;337;1561;35544;58852
2017-08;Região de Saúde LVT;Centro Hospitalar do Oeste, EPE;285;8708;39098;31235;371;1737;39954;81434
2017-08;Região de Saúde LVT;Centro Hospitalar Médio Tejo, EPE;536;9551;44425;39888;760;2007;0;97167
2017-08;Região de Saúde Norte;CHU São João;761;15394;63125;28097;2749;1483;58687;111609
2017-08;Região de Saúde Norte;CH Entre Douro e Vouga;545;16339;60697;30269;1992;22014;4624;131856
2017-08;Região de Saúde Norte;CH Póvoa Varzim/Vila Conde;151;3797;16936;26325;346;774;0;48329
2017-08;Região de Saúde Norte;CH Trás-os-Montes Alto Douro;347;11767;68432;31014;957;5230;71;117747
2017-08;Região de Saúde do Centro;Hospital Figueira Foz;108;2908;25494;19516;137;699;304;48862
2017-08;Região de Saúde LVT;CHU Lisboa Norte;467;9717;44270;53982;3944;914;44249;113294
2017-08;Região de Saúde LVT;Hospital Vila Franca Xira;247;10137;43152;35023;2506;1548;58;92613
2017-08;Região de Saúde Norte;Centro Hospitalar Tâmega e Sousa, EPE;667;12519;51904;50077;597;5450;10247;121214
2017-08;Região de Saúde Norte;Hospital Santa Maria Maior, EPE;82;3343;17498;20864;561;735;0;43083
2017-08;Região de Saúde Norte;Unidade Local de Saúde do Nordeste, EPE;210;5593;42369;21611;843;1965;170;72591
2017-08;Região de Saúde do Alentejo;Hospital Espírito Santo Évora;235;7657;21448;16314;899;1994;246;48547
2017-08;Região de Saúde do Alentejo;ULS Baixo Alentejo;139;6702;27444;11189;883;385;22047;46742
2017-08;Região de Saúde do Centro;Centro Hospitalar do Baixo Vouga, EPE;485;15194;58658;30110;1432;3674;124;109553
2017-08;Região de Saúde LVT;Centro Hospitalar de Lisboa Ocidental, EPE;164;5324;24599;25461;1322;840;42995;57710
2017-08;Região de Saúde LVT;Hospital de Loures;307;11221;49783;69919;1083;303;59;132616
2017-08;Região de Saúde Norte;CH Vila Nova Gaia/Espinho;238;10183;66390;33631;813;4788;750;116043
2017-08;Região de Saúde Norte;Hospital da Senhora da Oliveira, Guimarães, EPE;158;7250;37552;35908;744;3220;365;84832
2017-08;Região de Saúde Norte;Hospital de Braga;535;11781;70485;51788;2207;0;578;136796
2017-08;Região de Saúde Norte;Unidade Local de Saúde do Alto Minho, EPE;289;10981;54961;39291;637;1610;0;107769
2017-07;Região de Saúde do Alentejo;ULS Norte Alentejano;155;5336;20576;23376;572;1443;0;51458
2017-07;Região de Saúde LVT;CH Setúbal;214;5929;26623;16652;290;1372;31951;51080
2017-07;Região de Saúde LVT;CHU Lisboa Norte;415;8663;38746;46753;3423;783;39427;98783
2017-07;Região de Saúde Norte;CHU Porto;528;9058;49150;12120;825;965;10656;72646
2017-07;Região de Saúde Norte;CH Vila Nova Gaia/Espinho;210;8979;58165;29412;703;4113;697;101582
2017-07;Região de Saúde Norte;Unidade Local de Saúde do Alto Minho, EPE;259;9695;47448;33627;547;1290;0;92866
2017-07;Região de Saúde LVT;Centro Hospitalar do Oeste, EPE;252;7585;33549;26612;334;1531;35955;69863
2017-07;Região de Saúde LVT;Hospital de Cascais, PPP;259;11661;34967;47382;473;151;0;94893
2017-07;Região de Saúde LVT;Hospital de Loures;282;10002;43979;61830;912;272;57;117277
2017-07;Região de Saúde LVT;Hospital Vila Franca Xira;217;9048;38321;30830;2216;1310;50;81942
2017-07;Região de Saúde LVT;Hospital Fernando Fonseca;421;18136;49514;75848;2966;5024;442;151909
2017-07;Região de Saúde LVT;Hospital Garcia de Orta;423;8170;24166;27751;4989;1100;29137;66599
2017-07;Região de Saúde Norte;CHU São João;676;13449;54932;24505;2425;1326;52565;97313
2017-07;Região de Saúde Norte;Centro Hospitalar Tâmega e Sousa, EPE;581;11042;45420;44117;522;4796;8702;106478
2017-07;Região de Saúde Norte;Hospital Santa Maria Maior, EPE;69;2958;15313;18332;488;658;0;37818
2017-07;Região de Saúde Norte;ULS Matosinhos;210;8781;24948;12777;1200;4016;176;51932
2017-07;Região de Saúde do Algarve;CHU Algarve;735;31517;90036;68158;856;7740;1561;199042
2017-07;Região de Saúde do Centro;ULS Guarda;215;4062;26837;21906;1346;1486;2422;55852
2017-07;Região de Saúde do Centro;ULS Castelo Branco;78;2181;20370;14075;525;624;119;37853
2017-07;Região de Saúde LVT;Centro Hospitalar Médio Tejo, EPE;482;8517;39056;34927;679;1748;0;85409
2017-07;Região de Saúde Norte;CH Trás-os-Montes Alto Douro;317;10345;58574;26781;841;4518;63;101376
2017-07;Região de Saúde Norte;Hospital da Senhora da Oliveira, Guimarães, EPE;134;6432;32836;31680;620;2642;348;74344
2017-07;Região de Saúde Norte;Unidade Local de Saúde do Nordeste, EPE;178;4848;36103;18683;732;1686;142;62230
2017-07;Região de Saúde do Alentejo;ULS Baixo Alentejo;88;5002;20160;7932;621;323;26670;34126
2017-07;Região de Saúde do Alentejo;ULS Litoral Alentejano;0;0;0;0;0;0;53159;0
2017-07;Região de Saúde do Centro;CHU Cova da Beira;80;1777;20182;6366;45;750;10747;29200
2017-07;Região de Saúde do Centro;CH Leiria;463;9458;50612;47637;3728;1710;0;113608
2017-07;Região de Saúde do Centro;Centro Hospitalar do Baixo Vouga, EPE;435;13428;51037;26559;1253;3222;110;95934
2017-07;Região de Saúde do Centro;CHU Coimbra;616;18512;62441;28976;2497;724;53658;113766
2017-07;Região de Saúde do Centro;Hospital Figueira Foz;93;2570;21861;16944;88;605;299;42161
2017-07;Região de Saúde LVT;CHU Lisboa Central;389;5778;40245;37880;2225;554;57465;87071
2017-07;Região de Saúde LVT;Centro Hospitalar de Lisboa Ocidental, EPE;144;4736;21591;22319;1126;747;38656;50663
2017-07;Região de Saúde Norte;Centro Hospitalar do Médio Ave, EPE;180;7812;43951;22450;512;1564;10;76469
2017-07;Região de Saúde Norte;CH Póvoa Varzim/Vila Conde;133;3405;14555;23116;286;660;0;42155
2017-07;Região de Saúde Norte;Hospital de Braga;464;10354;61604;44828;1842;0;518;119092
2017-07;Região de Saúde do Alentejo;Hospital Espírito Santo Évora;202;6789;18720;14519;774;1712;224;42716
2017-07;Região de Saúde do Centro;CH Tondela-Viseu;348;10616;41797;27025;1678;3971;8791;85435
2017-07;Região de Saúde LVT;CH Barreiro/Montijo;134;4519;20440;13583;420;2021;43801;41117
2017-07;Região de Saúde LVT;Hospital Distrital de Santarém, EPE;199;8463;31603;29168;299;909;4084;70641
2017-07;Região de Saúde Norte;CH Entre Douro e Vouga;483;14261;53186;26259;1711;19964;4080;115864
2017-06;Região de Saúde LVT;Centro Hospitalar do Oeste, EPE;219;6504;28320;22476;295;1354;31801;59168
2017-06;Região de Saúde Norte;CHU Porto;451;7815;41692;10179;676;797;8786;61610
2017-06;Região de Saúde Norte;Centro Hospitalar Tâmega e Sousa, EPE;512;9410;38750;37894;370;4100;7410;91036
2017-06;Região de Saúde Norte;CH Vila Nova Gaia/Espinho;187;7747;49604;25093;623;3487;620;86741
2017-06;Região de Saúde Norte;Hospital Santa Maria Maior, EPE;57;2548;13196;15611;406;570;0;32388
2017-06;Região de Saúde do Alentejo;ULS Norte Alentejano;143;4518;17601;20185;491;1217;0;44155
2017-06;Região de Saúde do Algarve;CHU Algarve;626;26671;75082;57646;758;6646;1206;167429
2017-06;Região de Saúde do Centro;CH Leiria;407;8226;43337;40566;3119;1485;0;97140
2017-06;Região de Saúde LVT;CH Barreiro/Montijo;119;3902;17384;11491;348;1794;38184;35038
2017-06;Região de Saúde LVT;Centro Hospitalar de Lisboa Ocidental, EPE;125;4097;18470;19025;968;644;33650;43329
2017-06;Região de Saúde Norte;Centro Hospitalar do Médio Ave, EPE;161;6703;37395;19103;427;1333;9;65122
2017-06;Região de Saúde Norte;CH Entre Douro e Vouga;413;12205;45212;22482;1486;17567;3566;99365
2017-06;Região de Saúde Norte;Unidade Local de Saúde do Nordeste, EPE;152;4226;30714;16208;629;1413;118;53342
2017-06;Região de Saúde do Alentejo;Hospital Espírito Santo Évora;172;5897;15940;12636;641;1439;193;36725
2017-06;Região de Saúde do Centro;Centro Hospitalar do Baixo Vouga, EPE;368;11544;43166;22997;1070;2728;93;81873
2017-06;Região de Saúde do Centro;Hospital Figueira Foz;79;2197;18733;14436;70;502;30;36017
2017-06;Região de Saúde do Centro;ULS Guarda;205;3424;22960;19047;1138;1244;2001;48018
2017-06;Região de Saúde do Centro;ULS Castelo Branco;65;1895;17563;12038;437;537;106;32535
2017-06;Região de Saúde LVT;CH Setúbal;186;5177;22720;13969;254;1202;27999;43508
2017-06;Região de Saúde Norte;CHU São João;588;11536;46651;20730;2014;1080;45833;82599
2017-06;Região de Saúde Norte;Hospital da Senhora da Oliveira, Guimarães, EPE;112;5571;28096;26892;516;2151;300;63338
2017-06;Região de Saúde do Alentejo;ULS Baixo Alentejo;80;4348;17234;6948;549;290;23171;29449
2017-06;Região de Saúde do Alentejo;ULS Litoral Alentejano;0;0;0;0;0;0;44615;0
2017-06;Região de Saúde do Centro;CHU Cova da Beira;67;1544;16984;5409;35;634;9426;24673
2017-06;Região de Saúde LVT;CHU Lisboa Central;333;5055;34443;31973;1923;481;50181;74208
2017-06;Região de Saúde LVT;Centro Hospitalar Médio Tejo, EPE;428;7389;33413;30163;607;1550;0;73550
2017-06;Região de Saúde LVT;Hospital de Cascais, PPP;222;10150;30153;40782;402;114;0;81823
2017-06;Região de Saúde LVT;Hospital de Loures;244;8701;37915;53350;767;240;48;101217
2017-06;Região de Saúde LVT;Hospital Distrital de Santarém, EPE;173;7374;27291;24868;234;774;3516;60714
2017-06;Região de Saúde LVT;Hospital Fernando Fonseca;372;15776;42595;64998;2498;4248;396;130487
2017-06;Região de Saúde LVT;Hospital Garcia de Orta;359;7130;20645;23299;4351;939;25493;56723
2017-06;Região de Saúde Norte;CH Trás-os-Montes Alto Douro;288;8946;50074;22812;722;3894;58;86736
2017-06;Região de Saúde do Centro;CHU Coimbra;528;16016;53018;24716;2159;593;46603;97030
2017-06;Região de Saúde do Centro;CH Tondela-Viseu;306;9188;35824;23198;1419;3393;7413;73328
2017-06;Região de Saúde LVT;CHU Lisboa Norte;367;7485;33108;39539;2890;666;34245;84055
2017-06;Região de Saúde LVT;Hospital Vila Franca Xira;195;8022;33182;26387;1943;1077;47;70806
2017-06;Região de Saúde Norte;CH Póvoa Varzim/Vila Conde;115;2957;12368;19891;247;553;0;36131
2017-06;Região de Saúde Norte;Hospital de Braga;388;8867;52744;37775;1540;0;444;101314
2017-06;Região de Saúde Norte;ULS Matosinhos;183;7433;21234;10887;999;3421;152;44157
2017-06;Região de Saúde Norte;Unidade Local de Saúde do Alto Minho, EPE;229;8447;40562;28610;454;1083;0;79385
2017-05;Região de Saúde LVT;Hospital Vila Franca Xira;173;6854;27693;21841;1611;850;34;59022
2017-05;Região de Saúde LVT;Hospital Distrital de Santarém, EPE;139;6177;22895;20526;186;657;2778;50580
2017-05;Região de Saúde Norte;CH Entre Douro e Vouga;345;10100;37386;18787;1238;14995;3020;82851
2017-05;Região de Saúde Norte;Centro Hospitalar Tâmega e Sousa, EPE;441;7907;32050;31072;252;3371;6406;75093
2017-05;Região de Saúde Norte;CH Vila Nova Gaia/Espinho;164;6458;41116;21138;533;2994;472;72403
2017-05;Região de Saúde Norte;Unidade Local de Saúde do Alto Minho, EPE;197;7181;33849;23841;406;926;0;66400
2017-05;Região de Saúde do Alentejo;ULS Litoral Alentejano;0;0;0;0;0;0;36701;0
2017-05;Região de Saúde do Algarve;CHU Algarve;540;21977;61873;47877;638;5503;906;138408
2017-05;Região de Saúde do Centro;Centro Hospitalar do Baixo Vouga, EPE;322;9633;35773;19169;931;2246;79;68074
2017-05;Região de Saúde do Centro;CHU Coimbra;451;13454;43937;20593;1851;471;38964;80757
2017-05;Região de Saúde do Centro;Hospital Figueira Foz;67;1853;15593;12095;46;421;24;30075
2017-05;Região de Saúde Norte;CH Póvoa Varzim/Vila Conde;96;2489;10163;16690;200;439;0;30077
2017-05;Região de Saúde Norte;Hospital de Braga;326;7465;44239;30943;1229;0;383;84202
2017-05;Região de Saúde Norte;Unidade Local de Saúde do Nordeste, EPE;138;3517;25598;13636;527;1218;92;44634
2017-05;Região de Saúde LVT;CH Barreiro/Montijo;100;3289;14373;9457;282;1494;31991;28995
2017-05;Região de Saúde LVT;CHU Lisboa Central;267;4282;28652;26092;1548;385;42317;61226
2017-05;Região de Saúde LVT;Hospital Garcia de Orta;309;6055;17173;19056;3554;679;21569;46826
2017-05;Região de Saúde Norte;CH Trás-os-Montes Alto Douro;254;7662;41756;19085;598;3292;50;72647
2017-05;Região de Saúde Norte;Hospital Santa Maria Maior, EPE;50;2166;10955;12929;342;482;0;26924
2017-05;Região de Saúde Norte;ULS Matosinhos;156;6221;17524;8978;834;2874;139;36587
2017-05;Região de Saúde do Centro;CHU Cova da Beira;52;1292;13946;4483;33;538;7950;20344
2017-05;Região de Saúde do Centro;CH Leiria;348;7025;36320;33789;2556;1257;0;81295
2017-05;Região de Saúde do Centro;CH Tondela-Viseu;262;7792;29788;19495;1185;2730;6229;61252
2017-05;Região de Saúde do Centro;ULS Guarda;0;0;0;0;0;0;41919;0
2017-05;Região de Saúde LVT;CH Setúbal;164;4401;18658;11417;222;1010;23541;35872
2017-05;Região de Saúde LVT;Centro Hospitalar do Oeste, EPE;182;5428;23482;18424;222;1192;26970;48930
2017-05;Região de Saúde LVT;CHU Lisboa Norte;292;6365;27665;32550;2401;550;28580;69823
2017-05;Região de Saúde LVT;Hospital de Loures;195;7404;31729;44453;634;207;46;84622
2017-05;Região de Saúde LVT;Hospital Fernando Fonseca;314;13352;35433;53902;2051;3506;309;108558
2017-05;Região de Saúde do Alentejo;Hospital Espírito Santo Évora;149;4995;13083;10740;543;1206;176;30716
2017-05;Região de Saúde do Alentejo;ULS Baixo Alentejo;66;3653;14443;5857;461;249;19520;24729
2017-05;Região de Saúde do Alentejo;ULS Norte Alentejano;113;3776;14551;16962;414;1004;0;36820
2017-05;Região de Saúde do Centro;ULS Castelo Branco;53;1603;14589;9899;344;451;95;26939
2017-05;Região de Saúde LVT;Centro Hospitalar de Lisboa Ocidental, EPE;106;3514;15410;15738;748;588;28239;36104
2017-05;Região de Saúde LVT;Centro Hospitalar Médio Tejo, EPE;353;6270;27774;25336;516;1260;0;61509
2017-05;Região de Saúde LVT;Hospital de Cascais, PPP;182;8616;24852;33830;353;92;0;67925
2017-05;Região de Saúde Norte;CHU São João;493;9704;38475;17050;1597;896;38786;68215
2017-05;Região de Saúde Norte;Centro Hospitalar do Médio Ave, EPE;142;5675;30889;15872;348;1103;8;54029
2017-05;Região de Saúde Norte;CHU Porto;370;6545;34350;8429;543;660;7496;50897
2017-05;Região de Saúde Norte;Hospital da Senhora da Oliveira, Guimarães, EPE;95;4681;23405;22084;409;1634;266;52308
2017-04;Região de Saúde do Alentejo;ULS Baixo Alentejo;55;2884;11354;4679;361;193;15733;19526
2017-04;Região de Saúde do Centro;CHU Cova da Beira;45;1055;11013;3530;25;435;6249;16103
2017-04;Região de Saúde do Centro;ULS Castelo Branco;43;1266;11532;7787;291;348;47;21267
2017-04;Região de Saúde LVT;CH Barreiro/Montijo;80;2625;11171;7558;224;1180;25396;22838
2017-04;Região de Saúde LVT;Hospital de Cascais, PPP;151;6934;19595;26523;297;81;0;53581
2017-04;Região de Saúde LVT;Hospital de Loures;157;6004;25143;35245;500;154;40;67203
2017-04;Região de Saúde Norte;Centro Hospitalar do Médio Ave, EPE;109;4615;24385;12397;272;876;8;42654
2017-04;Região de Saúde Norte;CH Vila Nova Gaia/Espinho;138;5153;32110;16831;404;2414;274;57050
2017-04;Região de Saúde Norte;Hospital de Braga;266;6000;35372;24028;890;0;299;66556
2017-04;Região de Saúde Norte;Hospital Santa Maria Maior, EPE;45;1737;8722;10366;283;392;0;21545
2017-04;Região de Saúde do Alentejo;ULS Norte Alentejano;99;3018;11521;13369;301;790;0;29098
2017-04;Região de Saúde do Centro;CH Leiria;284;5590;28848;26723;1909;979;0;64333
2017-04;Região de Saúde LVT;CHU Lisboa Norte;234;5148;21970;25385;1887;447;22459;55071
2017-04;Região de Saúde LVT;Centro Hospitalar Médio Tejo, EPE;291;5079;21961;20043;414;983;0;48771
2017-04;Região de Saúde Norte;CH Trás-os-Montes Alto Douro;207;6183;33022;15220;476;2693;44;57801
2017-04;Região de Saúde Norte;ULS Matosinhos;119;5014;13912;6866;650;2283;126;28844
2017-04;Região de Saúde Norte;Unidade Local de Saúde do Alto Minho, EPE;171;5884;26909;19004;342;713;0;53023
2017-04;Região de Saúde do Alentejo;ULS Litoral Alentejano;0;0;0;0;0;0;29027;0
2017-04;Região de Saúde do Centro;Centro Hospitalar do Baixo Vouga, EPE;255;7705;28020;15264;741;1709;68;53694
2017-04;Região de Saúde LVT;CH Setúbal;139;3539;14569;8896;191;831;18633;28165
2017-04;Região de Saúde LVT;Centro Hospitalar do Oeste, EPE;143;4338;18597;14508;180;1028;21394;38794
2017-04;Região de Saúde LVT;Hospital Vila Franca Xira;138;5550;21962;16971;1218;639;23;46478
2017-04;Região de Saúde LVT;Hospital Distrital de Santarém, EPE;118;4918;18118;16287;141;515;2300;40097
2017-04;Região de Saúde Norte;CHU São João;383;7809;30322;13286;1185;675;30723;53660
2017-04;Região de Saúde Norte;Centro Hospitalar Tâmega e Sousa, EPE;367;6327;25586;24762;191;2624;4847;59857
2017-04;Região de Saúde do Centro;CH Tondela-Viseu;225;6374;23396;15651;960;2094;4928;48700
2017-04;Região de Saúde do Centro;ULS Guarda;0;0;0;0;0;0;33532;0
2017-04;Região de Saúde LVT;CHU Lisboa Central;218;3436;22880;20414;1183;291;33701;48422
2017-04;Região de Saúde LVT;Centro Hospitalar de Lisboa Ocidental, EPE;88;2778;12091;12224;580;401;22376;28162
2017-04;Região de Saúde LVT;Hospital Fernando Fonseca;256;10752;27795;42124;1590;2739;260;85256
2017-04;Região de Saúde Norte;CH Póvoa Varzim/Vila Conde;79;2057;8036;13216;152;337;0;23877
2017-04;Região de Saúde Norte;Unidade Local de Saúde do Nordeste, EPE;114;2846;20476;10966;431;976;77;35809
2017-04;Região de Saúde do Alentejo;Hospital Espírito Santo Évora;117;4041;10372;8471;428;908;139;24337
2017-04;Região de Saúde do Algarve;CHU Algarve;452;17529;48997;37888;506;4301;669;109673
2017-04;Região de Saúde do Centro;CHU Coimbra;351;10783;34554;16219;1453;378;30714;63738
2017-04;Região de Saúde do Centro;Hospital Figueira Foz;55;1514;12235;9687;37;311;20;23839
2017-04;Região de Saúde LVT;Hospital Garcia de Orta;262;4850;13573;14781;2799;553;17091;36818
2017-04;Região de Saúde Norte;CHU Porto;300;5309;27205;6449;448;494;5879;40205
2017-04;Região de Saúde Norte;CH Entre Douro e Vouga;289;7919;29711;15008;961;12161;2320;66049
2017-04;Região de Saúde Norte;Hospital da Senhora da Oliveira, Guimarães, EPE;75;3716;18645;17251;321;1137;222;41145
2017-03;Região de Saúde do Alentejo;ULS Litoral Alentejano;0;0;0;0;0;0;22098;0
2017-03;Região de Saúde do Centro;CH Leiria;220;4206;21843;20172;1318;717;0;48476
2017-03;Região de Saúde do Centro;ULS Guarda;0;0;0;0;0;0;25633;0
2017-03;Região de Saúde do Centro;ULS Castelo Branco;34;958;8645;5780;207;275;31;15899
2017-03;Região de Saúde LVT;CH Barreiro/Montijo;59;2025;8317;5533;154;861;19325;16949
2017-03;Região de Saúde LVT;Centro Hospitalar Médio Tejo, EPE;234;3900;16421;15110;329;760;0;36754
2017-03;Região de Saúde LVT;Hospital Garcia de Orta;206;3745;10145;10964;1994;442;12919;27496
2017-03;Região de Saúde Norte;Centro Hospitalar do Médio Ave, EPE;84;3442;18268;9393;194;706;8;32087
2017-03;Região de Saúde Norte;Centro Hospitalar Tâmega e Sousa, EPE;305;4802;19350;18742;137;1896;3634;45232
2017-03;Região de Saúde Norte;Hospital da Senhora da Oliveira, Guimarães, EPE;55;2721;13994;12901;233;808;169;30712
2017-03;Região de Saúde do Alentejo;Hospital Espírito Santo Évora;92;3146;7618;6407;338;659;108;18260
2017-03;Região de Saúde do Alentejo;ULS Baixo Alentejo;43;2159;8536;3593;256;144;11825;14731
2017-03;Região de Saúde do Algarve;CHU Algarve;335;13170;36568;28419;367;3117;474;81976
2017-03;Região de Saúde do Centro;CH Tondela-Viseu;164;4905;17496;12082;750;1508;3678;36905
2017-03;Região de Saúde LVT;CHU Lisboa Norte;166;3967;16500;18571;1340;343;17045;40887
2017-03;Região de Saúde LVT;Hospital de Cascais, PPP;120;5267;14708;19877;247;49;0;40268
2017-03;Região de Saúde Norte;CH Trás-os-Montes Alto Douro;161;4774;25193;11482;340;2129;40;44079
2017-03;Região de Saúde Norte;Hospital Santa Maria Maior, EPE;36;1305;6595;7975;187;318;0;16416
2017-03;Região de Saúde LVT;Centro Hospitalar de Lisboa Ocidental, EPE;64;2114;9109;9082;436;292;17055;21097
2017-03;Região de Saúde LVT;Centro Hospitalar do Oeste, EPE;116;3284;13851;10805;139;877;16372;29072
2017-03;Região de Saúde Norte;CHU Porto;221;4068;20239;4579;313;364;4382;29784
2017-03;Região de Saúde Norte;CH Entre Douro e Vouga;229;5925;22065;11431;712;9358;1709;49720
2017-03;Região de Saúde Norte;CH Póvoa Varzim/Vila Conde;59;1566;6180;9990;89;267;0;18151
2017-03;Região de Saúde Norte;CH Vila Nova Gaia/Espinho;111;3908;23726;12738;274;1840;215;42597
2017-03;Região de Saúde Norte;Hospital de Braga;198;4619;26712;17975;677;0;243;50181
2017-03;Região de Saúde do Alentejo;ULS Norte Alentejano;80;2308;8675;10046;237;577;0;21923
2017-03;Região de Saúde do Centro;CHU Coimbra;268;8391;25942;11784;928;274;23177;47587
2017-03;Região de Saúde Norte;Unidade Local de Saúde do Alto Minho, EPE;137;4543;20543;14148;246;494;0;40111
2017-03;Região de Saúde do Centro;CHU Cova da Beira;32;788;8121;2664;15;329;4799;11949
2017-03;Região de Saúde do Centro;Centro Hospitalar do Baixo Vouga, EPE;209;5897;21056;11500;578;1261;55;40501
2017-03;Região de Saúde do Centro;Hospital Figueira Foz;42;1150;9229;7287;28;205;18;17941
2017-03;Região de Saúde LVT;CHU Lisboa Central;153;2630;17207;14876;848;213;25849;35927
2017-03;Região de Saúde LVT;CH Setúbal;96;2711;10652;6581;162;647;14235;20849
2017-03;Região de Saúde LVT;Hospital de Loures;130;4653;18729;26569;391;115;30;50587
2017-03;Região de Saúde LVT;Hospital Vila Franca Xira;108;4365;16646;12640;945;457;19;35161
2017-03;Região de Saúde LVT;Hospital Distrital de Santarém, EPE;95;3735;13887;12046;100;393;1701;30256
2017-03;Região de Saúde LVT;Hospital Fernando Fonseca;203;8276;20694;31247;1160;2019;233;63599
2017-03;Região de Saúde Norte;CHU São João;295;5879;22535;9617;849;518;23628;39693
2017-03;Região de Saúde Norte;ULS Matosinhos;92;3815;10314;5079;497;1743;113;21540
2017-03;Região de Saúde Norte;Unidade Local de Saúde do Nordeste, EPE;83;2205;15686;8323;329;732;66;27358
2017-02;Região de Saúde do Alentejo;Hospital Espírito Santo Évora;65;2117;4918;4259;194;428;85;11981
2017-02;Região de Saúde do Alentejo;ULS Baixo Alentejo;25;1467;5646;2398;155;97;7875;9788
2017-02;Região de Saúde do Alentejo;ULS Norte Alentejano;55;1532;5658;6621;169;368;0;14403
2017-02;Região de Saúde do Centro;CHU Cova da Beira;25;581;5263;1718;8;221;3214;7816
2017-02;Região de Saúde do Centro;Centro Hospitalar do Baixo Vouga, EPE;144;4024;13949;7449;379;832;41;26777
2017-02;Região de Saúde do Centro;Hospital Figueira Foz;30;789;6195;4687;26;139;9;11866
2017-02;Região de Saúde LVT;Centro Hospitalar de Lisboa Ocidental, EPE;42;1468;5959;5784;267;205;11052;13725
2017-02;Região de Saúde LVT;Centro Hospitalar do Oeste, EPE;87;2183;9159;6934;91;641;10822;19095
2017-02;Região de Saúde LVT;Hospital de Loures;91;3171;12140;17175;275;83;13;32935
2017-02;Região de Saúde LVT;Hospital Garcia de Orta;137;2481;6594;7081;1235;291;8465;17819
2017-02;Região de Saúde Norte;CH Vila Nova Gaia/Espinho;79;2584;15062;8073;178;1180;128;27156
2017-02;Região de Saúde do Centro;CHU Coimbra;175;5486;16941;7712;585;173;15044;31072
2017-02;Região de Saúde do Centro;ULS Guarda;0;0;0;0;0;0;17216;0
2017-02;Região de Saúde LVT;CH Setúbal;64;1778;6680;4264;108;428;9232;13322
2017-02;Região de Saúde LVT;Hospital de Cascais, PPP;83;3562;9240;12808;149;31;0;25873
2017-02;Região de Saúde LVT;Hospital Distrital de Santarém, EPE;66;2425;9272;7751;54;248;1072;19816
2017-02;Região de Saúde Norte;Unidade Local de Saúde do Alto Minho, EPE;103;3110;13802;9320;166;320;0;26821
2017-02;Região de Saúde Norte;Unidade Local de Saúde do Nordeste, EPE;66;1526;10616;5597;229;532;45;18566
2017-02;Região de Saúde do Alentejo;ULS Litoral Alentejano;0;0;0;0;0;0;14760;0
2017-02;Região de Saúde do Algarve;CHU Algarve;229;8599;23567;18384;242;1993;333;53014
2017-02;Região de Saúde LVT;CHU Lisboa Central;97;1771;11349;9564;507;139;16733;23427
2017-02;Região de Saúde Norte;CHU São João;187;3892;14536;5995;517;315;15212;25442
2017-02;Região de Saúde Norte;CHU Porto;146;2721;12938;2857;193;245;2818;19100
2017-02;Região de Saúde Norte;CH Póvoa Varzim/Vila Conde;48;1054;4175;6315;55;192;0;11839
2017-02;Região de Saúde Norte;CH Trás-os-Montes Alto Douro;122;3317;16876;7649;225;1583;32;29772
2017-02;Região de Saúde Norte;Hospital da Senhora da Oliveira, Guimarães, EPE;39;1802;9241;8119;136;502;111;19839
2017-02;Região de Saúde Norte;ULS Matosinhos;64;2459;6574;3269;334;1104;94;13804
2017-02;Região de Saúde do Centro;CH Tondela-Viseu;116;3380;11523;8124;474;964;2435;24581
2017-02;Região de Saúde LVT;CHU Lisboa Norte;114;2739;10975;11694;775;241;10980;26538
2017-02;Região de Saúde LVT;Centro Hospitalar Médio Tejo, EPE;159;2583;10657;9845;185;527;0;23956
2017-02;Região de Saúde LVT;Hospital Vila Franca Xira;72;3065;10956;8057;566;293;12;23009
2017-02;Região de Saúde Norte;Centro Hospitalar do Médio Ave, EPE;61;2262;11793;6195;116;517;1;20944
2017-02;Região de Saúde Norte;CH Entre Douro e Vouga;167;3928;14308;7348;481;6101;1120;32333
2017-02;Região de Saúde Norte;Centro Hospitalar Tâmega e Sousa, EPE;215;3316;12791;12221;92;1220;2306;29855
2017-02;Região de Saúde Norte;Hospital Santa Maria Maior, EPE;27;894;4301;5227;117;241;0;10807
2017-02;Região de Saúde do Centro;CH Leiria;146;2813;14371;13139;754;467;0;31690
2017-02;Região de Saúde LVT;CH Barreiro/Montijo;45;1377;5318;3514;101;570;12494;10925
2017-02;Região de Saúde LVT;Hospital Fernando Fonseca;135;5549;13344;19656;714;1301;161;40699
2017-02;Região de Saúde Norte;Hospital de Braga;136;3074;17468;11760;415;0;174;32853
2017-01;Região de Saúde do Algarve;CHU Algarve;127;4482;12052;9479;126;1012;183;27278
2017-01;Região de Saúde do Centro;ULS Guarda;0;0;0;0;0;0;9600;0
2017-01;Região de Saúde LVT;CHU Lisboa Central;43;968;5999;4847;252;80;8774;12189
2017-01;Região de Saúde LVT;Hospital Fernando Fonseca;71;2868;6860;9950;365;700;56;20814
2017-01;Região de Saúde Norte;CHU Porto;100;1499;6639;1326;116;108;1470;9788
2017-01;Região de Saúde Norte;CH Vila Nova Gaia/Espinho;41;1404;7554;3967;102;630;63;13698
2017-01;Região de Saúde Norte;Hospital da Senhora da Oliveira, Guimarães, EPE;25;998;4875;4083;66;232;64;10279
2017-01;Região de Saúde Norte;Hospital de Braga;88;1731;9097;6213;213;0;118;17342
2017-01;Região de Saúde do Alentejo;ULS Baixo Alentejo;8;778;3019;1280;79;40;4230;5204
2017-01;Região de Saúde do Alentejo;ULS Litoral Alentejano;0;0;0;0;0;0;8022;0
2017-01;Região de Saúde do Centro;CHU Coimbra;104;3013;8863;3932;257;102;7887;16271
2017-01;Região de Saúde do Centro;CH Tondela-Viseu;68;1910;6081;4395;254;504;1274;13212
2017-01;Região de Saúde LVT;CH Setúbal;36;988;3419;2179;52;231;4841;6905
2017-01;Região de Saúde LVT;Hospital Distrital de Santarém, EPE;32;1288;4959;3936;26;144;482;10385
2017-01;Região de Saúde Norte;Centro Hospitalar Tâmega e Sousa, EPE;126;1851;6779;6151;51;592;1207;15550
2017-01;Região de Saúde do Alentejo;Hospital Espírito Santo Évora;33;1203;2657;2190;94;255;57;6432
2017-01;Região de Saúde do Alentejo;ULS Norte Alentejano;31;882;3080;3567;77;199;0;7836
2017-01;Região de Saúde do Centro;CH Leiria;90;1527;7507;6899;377;239;0;16639
2017-01;Região de Saúde LVT;CH Barreiro/Montijo;27;747;2630;1793;37;301;6455;5535
2017-01;Região de Saúde LVT;Centro Hospitalar do Oeste, EPE;47;1154;4710;3686;43;291;5643;9931
2017-01;Região de Saúde LVT;Hospital de Cascais, PPP;40;1924;4600;6450;70;18;0;13102
2017-01;Região de Saúde Norte;CHU São João;112;2062;7473;3058;289;176;7940;13170
2017-01;Região de Saúde Norte;Centro Hospitalar do Médio Ave, EPE;34;1217;6023;3297;53;299;1;10923
2017-01;Região de Saúde Norte;CH Póvoa Varzim/Vila Conde;24;595;2255;3343;35;110;0;6362
2017-01;Região de Saúde Norte;Hospital Santa Maria Maior, EPE;16;496;2262;2769;59;131;0;5733
2017-01;Região de Saúde Norte;ULS Matosinhos;38;1354;3411;1655;161;547;26;7166
2017-01;Região de Saúde do Centro;CHU Cova da Beira;11;338;2792;915;8;125;1801;4189
2017-01;Região de Saúde do Centro;Centro Hospitalar do Baixo Vouga, EPE;91;2232;7287;3937;182;418;33;14147
2017-01;Região de Saúde do Centro;Hospital Figueira Foz;20;450;3421;2475;16;81;7;6463
2017-01;Região de Saúde LVT;Centro Hospitalar de Lisboa Ocidental, EPE;22;847;3136;3042;137;107;5730;7291
2017-01;Região de Saúde LVT;CHU Lisboa Norte;69;1583;5800;6077;398;127;5663;14054
2017-01;Região de Saúde LVT;Hospital Garcia de Orta;70;1330;3445;3579;663;164;4257;9251
2017-01;Região de Saúde LVT;Centro Hospitalar Médio Tejo, EPE;92;1476;5722;5008;103;229;0;12630
2017-01;Região de Saúde LVT;Hospital de Loures;48;1804;6261;8682;140;43;7;16978
2017-01;Região de Saúde LVT;Hospital Vila Franca Xira;37;1737;5786;4112;254;182;7;12108
2017-01;Região de Saúde Norte;CH Entre Douro e Vouga;99;2123;7543;3923;297;3146;569;17131
2017-01;Região de Saúde Norte;CH Trás-os-Montes Alto Douro;74;1860;9061;4074;107;1037;28;16213
2017-01;Região de Saúde Norte;Unidade Local de Saúde do Alto Minho, EPE;54;1734;7523;4991;84;160;0;14546
2017-01;Região de Saúde Norte;Unidade Local de Saúde do Nordeste, EPE;32;889;6057;3103;111;351;22;10543
2016-12;Região de Saúde do Alentejo;Hospital Espírito Santo Évora;384;11490;31458;26418;1336;3729;1146;74815
2016-12;Região de Saúde do Centro;CHU Cova da Beira;141;3133;36576;13389;93;1558;19992;54890
2016-12;Região de Saúde do Centro;Centro Hospitalar do Baixo Vouga, EPE;843;24541;93475;48162;699;5494;279;173214
2016-12;Região de Saúde do Centro;ULS Guarda;288;7761;44418;42646;3766;2861;4383;101740
2016-12;Região de Saúde do Centro;ULS Castelo Branco;177;3959;37089;23888;695;1492;0;67300
2016-12;Região de Saúde Norte;CH Entre Douro e Vouga;999;25291;80209;31427;1582;38839;1772;178347
2016-12;Região de Saúde Norte;Centro Hospitalar Tâmega e Sousa, EPE;1053;19707;81222;83744;851;8014;15613;194591
2016-12;Região de Saúde Norte;CH Trás-os-Montes Alto Douro;502;16175;99961;44539;1282;18104;1710;180563
2016-12;Região de Saúde Norte;ULS Matosinhos;350;15238;43614;22779;2326;6269;165;90576
2016-12;Região de Saúde do Alentejo;ULS Litoral Alentejano;122;5615;27685;18175;147;1430;47034;53174
2016-12;Região de Saúde do Centro;Hospital Figueira Foz;150;4072;38618;31091;192;1235;112;75358
2016-12;Região de Saúde LVT;Hospital de Loures;468;17574;76460;108888;1934;490;285;205814
2016-12;Região de Saúde LVT;Hospital Vila Franca Xira;515;16244;66917;52479;3203;1547;90;140905
2016-12;Região de Saúde Norte;CHU São João;1182;23805;94997;42088;3560;2201;94588;167833
2016-12;Região de Saúde Norte;CHU Porto;889;16539;87236;19420;1466;1599;16530;127149
2016-12;Região de Saúde Norte;Hospital de Braga;803;17886;117298;67905;2427;0;745;206319
2016-12;Região de Saúde Norte;Unidade Local de Saúde do Alto Minho, EPE;479;18514;84078;60293;842;1614;0;165820
2016-12;Região de Saúde do Algarve;CHU Algarve;1223;50757;155870;117521;1300;14162;16341;340833
2016-12;Região de Saúde do Centro;CH Leiria;749;14157;99600;84859;2741;2378;0;204484
2016-12;Região de Saúde do Centro;CH Tondela-Viseu;617;18613;74042;52212;3059;7376;16077;155919
2016-12;Região de Saúde LVT;CHU Lisboa Central;770;10789;73941;65498;4022;1172;102621;156192
2016-12;Região de Saúde LVT;CHU Lisboa Norte;837;16243;71694;78778;6982;3693;49978;178227
2016-12;Região de Saúde LVT;Hospital de Cascais, PPP;434;19120;59698;86303;924;703;0;167182
2016-12;Região de Saúde Norte;Hospital da Senhora da Oliveira, Guimarães, EPE;204;10197;53129;58966;1312;4399;911;128207
2016-12;Região de Saúde Norte;Unidade Local de Saúde do Nordeste, EPE;325;9447;65956;31564;1041;4626;247;112959
2016-12;Região de Saúde do Alentejo;ULS Baixo Alentejo;164;8809;37261;13801;961;1541;46822;62537
2016-12;Região de Saúde do Centro;CHU Coimbra;1426;32964;111912;50023;2339;1161;94776;199825
2016-12;Região de Saúde LVT;Centro Hospitalar do Oeste, EPE;519;13305;58559;47200;607;3930;64423;124120
2016-12;Região de Saúde LVT;Centro Hospitalar Médio Tejo, EPE;841;16129;67456;63899;1398;4149;0;153872
2016-12;Região de Saúde Norte;CH Póvoa Varzim/Vila Conde;178;6431;24867;41543;424;1334;0;74777
2016-12;Região de Saúde Norte;CH Vila Nova Gaia/Espinho;449;16407;96723;54822;1099;8095;973;177595
2016-12;Região de Saúde do Alentejo;ULS Norte Alentejano;266;9991;35416;44346;1218;2536;0;93773
2016-12;Região de Saúde LVT;CH Barreiro/Montijo;320;8546;37453;18494;402;3329;77652;68544
2016-12;Região de Saúde LVT;Centro Hospitalar de Lisboa Ocidental, EPE;320;9282;39220;34984;1820;1362;70608;86988
2016-12;Região de Saúde LVT;CH Setúbal;392;11430;47392;24406;493;3286;58491;87399
2016-12;Região de Saúde LVT;Hospital Distrital de Santarém, EPE;375;15796;59741;46910;338;2161;7314;125321
2016-12;Região de Saúde LVT;Hospital Fernando Fonseca;865;35176;89459;131817;5110;9656;747;272083
2016-12;Região de Saúde LVT;Hospital Garcia de Orta;655;15187;43118;43536;8186;1813;51576;112495
2016-12;Região de Saúde Norte;Centro Hospitalar do Médio Ave, EPE;299;14104;73340;38637;813;2632;390;129825
2016-12;Região de Saúde Norte;Hospital Santa Maria Maior, EPE;136;4740;26949;34254;726;2946;0;69751
2016-11;Região de Saúde do Centro;CHU Coimbra;1315;29483;103782;45114;2123;1066;85802;182883
2016-11;Região de Saúde do Centro;ULS Castelo Branco;157;3557;33742;21514;639;1356;0;60965
2016-11;Região de Saúde LVT;Hospital Fernando Fonseca;771;31583;81528;120462;4776;9012;647;248132
2016-11;Região de Saúde LVT;Hospital Garcia de Orta;587;13786;39150;39774;7565;1678;46452;102540
2016-11;Região de Saúde Norte;CHU São João;1066;21679;86904;38896;3316;2034;85839;153895
2016-11;Região de Saúde Norte;CH Vila Nova Gaia/Espinho;399;14829;87742;49689;1016;7352;813;161027
2016-11;Região de Saúde do Alentejo;ULS Norte Alentejano;243;9073;31971;40275;1133;2344;0;85039
2016-11;Região de Saúde do Algarve;CHU Algarve;1111;46080;143657;107274;1202;13034;15851;312358
2016-11;Região de Saúde do Centro;CH Tondela-Viseu;551;16912;67741;47772;2826;6742;14758;142544
2016-11;Região de Saúde LVT;CHU Lisboa Central;710;9845;67636;60272;3716;1071;92674;143250
2016-11;Região de Saúde LVT;CH Setúbal;351;10437;43553;21980;429;3047;53120;79797
2016-11;Região de Saúde LVT;CHU Lisboa Norte;753;14728;65193;71900;6361;3397;44857;162332
2016-11;Região de Saúde Norte;Centro Hospitalar do Médio Ave, EPE;261;12798;66702;34748;745;2343;388;117597
2016-11;Região de Saúde Norte;Centro Hospitalar Tâmega e Sousa, EPE;894;16905;73151;76907;680;7061;15495;175598
2016-11;Região de Saúde Norte;Hospital Santa Maria Maior, EPE;116;4298;24523;31356;648;2763;0;63704
2016-11;Região de Saúde Norte;Unidade Local de Saúde do Nordeste, EPE;294;8532;59989;28745;961;4230;228;102751
2016-11;Região de Saúde do Alentejo;ULS Baixo Alentejo;153;7967;33972;12521;894;1498;41829;57005
2016-11;Região de Saúde do Alentejo;ULS Litoral Alentejano;111;5099;25221;16469;142;1334;42358;48376
2016-11;Região de Saúde do Centro;Centro Hospitalar do Baixo Vouga, EPE;754;22302;85515;43869;634;5058;97;158132
2016-11;Região de Saúde do Centro;Hospital Figueira Foz;130;3626;34879;28158;178;1131;77;68102
2016-11;Região de Saúde LVT;Centro Hospitalar de Lisboa Ocidental, EPE;287;8401;35956;31844;1619;1236;63815;79343
2016-11;Região de Saúde LVT;Hospital de Cascais, PPP;384;17083;54309;78285;862;666;0;151589
2016-11;Região de Saúde LVT;Hospital de Loures;405;15746;69175;99041;1801;445;105;186613
2016-11;Região de Saúde Norte;CHU Porto;795;14796;80234;17829;1367;1468;15146;116489
2016-11;Região de Saúde Norte;CH Entre Douro e Vouga;910;22685;73270;28699;1425;34466;1633;161455
2016-11;Região de Saúde do Centro;CH Leiria;616;11496;91151;76623;1894;1903;0;183683
2016-11;Região de Saúde LVT;CH Barreiro/Montijo;288;7704;34185;16843;375;3076;69969;62471
2016-11;Região de Saúde LVT;Centro Hospitalar do Oeste, EPE;434;11409;50618;41707;554;3348;62714;108070
2016-11;Região de Saúde LVT;Centro Hospitalar Médio Tejo, EPE;751;14663;61105;58127;1292;3829;0;139767
2016-11;Região de Saúde Norte;CH Póvoa Varzim/Vila Conde;157;5670;22700;37916;381;1216;0;68040
2016-11;Região de Saúde Norte;CH Trás-os-Montes Alto Douro;454;14602;91005;40898;1205;16327;1523;164491
2016-11;Região de Saúde Norte;Hospital da Senhora da Oliveira, Guimarães, EPE;191;9158;47910;54014;1200;4147;769;116620
2016-11;Região de Saúde Norte;ULS Matosinhos;303;13803;39635;20998;2198;5721;143;82658
2016-11;Região de Saúde Norte;Unidade Local de Saúde do Alto Minho, EPE;434;16722;76491;55078;763;1416;0;150904
2016-11;Região de Saúde do Alentejo;Hospital Espírito Santo Évora;361;10733;28621;23672;1236;3441;1084;68064
2016-11;Região de Saúde do Centro;CHU Cova da Beira;124;2803;33439;12399;88;1412;18320;50265
2016-11;Região de Saúde do Centro;ULS Guarda;264;7026;40465;38929;3632;2658;4083;92974
2016-11;Região de Saúde LVT;Hospital Vila Franca Xira;464;14555;60444;47407;3008;1399;59;127277
2016-11;Região de Saúde LVT;Hospital Distrital de Santarém, EPE;345;14405;54520;41829;296;1907;6670;113302
2016-11;Região de Saúde Norte;Hospital de Braga;720;16236;107712;62024;2154;0;624;188846
2016-10;Região de Saúde do Alentejo;ULS Baixo Alentejo;134;7247;30842;11259;821;1456;37779;51759
2016-10;Região de Saúde do Centro;CHU Cova da Beira;105;2566;30714;11508;83;1283;16817;46259
2016-10;Região de Saúde do Centro;ULS Guarda;249;6790;38495;35583;1623;2484;3558;85224
2016-10;Região de Saúde LVT;CH Barreiro/Montijo;267;6924;31130;15376;339;2818;63180;56854
2016-10;Região de Saúde Norte;CHU Porto;731;13584;73575;16306;1252;1328;13402;106776
2016-10;Região de Saúde Norte;Hospital da Senhora da Oliveira, Guimarães, EPE;176;8344;43408;49232;1064;3887;561;106111
2016-10;Região de Saúde do Alentejo;ULS Norte Alentejano;223;8303;28941;36894;1044;2120;0;77525
2016-10;Região de Saúde LVT;Centro Hospitalar de Lisboa Ocidental, EPE;252;7620;32585;28932;1499;1120;57550;72008
2016-10;Região de Saúde LVT;CH Setúbal;315;9515;39946;19956;381;2811;47824;72924
2016-10;Região de Saúde LVT;CHU Lisboa Norte;686;13412;59148;65370;5754;3114;40309;147484
2016-10;Região de Saúde LVT;Hospital de Cascais, PPP;345;15286;49088;70890;796;651;0;137056
2016-10;Região de Saúde LVT;Hospital Distrital de Santarém, EPE;316;13157;49754;37451;266;1710;6092;102654
2016-10;Região de Saúde LVT;Hospital Fernando Fonseca;697;28781;74384;109309;4384;8250;585;225805
2016-10;Região de Saúde Norte;CH Póvoa Varzim/Vila Conde;135;5096;20790;34509;354;1106;0;61990
2016-10;Região de Saúde Norte;Unidade Local de Saúde do Nordeste, EPE;273;7835;54812;26320;875;3858;219;93973
2016-10;Região de Saúde do Centro;CH Leiria;566;10547;83625;70295;1737;1746;0;168516
2016-10;Região de Saúde do Centro;Centro Hospitalar do Baixo Vouga, EPE;687;20418;78128;40073;569;4618;84;144493
2016-10;Região de Saúde do Centro;CHU Coimbra;1176;26746;94522;41442;1852;947;76976;166685
2016-10;Região de Saúde do Centro;Hospital Figueira Foz;122;3346;31856;25658;162;1023;75;62167
2016-10;Região de Saúde LVT;Hospital Vila Franca Xira;417;13168;54571;42606;2758;1251;47;114771
2016-10;Região de Saúde LVT;Hospital Garcia de Orta;540;12609;35672;36473;6958;1537;41378;93789
2016-10;Região de Saúde Norte;CHU São João;971;19696;79184;35746;3082;1887;77157;140566
2016-10;Região de Saúde Norte;Centro Hospitalar Tâmega e Sousa, EPE;813;15369;66528;70053;619;6420;14087;159802
2016-10;Região de Saúde Norte;CH Vila Nova Gaia/Espinho;369;13526;79486;45263;914;6626;725;146184
2016-10;Região de Saúde Norte;Unidade Local de Saúde do Alto Minho, EPE;404;15304;69744;50611;719;1291;0;138073
2016-10;Região de Saúde do Algarve;CHU Algarve;1029;42116;132001;98031;1090;11932;15731;286199
2016-10;Região de Saúde do Centro;ULS Castelo Branco;144;3287;30858;19584;572;1266;0;55711
2016-10;Região de Saúde LVT;Centro Hospitalar Médio Tejo, EPE;668;13395;54889;52570;1193;3624;0;126339
2016-10;Região de Saúde LVT;Hospital de Loures;371;14328;62855;89473;1664;397;96;169088
2016-10;Região de Saúde do Alentejo;Hospital Espírito Santo Évora;294;9060;24832;20433;1066;3005;3878;58690
2016-10;Região de Saúde do Alentejo;ULS Litoral Alentejano;105;4740;23302;14799;132;1244;38767;44322
2016-10;Região de Saúde do Centro;CH Tondela-Viseu;493;15454;61786;43610;2543;6123;14092;130009
2016-10;Região de Saúde LVT;CHU Lisboa Central;651;9062;61822;55316;3423;960;83476;131234
2016-10;Região de Saúde LVT;Centro Hospitalar do Oeste, EPE;404;10383;48095;38906;494;3201;53806;101483
2016-10;Região de Saúde Norte;Centro Hospitalar do Médio Ave, EPE;239;11750;60661;31394;683;2072;385;106799
2016-10;Região de Saúde Norte;CH Entre Douro e Vouga;836;20549;66868;26341;1295;30879;1471;146768
2016-10;Região de Saúde Norte;CH Trás-os-Montes Alto Douro;410;13379;83277;37505;1111;14931;1305;150613
2016-10;Região de Saúde Norte;Hospital de Braga;653;14794;99051;56117;1883;0;549;172498
2016-10;Região de Saúde Norte;Hospital Santa Maria Maior, EPE;105;3973;22432;28522;577;2632;0;58241
2016-10;Região de Saúde Norte;ULS Matosinhos;278;12537;36067;19327;2021;5143;120;75373
2016-09;Região de Saúde do Centro;CH Leiria;515;9606;76156;64003;1580;1589;0;153449
2016-09;Região de Saúde do Centro;CH Tondela-Viseu;447;14044;55912;39890;2321;5518;12264;118132
2016-09;Região de Saúde do Centro;Hospital Figueira Foz;113;3025;28639;23333;146;963;71;56219
2016-09;Região de Saúde LVT;Centro Hospitalar Médio Tejo, EPE;611;12148;49011;47083;1094;3437;0;113384
2016-09;Região de Saúde Norte;CHU Porto;668;12290;66652;14516;1148;1234;11499;96508
2016-09;Região de Saúde Norte;CH Vila Nova Gaia/Espinho;338;12221;70927;41003;781;5940;647;131210
2016-09;Região de Saúde do Centro;Centro Hospitalar do Baixo Vouga, EPE;624;18405;70503;36036;504;4203;69;130275
2016-09;Região de Saúde LVT;CH Barreiro/Montijo;242;6215;28027;13853;313;2520;56505;51170
2016-09;Região de Saúde LVT;Centro Hospitalar de Lisboa Ocidental, EPE;229;6619;29119;25885;1351;1007;51713;64210
2016-09;Região de Saúde LVT;Hospital Vila Franca Xira;371;11960;48714;38136;2544;1069;45;102794
2016-09;Região de Saúde LVT;Hospital Distrital de Santarém, EPE;285;11901;44642;33688;244;1598;5383;92358
2016-09;Região de Saúde LVT;Hospital Fernando Fonseca;634;25915;67160;97949;3946;7436;496;203040
2016-09;Região de Saúde LVT;Hospital Garcia de Orta;489;11364;32096;32751;6299;1388;36963;84387
2016-09;Região de Saúde Norte;Centro Hospitalar do Médio Ave, EPE;216;10660;54364;27958;594;1859;383;95651
2016-09;Região de Saúde Norte;CH Entre Douro e Vouga;769;18308;60185;23924;1153;27731;1430;132070
2016-09;Região de Saúde Norte;Centro Hospitalar Tâmega e Sousa, EPE;787;14733;60995;62423;595;6159;11397;145692
2016-09;Região de Saúde Norte;Hospital da Senhora da Oliveira, Guimarães, EPE;165;7589;38639;44234;1003;3535;506;95165
2016-09;Região de Saúde Norte;Hospital de Braga;584;13421;89333;50225;1647;0;480;155210
2016-09;Região de Saúde Norte;ULS Matosinhos;256;11312;32275;17457;1839;4619;107;67758
2016-09;Região de Saúde Norte;Unidade Local de Saúde do Alto Minho, EPE;357;13751;62769;46107;651;1150;0;124785
2016-09;Região de Saúde do Alentejo;Hospital Espírito Santo Évora;237;7469;19699;16389;892;2448;9007;47134
2016-09;Região de Saúde do Alentejo;ULS Baixo Alentejo;123;6509;27470;9975;725;1417;33999;46219
2016-09;Região de Saúde do Alentejo;ULS Litoral Alentejano;94;4311;21279;13366;118;1155;35262;40323
2016-09;Região de Saúde do Algarve;CHU Algarve;915;38102;119313;88254;972;10808;15634;258364
2016-09;Região de Saúde do Centro;CHU Cova da Beira;93;2276;27782;10549;76;1177;15274;41953
2016-09;Região de Saúde do Centro;CHU Coimbra;1061;24058;84646;37677;1556;789;68872;149787
2016-09;Região de Saúde LVT;CHU Lisboa Central;590;8210;55867;49808;3078;853;74494;118406
2016-09;Região de Saúde LVT;Hospital de Cascais, PPP;309;13583;43755;63739;720;637;0;122743
2016-09;Região de Saúde LVT;Hospital de Loures;331;12838;56397;80162;1474;355;89;151557
2016-09;Região de Saúde Norte;CH Trás-os-Montes Alto Douro;362;12158;74956;33935;1015;13534;1120;135960
2016-09;Região de Saúde Norte;Hospital Santa Maria Maior, EPE;91;3617;19973;25524;498;2430;0;52133
2016-09;Região de Saúde do Centro;ULS Guarda;223;6251;34669;32397;1443;2253;3220;77236
2016-09;Região de Saúde LVT;Centro Hospitalar do Oeste, EPE;368;9942;43778;35297;438;2954;46736;92777
2016-09;Região de Saúde Norte;CHU São João;872;17669;70828;32250;2744;1722;68597;126085
2016-09;Região de Saúde Norte;Unidade Local de Saúde do Nordeste, EPE;253;7159;49757;23788;759;3431;198;85147
2016-09;Região de Saúde do Alentejo;ULS Norte Alentejano;202;7532;25890;33470;911;1912;0;69917
2016-09;Região de Saúde do Centro;ULS Castelo Branco;134;3038;27872;17580;520;1172;0;50316
2016-09;Região de Saúde LVT;CH Setúbal;280;8585;35951;18040;337;2554;42915;65747
2016-09;Região de Saúde LVT;CHU Lisboa Norte;605;11949;52658;58315;5146;2809;36050;131482
2016-09;Região de Saúde Norte;CH Póvoa Varzim/Vila Conde;119;4634;18790;30951;321;991;0;55806
2016-08;Região de Saúde do Alentejo;ULS Litoral Alentejano;86;3943;19145;12167;101;1062;31731;36504
2016-08;Região de Saúde do Alentejo;ULS Norte Alentejano;183;6797;23082;30158;781;1708;0;62709
2016-08;Região de Saúde do Centro;Hospital Figueira Foz;98;2736;25593;21056;131;902;67;50516
2016-08;Região de Saúde LVT;Centro Hospitalar de Lisboa Ocidental, EPE;203;5791;25703;23010;1187;901;46653;56795
2016-08;Região de Saúde LVT;Hospital Vila Franca Xira;313;10835;43352;34247;2292;916;43;91955
2016-08;Região de Saúde LVT;Hospital Fernando Fonseca;587;23420;60275;87391;3462;6652;461;181787
2016-08;Região de Saúde LVT;Hospital Garcia de Orta;438;10241;28609;28988;5496;1238;33405;75010
2016-08;Região de Saúde Norte;Centro Hospitalar Tâmega e Sousa, EPE;708;13384;54872;56422;531;5590;10177;131507
2016-08;Região de Saúde Norte;Hospital de Braga;532;12051;80174;44774;1408;0;427;138939
2016-08;Região de Saúde do Centro;Centro Hospitalar do Baixo Vouga, EPE;560;16492;63118;32580;438;3780;61;116968
2016-08;Região de Saúde do Centro;CHU Coimbra;979;21417;75952;33269;985;743;62043;133345
2016-08;Região de Saúde LVT;Centro Hospitalar do Oeste, EPE;336;8925;39111;31217;383;2591;42488;82563
2016-08;Região de Saúde Norte;CHU São João;790;15714;62750;28834;2452;1562;61940;112102
2016-08;Região de Saúde Norte;CH Trás-os-Montes Alto Douro;329;11022;66849;30501;898;12359;949;121958
2016-08;Região de Saúde Norte;Hospital da Senhora da Oliveira, Guimarães, EPE;147;6815;34262;39643;907;3152;459;84926
2016-08;Região de Saúde Norte;Hospital Santa Maria Maior, EPE;84;3285;17759;22973;443;2226;0;46770
2016-08;Região de Saúde Norte;Unidade Local de Saúde do Alto Minho, EPE;322;12324;55850;41621;588;1028;0;111733
2016-08;Região de Saúde do Centro;CHU Cova da Beira;83;2081;24908;9516;71;1010;14055;37669
2016-08;Região de Saúde do Centro;ULS Guarda;197;5733;31102;29603;1290;1984;2832;69909
2016-08;Região de Saúde LVT;Centro Hospitalar Médio Tejo, EPE;556;11154;43845;42276;982;3217;0;102030
2016-08;Região de Saúde LVT;Hospital de Loures;298;11563;50501;72238;1246;318;82;136164
2016-08;Região de Saúde LVT;Hospital Distrital de Santarém, EPE;257;10662;39642;30565;219;1428;4726;82773
2016-08;Região de Saúde Norte;CHU Porto;595;10847;58545;12592;1002;1072;11331;84653
2016-08;Região de Saúde do Alentejo;Hospital Espírito Santo Évora;235;7374;19367;16129;876;2404;3815;46385
2016-08;Região de Saúde do Centro;CH Leiria;462;8617;68320;57430;1418;1426;0;137673
2016-08;Região de Saúde do Centro;CH Tondela-Viseu;401;12634;50038;36170;2099;4913;10974;106255
2016-08;Região de Saúde do Centro;ULS Castelo Branco;121;2736;24955;15862;461;1048;0;45183
2016-08;Região de Saúde LVT;CHU Lisboa Norte;546;10685;46663;51720;4541;2510;32678;116665
2016-08;Região de Saúde LVT;Hospital de Cascais, PPP;269;12202;38974;57532;639;616;0;110232
2016-08;Região de Saúde Norte;Centro Hospitalar do Médio Ave, EPE;200;9651;48815;24976;546;1662;307;85850
2016-08;Região de Saúde Norte;CH Póvoa Varzim/Vila Conde;109;4239;16803;27870;297;909;0;50227
2016-08;Região de Saúde do Alentejo;ULS Baixo Alentejo;110;5820;24364;8963;663;1358;30847;41278
2016-08;Região de Saúde do Algarve;CHU Algarve;818;33974;106025;78499;826;9926;15220;230068
2016-08;Região de Saúde LVT;CH Barreiro/Montijo;222;5535;25005;12249;270;2237;50783;45518
2016-08;Região de Saúde LVT;CHU Lisboa Central;534;7434;49920;44080;2705;758;67305;105431
2016-08;Região de Saúde LVT;CH Setúbal;264;7692;31996;16076;279;2316;38769;58623
2016-08;Região de Saúde Norte;CH Entre Douro e Vouga;702;16146;53516;21754;972;25279;1399;118369
2016-08;Região de Saúde Norte;CH Vila Nova Gaia/Espinho;300;10868;63154;37106;649;5313;599;117390
2016-08;Região de Saúde Norte;ULS Matosinhos;232;10130;28583;15433;1690;4096;95;60164
2016-08;Região de Saúde Norte;Unidade Local de Saúde do Nordeste, EPE;231;6476;45031;21439;665;3054;186;76896
2016-07;Região de Saúde do Alentejo;Hospital Espírito Santo Évora;232;7157;17965;14879;821;2212;995;43266
2016-07;Região de Saúde do Centro;CH Leiria;401;7484;59414;50060;1238;1240;0;119837
2016-07;Região de Saúde do Centro;CH Tondela-Viseu;349;11207;43306;31876;1812;4186;9449;92736
2016-07;Região de Saúde do Centro;Hospital Figueira Foz;88;2367;21824;18234;117;840;53;43470
2016-07;Região de Saúde do Centro;ULS Castelo Branco;106;2412;21883;13802;410;932;0;39545
2016-07;Região de Saúde LVT;CH Barreiro/Montijo;191;4844;21833;10572;228;2000;45330;39668
2016-07;Região de Saúde LVT;CH Setúbal;232;6688;27756;13856;247;2075;35068;50854
2016-07;Região de Saúde LVT;CHU Lisboa Norte;467;9361;40639;44965;3854;2189;29503;101475
2016-07;Região de Saúde LVT;Hospital Distrital de Santarém, EPE;224;9426;34491;27242;195;1296;4101;72874
2016-07;Região de Saúde Norte;CH Trás-os-Montes Alto Douro;282;9518;57435;26153;777;10899;736;105064
2016-07;Região de Saúde Norte;CH Vila Nova Gaia/Espinho;267;9550;55112;32851;526;4596;531;102902
2016-07;Região de Saúde Norte;ULS Matosinhos;205;8831;24809;13389;1506;3564;79;52304
2016-07;Região de Saúde Norte;Unidade Local de Saúde do Alto Minho, EPE;274;10655;47207;35724;497;863;0;95220
2016-07;Região de Saúde Norte;Unidade Local de Saúde do Nordeste, EPE;199;5637;38703;18452;556;2577;176;66124
2016-07;Região de Saúde do Alentejo;ULS Baixo Alentejo;93;5076;20992;7884;585;1300;27079;35930
2016-07;Região de Saúde LVT;CHU Lisboa Central;458;6619;44087;37923;2366;680;60921;92133
2016-07;Região de Saúde LVT;Centro Hospitalar de Lisboa Ocidental, EPE;182;5260;22352;20099;1000;824;41710;49717
2016-07;Região de Saúde LVT;Hospital Vila Franca Xira;288;9709;38163;30788;2043;695;39;81686
2016-07;Região de Saúde LVT;Hospital Fernando Fonseca;536;20851;53186;76996;3013;5836;404;160418
2016-07;Região de Saúde Norte;Centro Hospitalar do Médio Ave, EPE;167;8537;42958;22110;490;1425;305;75687
2016-07;Região de Saúde do Alentejo;ULS Norte Alentejano;164;6028;20133;26319;632;1469;0;54745
2016-07;Região de Saúde do Algarve;CHU Algarve;701;28655;88674;65793;691;8705;14886;193219
2016-07;Região de Saúde do Centro;CHU Coimbra;851;18530;66616;28510;831;684;55141;116022
2016-07;Região de Saúde Norte;CHU Porto;527;9547;50921;10808;889;910;9704;73602
2016-07;Região de Saúde Norte;Hospital Santa Maria Maior, EPE;74;2964;15524;20363;371;1947;0;41243
2016-07;Região de Saúde do Alentejo;ULS Litoral Alentejano;74;3436;16411;10541;92;929;27057;31483
2016-07;Região de Saúde do Centro;CHU Cova da Beira;77;1767;21452;8380;61;894;12712;32631
2016-07;Região de Saúde do Centro;Centro Hospitalar do Baixo Vouga, EPE;499;14486;55530;28727;362;3301;55;102905
2016-07;Região de Saúde do Centro;ULS Guarda;170;5135;26745;25834;1093;1728;2435;60705
2016-07;Região de Saúde LVT;Centro Hospitalar Médio Tejo, EPE;499;9972;38140;37037;819;2919;0;89386
2016-07;Região de Saúde LVT;Hospital de Cascais, PPP;238;10917;34562;50797;529;596;0;97639
2016-07;Região de Saúde LVT;Hospital Garcia de Orta;398;8863;24711;24890;4825;1077;29821;64764
2016-07;Região de Saúde Norte;CHU São João;688;13771;54439;24985;2060;1398;55745;97341
2016-07;Região de Saúde Norte;CH Póvoa Varzim/Vila Conde;104;3797;14624;24317;247;787;0;43876
2016-07;Região de Saúde LVT;Centro Hospitalar do Oeste, EPE;292;7841;33530;26545;325;2209;37937;70742
2016-07;Região de Saúde LVT;Hospital de Loures;272;10298;44763;64395;1081;285;71;121094
2016-07;Região de Saúde Norte;CH Entre Douro e Vouga;608;13919;46752;19025;727;22957;1259;103988
2016-07;Região de Saúde Norte;Centro Hospitalar Tâmega e Sousa, EPE;635;11790;48077;50487;428;4840;8353;116257
2016-07;Região de Saúde Norte;Hospital da Senhora da Oliveira, Guimarães, EPE;138;6092;29887;34870;743;2739;418;74469
2016-07;Região de Saúde Norte;Hospital de Braga;454;10601;70048;39027;1193;0;341;121323
2016-06;Região de Saúde do Alentejo;Hospital Espírito Santo Évora;214;6200;15296;12653;700;0;2900;35063
2016-06;Região de Saúde do Alentejo;ULS Norte Alentejano;145;5142;16956;22739;477;1234;0;46693
2016-06;Região de Saúde do Centro;CH Leiria;343;6391;50749;42777;1058;1059;0;102377
2016-06;Região de Saúde do Centro;CH Tondela-Viseu;299;9723;36723;27444;1570;3510;8072;79269
2016-06;Região de Saúde do Centro;ULS Castelo Branco;99;2077;18693;11844;338;799;0;33850
2016-06;Região de Saúde LVT;Hospital de Cascais, PPP;210;9504;29760;43541;460;587;0;84062
2016-06;Região de Saúde LVT;Hospital Vila Franca Xira;247;8504;32944;26953;1776;503;39;70927
2016-06;Região de Saúde LVT;Hospital Distrital de Santarém, EPE;189;8109;29428;23732;161;1159;3461;62778
2016-06;Região de Saúde Norte;Centro Hospitalar do Médio Ave, EPE;145;7470;36689;18939;414;1212;304;64869
2016-06;Região de Saúde Norte;Hospital de Braga;385;9173;59842;32961;1021;0;283;103382
2016-06;Região de Saúde Norte;ULS Matosinhos;176;7527;20945;11218;1365;3032;68;44263
2016-06;Região de Saúde Norte;Unidade Local de Saúde do Alto Minho, EPE;228;9178;39888;30493;401;691;0;80879
2016-06;Região de Saúde do Alentejo;ULS Litoral Alentejano;59;3194;14078;8534;87;849;22813;26801
2016-06;Região de Saúde do Centro;Centro Hospitalar do Baixo Vouga, EPE;426;12419;47494;24809;294;2860;47;88302
2016-06;Região de Saúde LVT;CH Barreiro/Montijo;170;4068;18653;9003;202;1731;39649;33827
2016-06;Região de Saúde Norte;CH Póvoa Varzim/Vila Conde;85;3311;12373;20937;206;647;0;37559
2016-06;Região de Saúde Norte;Centro Hospitalar Tâmega e Sousa, EPE;556;10317;41193;42909;375;4236;7310;99586
2016-06;Região de Saúde Norte;Hospital da Senhora da Oliveira, Guimarães, EPE;118;5345;25339;29833;630;2336;367;63601
2016-06;Região de Saúde do Algarve;CHU Algarve;571;23727;72496;53797;549;7448;14641;158588
2016-06;Região de Saúde do Centro;CHU Coimbra;739;15703;57401;23724;433;592;47944;98592
2016-06;Região de Saúde do Centro;Hospital Figueira Foz;80;2008;18376;15580;96;763;45;36903
2016-06;Região de Saúde do Centro;ULS Guarda;150;4506;22802;22312;949;1464;2026;52183
2016-06;Região de Saúde LVT;CH Setúbal;200;5744;23548;11614;203;1783;30646;43092
2016-06;Região de Saúde LVT;Hospital Garcia de Orta;317;7479;20909;20899;4118;984;26098;54706
2016-06;Região de Saúde Norte;CH Trás-os-Montes Alto Douro;245;8278;49050;22129;683;9706;589;90091
2016-06;Região de Saúde do Alentejo;ULS Baixo Alentejo;78;4478;17844;6664;462;1245;23415;30771
2016-06;Região de Saúde LVT;Centro Hospitalar do Oeste, EPE;243;6784;28355;22176;243;1847;33560;59648
2016-06;Região de Saúde LVT;CHU Lisboa Norte;391;8013;34434;38090;3259;1837;25830;86024
2016-06;Região de Saúde LVT;Hospital Fernando Fonseca;476;17371;44179;64772;2600;4987;366;134385
2016-06;Região de Saúde Norte;CHU Porto;448;8088;42786;8943;749;741;9063;61755
2016-06;Região de Saúde Norte;CH Entre Douro e Vouga;536;11590;39785;16374;517;19982;1187;88784
2016-06;Região de Saúde Norte;CH Vila Nova Gaia/Espinho;232;8116;46762;28476;351;3933;442;87870
2016-06;Região de Saúde Norte;Hospital Santa Maria Maior, EPE;66;2578;13179;17350;299;1707;0;35179
2016-06;Região de Saúde do Centro;CHU Cova da Beira;66;1526;18095;7168;48;751;11108;27654
2016-06;Região de Saúde LVT;CHU Lisboa Central;387;5703;37515;32069;2007;590;53220;78271
2016-06;Região de Saúde LVT;Centro Hospitalar de Lisboa Ocidental, EPE;157;4586;19038;17087;831;723;36370;42422
2016-06;Região de Saúde LVT;Centro Hospitalar Médio Tejo, EPE;442;8795;32023;31912;677;2661;0;76510
2016-06;Região de Saúde LVT;Hospital de Loures;237;9076;38675;55395;886;253;60;104522
2016-06;Região de Saúde Norte;CHU São João;589;11801;45922;20874;1750;1239;48512;82175
2016-06;Região de Saúde Norte;Unidade Local de Saúde do Nordeste, EPE;172;4892;33159;15861;461;2178;157;56723
2016-05;Região de Saúde do Algarve;CHU Algarve;478;19348;58861;43361;444;6200;14506;128692
2016-05;Região de Saúde LVT;CHU Lisboa Central;319;4838;31394;26282;1692;479;45522;65004
2016-05;Região de Saúde LVT;Centro Hospitalar Médio Tejo, EPE;389;7665;26760;27070;544;2290;0;64718
2016-05;Região de Saúde LVT;Hospital Fernando Fonseca;408;14979;37540;54143;2110;4149;336;113329
2016-05;Região de Saúde LVT;Hospital Garcia de Orta;258;6324;17418;17012;3374;790;22472;45176
2016-05;Região de Saúde Norte;Unidade Local de Saúde do Nordeste, EPE;150;4227;28156;13483;368;1761;138;48145
2016-05;Região de Saúde do Alentejo;ULS Norte Alentejano;128;4382;14165;19410;304;1054;0;39443
2016-05;Região de Saúde do Centro;CHU Cova da Beira;52;1300;15217;6104;43;613;9431;23329
2016-05;Região de Saúde do Centro;ULS Guarda;128;3982;19205;18916;751;1184;1742;44166
2016-05;Região de Saúde LVT;CH Barreiro/Montijo;158;3383;15496;7553;162;1410;33758;28162
2016-05;Região de Saúde LVT;Centro Hospitalar de Lisboa Ocidental, EPE;133;3912;15924;14189;686;604;30935;35448
2016-05;Região de Saúde Norte;Centro Hospitalar Tâmega e Sousa, EPE;494;8839;34771;36176;308;3594;6252;84182
2016-05;Região de Saúde Norte;CH Vila Nova Gaia/Espinho;208;6818;38895;24173;302;3285;378;73681
2016-05;Região de Saúde Norte;ULS Matosinhos;153;6339;17452;9078;1172;2495;50;36689
2016-05;Região de Saúde LVT;CH Setúbal;162;4832;19542;9668;162;1560;26164;35926
2016-05;Região de Saúde LVT;CHU Lisboa Norte;326;6778;28785;31454;2667;1512;22156;71522
2016-05;Região de Saúde LVT;Hospital de Cascais, PPP;191;8137;25138;36386;406;581;0;70839
2016-05;Região de Saúde LVT;Hospital de Loures;202;7795;32519;46692;743;202;54;88153
2016-05;Região de Saúde LVT;Hospital Vila Franca Xira;204;7277;28002;22663;1572;272;33;59990
2016-05;Região de Saúde LVT;Hospital Distrital de Santarém, EPE;164;6878;24405;20101;145;971;2897;52664
2016-05;Região de Saúde Norte;Centro Hospitalar do Médio Ave, EPE;125;6334;30604;15971;343;1020;303;54397
2016-05;Região de Saúde Norte;CHU Porto;368;6891;35623;7189;546;600;7584;51217
2016-05;Região de Saúde Norte;CH Entre Douro e Vouga;455;9502;33644;13685;385;17081;1138;74752
2016-05;Região de Saúde do Alentejo;ULS Baixo Alentejo;69;3802;14838;5565;382;1092;19917;25748
2016-05;Região de Saúde do Alentejo;ULS Litoral Alentejano;50;2694;11873;7197;73;716;18885;22603
2016-05;Região de Saúde do Centro;CHU Coimbra;610;13345;47420;19927;352;540;40852;82194
2016-05;Região de Saúde do Centro;ULS Castelo Branco;86;1796;15794;9795;272;661;0;28404
2016-05;Região de Saúde Norte;CH Póvoa Varzim/Vila Conde;75;2833;10385;17629;163;539;0;31624
2016-05;Região de Saúde Norte;CH Trás-os-Montes Alto Douro;200;7085;41351;18410;567;8432;407;76045
2016-05;Região de Saúde Norte;Hospital da Senhora da Oliveira, Guimarães, EPE;107;4667;21145;24977;492;1980;326;53368
2016-05;Região de Saúde Norte;Hospital de Braga;319;7751;50293;27391;840;0;246;86594
2016-05;Região de Saúde do Alentejo;Hospital Espírito Santo Évora;0;0;0;0;0;0;31556;0
2016-05;Região de Saúde do Centro;CH Leiria;289;5375;42672;35951;889;890;0;86066
2016-05;Região de Saúde do Centro;Centro Hospitalar do Baixo Vouga, EPE;357;10586;39932;21103;235;2461;40;74674
2016-05;Região de Saúde do Centro;CH Tondela-Viseu;269;8301;30631;23009;1326;2870;6767;66406
2016-05;Região de Saúde do Centro;Hospital Figueira Foz;73;1735;15369;13228;76;680;34;31161
2016-05;Região de Saúde LVT;Centro Hospitalar do Oeste, EPE;200;5811;23848;18252;198;1547;28825;49856
2016-05;Região de Saúde Norte;CHU São João;495;9913;38126;17051;1407;1065;41459;68057
2016-05;Região de Saúde Norte;Hospital Santa Maria Maior, EPE;56;2244;10989;14665;247;1462;0;29663
2016-05;Região de Saúde Norte;Unidade Local de Saúde do Alto Minho, EPE;202;7743;33156;25991;334;569;0;67995
2016-04;Região de Saúde do Centro;ULS Castelo Branco;68;1485;12629;7465;229;510;0;22386
2016-04;Região de Saúde LVT;Hospital Distrital de Santarém, EPE;136;5614;19173;15743;98;753;2269;41517
2016-04;Região de Saúde Norte;Hospital Santa Maria Maior, EPE;43;1889;8686;11600;170;1232;0;23620
2016-04;Região de Saúde do Alentejo;ULS Baixo Alentejo;58;3037;11432;4409;314;864;15956;20114
2016-04;Região de Saúde do Alentejo;ULS Litoral Alentejano;45;1987;9106;5629;54;537;15517;17358
2016-04;Região de Saúde do Centro;CHU Coimbra;499;10769;37201;15600;272;485;32431;64826
2016-04;Região de Saúde do Centro;CH Tondela-Viseu;213;6764;24518;18300;1081;2238;5377;53114
2016-04;Região de Saúde do Centro;Hospital Figueira Foz;65;1386;12168;10431;60;582;28;24692
2016-04;Região de Saúde LVT;CH Barreiro/Montijo;138;2655;12180;6007;130;1153;26488;22263
2016-04;Região de Saúde LVT;Centro Hospitalar Médio Tejo, EPE;330;6293;20830;21723;345;1596;0;51117
2016-04;Região de Saúde LVT;Hospital de Cascais, PPP;152;6626;20009;28500;347;507;0;56141
2016-04;Região de Saúde Norte;CHU São João;401;7976;30353;13209;1083;834;32970;53856
2016-04;Região de Saúde Norte;CH Póvoa Varzim/Vila Conde;66;2303;8246;13882;120;432;0;25049
2016-04;Região de Saúde Norte;CH Vila Nova Gaia/Espinho;171;5410;30437;19216;234;2654;265;58122
2016-04;Região de Saúde do Centro;CH Leiria;230;4275;33930;28580;707;708;0;68430
2016-04;Região de Saúde LVT;CHU Lisboa Norte;270;5383;22967;24498;2131;1136;17484;56385
2016-04;Região de Saúde LVT;Hospital de Loures;164;6381;25625;36612;585;155;43;69522
2016-04;Região de Saúde LVT;Hospital Fernando Fonseca;329;12214;29824;42242;1623;3290;282;89522
2016-04;Região de Saúde Norte;CHU Porto;306;5535;28194;5603;433;471;5659;40542
2016-04;Região de Saúde Norte;CH Entre Douro e Vouga;370;7413;26996;10921;213;13517;1059;59430
2016-04;Região de Saúde Norte;ULS Matosinhos;119;5113;13828;6983;932;1947;39;28922
2016-04;Região de Saúde do Alentejo;ULS Norte Alentejano;114;3517;11171;15534;127;823;0;31286
2016-04;Região de Saúde do Algarve;CHU Algarve;397;14838;45126;32931;317;4820;14364;98429
2016-04;Região de Saúde do Centro;CHU Cova da Beira;40;1063;12132;4851;34;492;7451;18612
2016-04;Região de Saúde LVT;CH Setúbal;124;3900;15519;7570;133;1263;20543;28509
2016-04;Região de Saúde LVT;Hospital Vila Franca Xira;165;5853;22023;17791;1305;61;21;47198
2016-04;Região de Saúde LVT;Hospital Garcia de Orta;208;5140;13992;13022;2617;640;17635;35619
2016-04;Região de Saúde Norte;Centro Hospitalar do Médio Ave, EPE;98;5120;23963;12649;292;805;300;42927
2016-04;Região de Saúde Norte;Hospital da Senhora da Oliveira, Guimarães, EPE;99;3934;16678;19732;365;1569;274;42377
2016-04;Região de Saúde Norte;Hospital de Braga;250;6275;39752;21786;662;0;190;68725
2016-04;Região de Saúde do Alentejo;Hospital Espírito Santo Évora;0;0;0;0;0;0;24808;0
2016-04;Região de Saúde do Centro;Centro Hospitalar do Baixo Vouga, EPE;300;8451;31543;16608;186;2027;35;59115
2016-04;Região de Saúde do Centro;ULS Guarda;110;3350;15226;14882;492;970;1451;35030
2016-04;Região de Saúde LVT;CHU Lisboa Central;252;3943;24978;20609;1337;394;36037;51513
2016-04;Região de Saúde LVT;Centro Hospitalar de Lisboa Ocidental, EPE;115;3166;12628;11291;531;487;24378;28218
2016-04;Região de Saúde LVT;Centro Hospitalar do Oeste, EPE;166;4719;18957;14239;161;1242;22657;39484
2016-04;Região de Saúde Norte;Centro Hospitalar Tâmega e Sousa, EPE;411;7204;27739;28649;243;2887;4999;67133
2016-04;Região de Saúde Norte;CH Trás-os-Montes Alto Douro;163;5905;33109;14618;456;7027;242;61278
2016-04;Região de Saúde Norte;Unidade Local de Saúde do Alto Minho, EPE;166;6323;25854;20677;254;375;0;53649
2016-04;Região de Saúde Norte;Unidade Local de Saúde do Nordeste, EPE;128;3487;22724;10769;284;1374;125;38766
2016-03;Região de Saúde do Alentejo;ULS Norte Alentejano;91;2746;8470;11752;100;625;0;23784
2016-03;Região de Saúde do Centro;CHU Cova da Beira;27;822;9262;3652;22;359;5595;14144
2016-03;Região de Saúde do Centro;Centro Hospitalar do Baixo Vouga, EPE;243;6495;23606;12380;133;1538;21;44395
2016-03;Região de Saúde LVT;CH Setúbal;94;2997;11597;5557;106;1022;15204;21373
2016-03;Região de Saúde LVT;CHU Lisboa Norte;202;4088;17224;18215;1589;877;13217;42195
2016-03;Região de Saúde LVT;Centro Hospitalar Médio Tejo, EPE;240;4951;15365;16661;203;1092;0;38512
2016-03;Região de Saúde LVT;Hospital de Loures;129;5001;19449;27271;471;118;34;52439
2016-03;Região de Saúde Norte;CH Trás-os-Montes Alto Douro;127;4694;25073;10920;327;5640;97;46781
2016-03;Região de Saúde do Alentejo;Hospital Espírito Santo Évora;0;0;0;0;0;0;18624;0
2016-03;Região de Saúde do Centro;ULS Guarda;85;2680;11411;10886;358;742;1064;26162
2016-03;Região de Saúde LVT;Centro Hospitalar do Oeste, EPE;129;3649;14417;10446;124;920;17374;29685
2016-03;Região de Saúde LVT;Hospital de Cascais, PPP;116;5118;15018;21212;288;417;0;42169
2016-03;Região de Saúde Norte;Centro Hospitalar do Médio Ave, EPE;70;3905;17546;9245;221;554;298;31541
2016-03;Região de Saúde Norte;CH Póvoa Varzim/Vila Conde;49;1630;6148;10353;85;342;0;18607
2016-03;Região de Saúde do Alentejo;ULS Litoral Alentejano;28;1523;6713;4069;41;405;11783;12779
2016-03;Região de Saúde do Algarve;CHU Algarve;313;11183;33454;24732;233;3601;11064;73516
2016-03;Região de Saúde do Centro;CHU Coimbra;370;8288;28179;11301;155;260;24698;48553
2016-03;Região de Saúde LVT;CH Barreiro/Montijo;119;2018;9184;4367;102;864;20018;16654
2016-03;Região de Saúde LVT;CHU Lisboa Central;179;3047;18770;15244;951;320;27014;38511
2016-03;Região de Saúde LVT;Centro Hospitalar de Lisboa Ocidental, EPE;91;2388;9407;8388;394;388;18408;21056
2016-03;Região de Saúde LVT;Hospital Vila Franca Xira;131;4664;16361;13209;943;1;15;35309
2016-03;Região de Saúde Norte;CHU Porto;230;4161;20789;4272;340;361;4054;30153
2016-03;Região de Saúde Norte;Centro Hospitalar Tâmega e Sousa, EPE;335;5379;20937;21093;179;2260;3614;50183
2016-03;Região de Saúde Norte;CH Vila Nova Gaia/Espinho;127;4094;22684;14311;186;2029;200;43431
2016-03;Região de Saúde Norte;Hospital de Braga;198;4765;29546;16202;510;0;142;51221
2016-03;Região de Saúde Norte;Unidade Local de Saúde do Nordeste, EPE;96;2537;16969;8092;204;1059;114;28957
2016-03;Região de Saúde do Centro;CH Leiria;175;3252;25805;21731;538;538;0;52039
2016-03;Região de Saúde do Centro;CH Tondela-Viseu;154;5334;18730;14527;851;1621;3426;41217
2016-03;Região de Saúde do Centro;Hospital Figueira Foz;50;1069;9190;8051;36;448;17;18844
2016-03;Região de Saúde LVT;Hospital Distrital de Santarém, EPE;116;4346;14180;11919;71;578;1741;31210
2016-03;Região de Saúde Norte;CH Entre Douro e Vouga;284;5621;20216;8213;150;10343;807;44827
2016-03;Região de Saúde Norte;Hospital da Senhora da Oliveira, Guimarães, EPE;79;3100;12079;14665;290;1163;187;31376
2016-03;Região de Saúde do Alentejo;ULS Baixo Alentejo;45;2264;8466;3403;258;637;12324;15073
2016-03;Região de Saúde do Centro;ULS Castelo Branco;57;1098;9639;5620;166;377;0;16957
2016-03;Região de Saúde LVT;Hospital Fernando Fonseca;251;9544;22508;31795;1246;2501;243;67845
2016-03;Região de Saúde LVT;Hospital Garcia de Orta;158;3916;10461;9614;1932;473;13131;26554
2016-03;Região de Saúde Norte;CHU São João;313;6101;22712;9802;800;617;24690;40345
2016-03;Região de Saúde Norte;Hospital Santa Maria Maior, EPE;33;1533;6424;8708;135;943;0;17776
2016-03;Região de Saúde Norte;ULS Matosinhos;90;3858;10345;5049;702;1470;32;21514
2016-03;Região de Saúde Norte;Unidade Local de Saúde do Alto Minho, EPE;135;4861;18858;15640;184;259;0;39937
2016-02;Região de Saúde do Algarve;CHU Algarve;214;7085;21260;16165;151;2041;9346;46916
2016-02;Região de Saúde do Centro;CHU Cova da Beira;17;499;6015;2446;13;232;3766;9222
2016-02;Região de Saúde do Centro;CHU Coimbra;259;5354;18541;7191;90;217;16891;31652
2016-02;Região de Saúde do Centro;CH Tondela-Viseu;102;3533;12410;9513;552;1073;2831;27183
2016-02;Região de Saúde do Centro;ULS Guarda;62;1917;7400;7032;105;528;644;17044
2016-02;Região de Saúde LVT;Hospital Fernando Fonseca;177;6513;15115;20858;774;1677;139;45114
2016-02;Região de Saúde do Alentejo;ULS Litoral Alentejano;20;989;4338;2642;22;249;7844;8260
2016-02;Região de Saúde do Alentejo;ULS Norte Alentejano;68;1854;5725;7908;59;412;0;16026
2016-02;Região de Saúde do Centro;CH Leiria;117;2167;17202;14496;359;359;0;34700
2016-02;Região de Saúde do Centro;ULS Castelo Branco;39;702;6361;3769;86;252;0;11209
2016-02;Região de Saúde LVT;Hospital de Loures;85;3415;12815;18151;324;67;32;34857
2016-02;Região de Saúde Norte;Centro Hospitalar do Médio Ave, EPE;43;2539;11353;5962;152;371;271;20420
2016-02;Região de Saúde Norte;CH Trás-os-Montes Alto Douro;82;3052;16244;6792;206;3639;32;30015
2016-02;Região de Saúde Norte;Unidade Local de Saúde do Nordeste, EPE;63;1483;10814;5243;65;686;17;18354
2016-02;Região de Saúde do Centro;Centro Hospitalar do Baixo Vouga, EPE;155;4360;15651;8232;80;1001;10;29479
2016-02;Região de Saúde LVT;CH Setúbal;64;2017;7523;3656;75;674;10154;14009
2016-02;Região de Saúde LVT;Centro Hospitalar do Oeste, EPE;87;2431;9679;6827;80;620;11733;19724
2016-02;Região de Saúde LVT;Centro Hospitalar Médio Tejo, EPE;155;3461;10270;11391;96;661;0;26034
2016-02;Região de Saúde LVT;Hospital Vila Franca Xira;85;3327;10992;8681;578;1;12;23664
2016-02;Região de Saúde LVT;Hospital Distrital de Santarém, EPE;83;2955;9399;7901;47;405;1146;20790
2016-02;Região de Saúde LVT;Hospital Garcia de Orta;103;2548;7007;6191;1223;321;8932;17393
2016-02;Região de Saúde Norte;Unidade Local de Saúde do Alto Minho, EPE;79;3156;12163;10477;84;193;0;26152
2016-02;Região de Saúde do Alentejo;ULS Baixo Alentejo;27;1488;5557;2362;180;400;8598;10014
2016-02;Região de Saúde do Centro;Hospital Figueira Foz;28;701;6242;5303;19;298;12;12591
2016-02;Região de Saúde LVT;CH Barreiro/Montijo;77;1316;5969;2810;66;534;13386;10772
2016-02;Região de Saúde LVT;CHU Lisboa Central;115;2054;12214;10052;569;215;17914;25219
2016-02;Região de Saúde LVT;Centro Hospitalar de Lisboa Ocidental, EPE;49;1572;6275;5600;266;280;12173;14042
2016-02;Região de Saúde LVT;CHU Lisboa Norte;127;2697;11421;11976;1061;602;8896;27884
2016-02;Região de Saúde Norte;CHU São João;200;4021;14566;6258;509;291;16125;25845
2016-02;Região de Saúde Norte;CHU Porto;138;2683;13269;2666;222;245;2586;19223
2016-02;Região de Saúde Norte;CH Vila Nova Gaia/Espinho;72;2641;14733;9054;116;1324;117;27940
2016-02;Região de Saúde Norte;Hospital da Senhora da Oliveira, Guimarães, EPE;52;2135;7658;9713;182;743;103;20483
2016-02;Região de Saúde Norte;Hospital de Braga;112;3104;18867;10207;334;0;84;32624
2016-02;Região de Saúde Norte;ULS Matosinhos;54;2543;6817;3181;518;991;21;14104
2016-02;Região de Saúde do Alentejo;Hospital Espírito Santo Évora;0;0;0;0;0;0;12629;0
2016-02;Região de Saúde LVT;Hospital de Cascais, PPP;82;3487;9987;13921;205;261;0;27943
2016-02;Região de Saúde Norte;CH Entre Douro e Vouga;179;3592;13088;5256;96;6626;501;28837
2016-02;Região de Saúde Norte;CH Póvoa Varzim/Vila Conde;33;1009;4076;6607;60;230;0;12015
2016-02;Região de Saúde Norte;Centro Hospitalar Tâmega e Sousa, EPE;198;3616;13633;13477;114;1510;2381;32548
2016-02;Região de Saúde Norte;Hospital Santa Maria Maior, EPE;20;957;4083;5596;91;620;0;11367
2016-01;Região de Saúde do Centro;Centro Hospitalar do Baixo Vouga, EPE;92;2225;8000;4161;42;482;5;15002
2016-01;Região de Saúde do Centro;CH Tondela-Viseu;55;1818;6401;5051;299;550;1477;14174
2016-01;Região de Saúde do Centro;ULS Castelo Branco;22;395;3345;2010;48;140;0;5960
2016-01;Região de Saúde LVT;CHU Lisboa Central;58;1087;6236;5093;279;107;9479;12860
2016-01;Região de Saúde LVT;Hospital de Loures;42;1820;6671;9531;178;38;13;18280
2016-01;Região de Saúde Norte;CHU Porto;58;1376;6673;1430;136;136;1344;9809
2016-01;Região de Saúde Norte;CH Trás-os-Montes Alto Douro;46;1570;8290;3508;103;1896;9;15413
2016-01;Região de Saúde Norte;Unidade Local de Saúde do Alto Minho, EPE;36;1607;6077;5394;40;110;0;13264
2016-01;Região de Saúde do Centro;CHU Coimbra;135;2725;9299;3577;50;104;8973;15890
2016-01;Região de Saúde LVT;CH Setúbal;35;1026;3942;1909;48;349;5412;7309
2016-01;Região de Saúde LVT;CHU Lisboa Norte;66;1383;5770;6223;537;316;4743;14295
2016-01;Região de Saúde LVT;Hospital de Cascais, PPP;43;1915;5401;7317;92;158;0;14926
2016-01;Região de Saúde Norte;CH Póvoa Varzim/Vila Conde;17;493;2119;3353;40;123;0;6145
2016-01;Região de Saúde Norte;CH Vila Nova Gaia/Espinho;33;1359;7396;4685;55;691;81;14219
2016-01;Região de Saúde Norte;ULS Matosinhos;23;1251;3542;1585;303;448;14;7152
2016-01;Região de Saúde do Centro;CHU Cova da Beira;8;252;3075;1215;8;124;1918;4682
2016-01;Região de Saúde do Centro;ULS Guarda;31;978;3758;3645;57;273;322;8742
2016-01;Região de Saúde LVT;CH Barreiro/Montijo;43;688;3083;1419;28;254;7030;5515
2016-01;Região de Saúde LVT;Centro Hospitalar do Oeste, EPE;45;1279;4907;3479;37;346;6380;10093
2016-01;Região de Saúde LVT;Hospital Vila Franca Xira;47;1853;5797;4551;278;0;6;12526
2016-01;Região de Saúde LVT;Hospital Garcia de Orta;55;1350;3679;3184;631;163;4908;9062
2016-01;Região de Saúde Norte;Centro Hospitalar do Médio Ave, EPE;26;1352;5675;3140;99;189;105;10481
2016-01;Região de Saúde do Alentejo;ULS Litoral Alentejano;14;503;2203;1373;14;125;4100;4232
2016-01;Região de Saúde do Alentejo;ULS Norte Alentejano;35;1001;3071;4370;32;233;0;8742
2016-01;Região de Saúde do Algarve;CHU Algarve;112;3654;10958;8431;69;1055;4752;24279
2016-01;Região de Saúde LVT;Centro Hospitalar Médio Tejo, EPE;96;1836;5291;6217;55;405;0;13900
2016-01;Região de Saúde Norte;CH Entre Douro e Vouga;85;1799;6703;2612;47;3271;65;14517
2016-01;Região de Saúde Norte;Centro Hospitalar Tâmega e Sousa, EPE;91;1973;6838;6970;57;799;1200;16728
2016-01;Região de Saúde Norte;Hospital de Braga;59;1514;9545;5173;150;0;41;16441
2016-01;Região de Saúde do Alentejo;Hospital Espírito Santo Évora;0;0;0;0;0;0;6705;0
2016-01;Região de Saúde do Alentejo;ULS Baixo Alentejo;20;828;2976;1232;90;196;4622;5342
2016-01;Região de Saúde do Centro;CH Leiria;60;1114;8861;7500;186;185;0;17906
2016-01;Região de Saúde do Centro;Hospital Figueira Foz;15;348;3318;2792;12;138;7;6623
2016-01;Região de Saúde LVT;Centro Hospitalar de Lisboa Ocidental, EPE;27;808;3310;2912;123;139;6376;7319
2016-01;Região de Saúde LVT;Hospital Distrital de Santarém, EPE;40;1543;4988;4398;23;230;617;11222
2016-01;Região de Saúde LVT;Hospital Fernando Fonseca;97;3478;7993;10981;399;890;92;23838
2016-01;Região de Saúde Norte;CHU São João;101;2007;7361;3133;279;154;8168;13035
2016-01;Região de Saúde Norte;Hospital da Senhora da Oliveira, Guimarães, EPE;21;1141;3835;5191;115;375;42;10678
2016-01;Região de Saúde Norte;Hospital Santa Maria Maior, EPE;7;502;2078;2700;54;333;0;5674
2016-01;Região de Saúde Norte;Unidade Local de Saúde do Nordeste, EPE;27;746;5697;2768;29;348;11;9615
2015-12;Região de Saúde do Centro;CH Leiria;661;12258;96990;81245;1993;2033;0;195180
2015-12;Região de Saúde do Centro;Hospital Figueira Foz;149;4129;37186;29207;252;1405;123;72328
2015-12;Região de Saúde do Centro;ULS Guarda;0;0;0;0;0;0;102122;0
2015-12;Região de Saúde LVT;CHU Lisboa Central;729;10507;68760;67342;3085;1318;98383;151741
2015-12;Região de Saúde LVT;Centro Hospitalar do Oeste, EPE;376;9902;36676;30217;264;3156;96229;80591
2015-12;Região de Saúde LVT;Hospital Vila Franca Xira;470;15186;60838;47782;3358;0;49;127634
2015-12;Região de Saúde LVT;Hospital Fernando Fonseca;1009;32761;79059;122440;4849;10595;1286;250713
2015-12;Região de Saúde LVT;Hospital Garcia de Orta;669;15820;40974;35627;7496;1631;47519;102217
2015-12;Região de Saúde Norte;CHU São João;1050;22515;87027;43700;3225;1832;90576;159349
2015-12;Região de Saúde Norte;CH Póvoa Varzim/Vila Conde;198;5981;24913;40375;540;1544;0;73551
2015-12;Região de Saúde do Centro;CHU Cova da Beira;151;2926;35760;13099;68;1517;19552;53521
2015-12;Região de Saúde do Centro;Centro Hospitalar do Baixo Vouga, EPE;893;24451;92494;41753;633;5859;94;166083
2015-12;Região de Saúde do Centro;CH Tondela-Viseu;656;18466;61750;40108;822;6321;52077;128123
2015-12;Região de Saúde LVT;CHU Lisboa Norte;789;15406;64613;69673;6592;3119;46123;160192
2015-12;Região de Saúde LVT;Centro Hospitalar Médio Tejo, EPE;864;18127;58863;60422;529;4790;0;143595
2015-12;Região de Saúde LVT;Hospital Distrital de Santarém, EPE;392;15646;54521;44498;375;2890;7412;118322
2015-12;Região de Saúde Norte;CH Trás-os-Montes Alto Douro;553;19015;95793;41710;2705;16997;780;176773
2015-12;Região de Saúde Norte;Hospital de Braga;760;19510;109213;62618;1630;0;676;193731
2015-12;Região de Saúde do Alentejo;Hospital Espírito Santo Évora;345;9993;27200;10625;524;3040;20613;51727
2015-12;Região de Saúde do Alentejo;ULS Litoral Alentejano;126;6356;26004;13283;107;1436;47888;47312
2015-12;Região de Saúde do Algarve;CHU Algarve;937;35284;121579;93957;846;10584;87227;263187
2015-12;Região de Saúde LVT;CH Barreiro/Montijo;467;7452;35239;19367;440;3560;74627;66525
2015-12;Região de Saúde LVT;Centro Hospitalar de Lisboa Ocidental, EPE;314;8873;37081;34639;1792;1505;67018;84204
2015-12;Região de Saúde LVT;CH Setúbal;365;10510;44435;22747;294;4653;55703;83004
2015-12;Região de Saúde Norte;Centro Hospitalar do Médio Ave, EPE;346;16304;70558;35174;994;2576;120;125952
2015-12;Região de Saúde Norte;Centro Hospitalar Tâmega e Sousa, EPE;1168;20239;79243;78834;501;7958;14816;187943
2015-12;Região de Saúde Norte;Unidade Local de Saúde do Nordeste, EPE;352;9651;63755;29875;344;3327;76;107304
2015-12;Região de Saúde do Centro;ULS Castelo Branco;147;4789;35291;20998;697;1441;0;63363
2015-12;Região de Saúde LVT;Hospital de Cascais, PPP;426;15805;55251;86642;1053;1662;0;160839
2015-12;Região de Saúde LVT;Hospital de Loures;437;17538;73168;104652;1905;379;212;198079
2015-12;Região de Saúde Norte;CHU Porto;886;14783;84168;17163;996;1573;16327;119569
2015-12;Região de Saúde Norte;Hospital da Senhora da Oliveira, Guimarães, EPE;256;13150;44971;58438;891;4849;529;122555
2015-12;Região de Saúde Norte;Hospital Santa Maria Maior, EPE;149;5825;24422;33053;312;2935;0;66696
2015-12;Região de Saúde Norte;Unidade Local de Saúde do Alto Minho, EPE;485;19032;74601;65043;509;826;0;160496
2015-12;Região de Saúde do Alentejo;ULS Baixo Alentejo;187;7865;32798;8697;634;2232;54143;52413
2015-12;Região de Saúde do Alentejo;ULS Norte Alentejano;309;9796;32391;47524;415;2756;71;93191
2015-12;Região de Saúde do Centro;CHU Coimbra;1329;31222;112794;44965;688;1350;91289;192348
2015-12;Região de Saúde Norte;CH Entre Douro e Vouga;749;20485;79805;32051;554;34589;2612;168233
2015-12;Região de Saúde Norte;CH Vila Nova Gaia/Espinho;493;16099;89774;52461;684;7608;694;167119
2015-12;Região de Saúde Norte;ULS Matosinhos;392;12636;44474;23543;1155;3345;151;85545
2015-11;Região de Saúde do Alentejo;ULS Norte Alentejano;276;8887;29593;43581;368;2565;71;85270
2015-11;Região de Saúde do Centro;CH Leiria;604;11194;88528;74096;1817;1855;0;178094
2015-11;Região de Saúde do Centro;CH Tondela-Viseu;602;16939;56642;36792;754;5797;47770;117526
2015-11;Região de Saúde do Centro;ULS Castelo Branco;137;4461;32497;19251;646;1321;0;58313
2015-11;Região de Saúde LVT;CH Setúbal;331;9592;40685;20759;252;4282;50519;75901
2015-11;Região de Saúde LVT;Hospital de Cascais, PPP;388;13848;50202;79198;972;1541;0;146149
2015-11;Região de Saúde Norte;Hospital da Senhora da Oliveira, Guimarães, EPE;228;12070;41358;53003;834;4465;500;111958
2015-11;Região de Saúde do Centro;CHU Coimbra;1218;28736;103392;41211;637;1208;83254;176402
2015-11;Região de Saúde LVT;CH Barreiro/Montijo;426;6777;32219;17990;413;3289;67975;61114
2015-11;Região de Saúde LVT;Hospital de Loures;396;15726;66724;95227;1766;345;191;180184
2015-11;Região de Saúde LVT;Hospital Vila Franca Xira;426;13633;55515;43252;3010;0;43;115836
2015-11;Região de Saúde Norte;Centro Hospitalar do Médio Ave, EPE;317;14865;64796;32163;893;2368;118;115402
2015-11;Região de Saúde Norte;Hospital de Braga;706;17829;99685;57138;1469;0;576;176827
2015-11;Região de Saúde Norte;Unidade Local de Saúde do Nordeste, EPE;312;8960;58555;27209;312;2991;70;98339
2015-11;Região de Saúde do Alentejo;Hospital Espírito Santo Évora;0;0;0;0;0;0;67105;0
2015-11;Região de Saúde do Alentejo;ULS Baixo Alentejo;171;7055;29850;7634;565;1979;50202;47254
2015-11;Região de Saúde do Centro;Hospital Figueira Foz;135;3787;34148;26680;237;1276;120;66263
2015-11;Região de Saúde do Centro;ULS Guarda;0;0;0;0;0;0;93476;0
2015-11;Região de Saúde LVT;Centro Hospitalar de Lisboa Ocidental, EPE;288;8042;33985;31905;1649;1388;60504;77257
2015-11;Região de Saúde LVT;CHU Lisboa Norte;722;14132;58955;63569;6072;2822;41540;146272
2015-11;Região de Saúde LVT;Hospital Garcia de Orta;603;14524;37352;32644;6848;1487;42640;93458
2015-11;Região de Saúde Norte;CH Entre Douro e Vouga;689;18768;73111;29203;515;31135;2352;153421
2015-11;Região de Saúde Norte;CH Póvoa Varzim/Vila Conde;184;5410;22721;36761;513;1387;0;66976
2015-11;Região de Saúde Norte;Hospital Santa Maria Maior, EPE;135;5462;22290;29917;258;2640;0;60702
2015-11;Região de Saúde do Centro;Centro Hospitalar do Baixo Vouga, EPE;805;22295;84517;37759;584;5259;88;151219
2015-11;Região de Saúde LVT;CHU Lisboa Central;671;9488;62634;62021;2813;1211;88839;138838
2015-11;Região de Saúde LVT;Centro Hospitalar do Oeste, EPE;373;9702;35878;29237;229;3069;83182;78488
2015-11;Região de Saúde LVT;Hospital Distrital de Santarém, EPE;358;14307;49713;40481;335;2722;6797;107916
2015-11;Região de Saúde Norte;CHU Porto;812;13450;77102;15954;917;1421;15053;109656
2015-11;Região de Saúde Norte;Centro Hospitalar Tâmega e Sousa, EPE;1056;18080;72815;72164;411;6982;13464;171508
2015-11;Região de Saúde Norte;CH Trás-os-Montes Alto Douro;508;17448;87917;38314;2485;15560;714;162232
2015-11;Região de Saúde Norte;ULS Matosinhos;357;11473;40810;21819;1021;2973;146;78453
2015-11;Região de Saúde Norte;Unidade Local de Saúde do Alto Minho, EPE;445;17394;68287;59675;424;720;0;146945
2015-11;Região de Saúde do Alentejo;ULS Litoral Alentejano;0;0;0;0;0;0;87507;0
2015-11;Região de Saúde do Algarve;CHU Algarve;847;31728;111225;85120;781;9489;82293;239190
2015-11;Região de Saúde do Centro;CHU Cova da Beira;138;2672;32898;12017;59;1392;17931;49176
2015-11;Região de Saúde LVT;Centro Hospitalar Médio Tejo, EPE;791;16580;54017;54771;493;4460;0;131112
2015-11;Região de Saúde LVT;Hospital Fernando Fonseca;926;30092;73809;114765;4565;9779;1248;233936
2015-11;Região de Saúde Norte;CHU São João;949;20428;79664;40379;3022;1681;82134;146123
2015-11;Região de Saúde Norte;CH Vila Nova Gaia/Espinho;443;14692;82316;47780;624;6986;631;152841
2015-10;Região de Saúde do Alentejo;Hospital Espírito Santo Évora;0;0;0;0;0;0;59669;0
2015-10;Região de Saúde do Alentejo;ULS Baixo Alentejo;156;6342;26618;6821;519;1774;46628;42230
2015-10;Região de Saúde do Algarve;CHU Algarve;765;28732;101829;76902;710;8416;77697;217354
2015-10;Região de Saúde do Centro;CH Leiria;550;10183;80468;67245;1648;1686;0;161780
2015-10;Região de Saúde do Centro;Hospital Figueira Foz;123;3429;31364;24343;223;1161;116;60643
2015-10;Região de Saúde do Centro;ULS Guarda;0;0;0;0;0;0;85500;0
2015-10;Região de Saúde LVT;CHU Lisboa Central;618;8602;56854;56820;2426;1100;79948;126420
2015-10;Região de Saúde LVT;Centro Hospitalar de Lisboa Ocidental, EPE;264;7317;30838;29086;1502;1261;54408;70268
2015-10;Região de Saúde LVT;CH Setúbal;296;8673;37102;19011;213;3983;45411;69278
2015-10;Região de Saúde LVT;Hospital de Loures;357;14180;60496;85963;1562;309;171;162867
2015-10;Região de Saúde Norte;CH Entre Douro e Vouga;622;17185;66384;26562;460;28067;2257;139280
2015-10;Região de Saúde Norte;CH Trás-os-Montes Alto Douro;464;15938;80326;35060;2280;14171;651;148239
2015-10;Região de Saúde Norte;Hospital da Senhora da Oliveira, Guimarães, EPE;208;10978;37616;48208;758;4061;455;101829
2015-10;Região de Saúde Norte;Hospital de Braga;647;16279;90545;51740;1334;0;525;160545
2015-10;Região de Saúde Norte;Hospital Santa Maria Maior, EPE;130;5066;20220;26841;241;2397;0;54895
2015-10;Região de Saúde Norte;ULS Matosinhos;327;10458;37105;19984;959;2654;133;71487
2015-10;Região de Saúde do Alentejo;ULS Litoral Alentejano;0;0;0;0;0;0;80375;0
2015-10;Região de Saúde do Centro;ULS Castelo Branco;130;4118;29437;17580;562;1185;0;53012
2015-10;Região de Saúde LVT;Hospital de Cascais, PPP;351;12331;45399;72030;850;1425;0;132386
2015-10;Região de Saúde LVT;Hospital Fernando Fonseca;834;26965;66506;104240;4178;8914;1193;211637
2015-10;Região de Saúde Norte;CHU São João;855;18487;72661;36977;2775;1543;73659;133298
2015-10;Região de Saúde Norte;Centro Hospitalar do Médio Ave, EPE;298;13551;59001;29131;798;2173;114;104952
2015-10;Região de Saúde Norte;CHU Porto;743;12266;70078;14605;834;1288;13733;99814
2015-10;Região de Saúde Norte;Centro Hospitalar Tâmega e Sousa, EPE;977;16579;66149;65516;374;6435;12313;156030
2015-10;Região de Saúde do Centro;CH Tondela-Viseu;549;15442;51637;33541;687;5285;43549;107141
2015-10;Região de Saúde LVT;CH Barreiro/Montijo;388;6144;29322;16553;383;2989;61278;55779
2015-10;Região de Saúde LVT;Centro Hospitalar do Oeste, EPE;359;9292;34289;27790;214;2888;72027;74832
2015-10;Região de Saúde LVT;CHU Lisboa Norte;656;12922;53586;57632;5491;2551;37342;132838
2015-10;Região de Saúde LVT;Centro Hospitalar Médio Tejo, EPE;731;15149;49375;49373;463;4129;0;119220
2015-10;Região de Saúde LVT;Hospital Distrital de Santarém, EPE;337;13036;45037;36764;304;2549;6217;98027
2015-10;Região de Saúde Norte;CH Póvoa Varzim/Vila Conde;169;5022;20771;33126;480;1259;0;60827
2015-10;Região de Saúde do Alentejo;ULS Norte Alentejano;244;8173;26983;39697;323;2375;71;77795
2015-10;Região de Saúde do Centro;CHU Coimbra;1110;26313;94368;37419;544;1154;75143;160908
2015-10;Região de Saúde LVT;Hospital Garcia de Orta;549;13201;33938;28879;6154;1354;39130;84075
2015-10;Região de Saúde Norte;Unidade Local de Saúde do Alto Minho, EPE;402;16392;62414;54330;371;700;0;134609
2015-10;Região de Saúde do Centro;CHU Cova da Beira;123;2375;29563;10770;49;1256;16847;44136
2015-10;Região de Saúde do Centro;Centro Hospitalar do Baixo Vouga, EPE;731;20315;76691;34114;535;4805;79;137191
2015-10;Região de Saúde LVT;Hospital Vila Franca Xira;394;12347;50379;38847;2687;0;40;104654
2015-10;Região de Saúde Norte;CH Vila Nova Gaia/Espinho;406;13496;74993;43731;560;6354;556;139540
2015-10;Região de Saúde Norte;Unidade Local de Saúde do Nordeste, EPE;291;8322;53602;24750;290;2755;65;90010
2015-09;Região de Saúde do Alentejo;Hospital Espírito Santo Évora;0;0;0;0;0;0;54390;0
2015-09;Região de Saúde do Alentejo;ULS Litoral Alentejano;0;0;0;0;0;0;73022;0
2015-09;Região de Saúde do Centro;CHU Coimbra;1031;23838;84757;32885;501;1103;66729;144115
2015-09;Região de Saúde do Centro;ULS Guarda;0;0;0;0;0;0;77184;0
2015-09;Região de Saúde LVT;Hospital Vila Franca Xira;354;11088;44999;34173;2394;0;36;93008
2015-09;Região de Saúde LVT;Hospital Fernando Fonseca;743;24039;59252;93198;3777;8017;1126;189026
2015-09;Região de Saúde Norte;Centro Hospitalar do Médio Ave, EPE;266;12249;53021;26140;723;1968;91;94367
2015-09;Região de Saúde Norte;CHU Porto;686;10995;62472;13139;751;1149;12508;89192
2015-09;Região de Saúde Norte;CH Entre Douro e Vouga;559;15377;59538;23943;432;25003;1707;124852
2015-09;Região de Saúde Norte;Hospital da Senhora da Oliveira, Guimarães, EPE;190;9954;33933;42580;710;3624;416;90991
2015-09;Região de Saúde Norte;Hospital de Braga;584;14681;81079;46478;1203;0;474;144025
2015-09;Região de Saúde do Alentejo;ULS Baixo Alentejo;140;5657;23563;5948;425;1573;42995;37306
2015-09;Região de Saúde do Centro;ULS Castelo Branco;123;3777;26374;15978;469;1039;0;47760
2015-09;Região de Saúde LVT;Hospital de Loures;320;12703;54232;76469;1370;277;162;145371
2015-09;Região de Saúde Norte;CH Póvoa Varzim/Vila Conde;156;4616;18680;29653;443;1154;0;54702
2015-09;Região de Saúde Norte;Hospital Santa Maria Maior, EPE;121;4648;18104;23912;220;2160;0;49165
2015-09;Região de Saúde Norte;ULS Matosinhos;289;9416;33421;17974;888;2355;121;64343
2015-09;Região de Saúde Norte;Unidade Local de Saúde do Nordeste, EPE;267;7631;48304;22267;246;2477;54;81192
2015-09;Região de Saúde do Algarve;CHU Algarve;692;25749;91497;68680;629;7322;73426;194569
2015-09;Região de Saúde LVT;CHU Lisboa Central;553;7591;50921;51206;2059;987;71167;113317
2015-09;Região de Saúde LVT;CH Setúbal;275;7825;33347;17013;191;3619;40402;62270
2015-09;Região de Saúde LVT;Centro Hospitalar Médio Tejo, EPE;660;13592;44352;43852;425;3772;0;106653
2015-09;Região de Saúde LVT;Hospital Garcia de Orta;504;11786;30253;27030;5557;1208;33765;76338
2015-09;Região de Saúde Norte;Centro Hospitalar Tâmega e Sousa, EPE;893;15099;59143;58545;337;5764;11036;139781
2015-09;Região de Saúde Norte;CH Trás-os-Montes Alto Douro;417;14382;72507;31704;2066;12712;616;133788
2015-09;Região de Saúde do Centro;CHU Cova da Beira;116;2169;27081;9838;43;1171;14588;40418
2015-09;Região de Saúde do Centro;Centro Hospitalar do Baixo Vouga, EPE;663;18183;68562;30408;472;4357;73;122645
2015-09;Região de Saúde do Centro;CH Tondela-Viseu;494;13889;46443;30167;618;4754;39169;96365
2015-09;Região de Saúde LVT;CH Barreiro/Montijo;357;5484;26361;14923;347;2665;54717;50137
2015-09;Região de Saúde LVT;Centro Hospitalar de Lisboa Ocidental, EPE;244;6546;27668;26163;1352;1123;48499;63096
2015-09;Região de Saúde LVT;CHU Lisboa Norte;596;11611;47848;51588;4918;2289;33068;118850
2015-09;Região de Saúde LVT;Hospital de Cascais, PPP;315;10856;40233;64851;762;1302;0;118319
2015-09;Região de Saúde Norte;CHU São João;777;16566;65038;33297;2502;1412;65104;119592
2015-09;Região de Saúde Norte;CH Vila Nova Gaia/Espinho;371;12250;67262;39459;506;5739;502;125587
2015-09;Região de Saúde Norte;Unidade Local de Saúde do Alto Minho, EPE;364;15167;56325;48629;343;648;0;121476
2015-09;Região de Saúde do Alentejo;ULS Norte Alentejano;220;7402;24237;35822;291;2192;71;70164
2015-09;Região de Saúde do Centro;CH Leiria;494;9131;72079;60118;1471;1510;0;144803
2015-09;Região de Saúde do Centro;Hospital Figueira Foz;114;3101;28325;22029;199;1054;110;54822
2015-09;Região de Saúde LVT;Centro Hospitalar do Oeste, EPE;342;8664;31810;25882;199;2559;62241;69456
2015-09;Região de Saúde LVT;Hospital Distrital de Santarém, EPE;307;11748;40090;32899;281;2351;5563;87676
2015-08;Região de Saúde do Alentejo;ULS Norte Alentejano;194;6724;21882;32239;253;1921;71;63213
2015-08;Região de Saúde do Algarve;CHU Algarve;619;22720;80927;59980;553;6042;69654;170841
2015-08;Região de Saúde do Centro;CHU Cova da Beira;110;1980;24290;8810;35;1041;13353;36266
2015-08;Região de Saúde do Centro;Centro Hospitalar do Baixo Vouga, EPE;593;16312;61008;27342;424;3902;66;109581
2015-08;Região de Saúde do Centro;CHU Coimbra;953;21413;75237;29393;471;956;59611;128423
2015-08;Região de Saúde do Centro;CH Tondela-Viseu;464;12570;41562;27060;536;4223;35434;86415
2015-08;Região de Saúde do Centro;ULS Guarda;0;0;0;0;0;0;69639;0
2015-08;Região de Saúde do Centro;ULS Castelo Branco;109;3451;23730;14627;376;918;0;43211
2015-08;Região de Saúde LVT;CHU Lisboa Central;489;6677;45145;45724;1646;876;63815;100557
2015-08;Região de Saúde LVT;Hospital de Loures;292;11318;48232;68408;1210;244;147;129704
2015-08;Região de Saúde LVT;Hospital Distrital de Santarém, EPE;278;10501;35597;29774;250;2151;4917;78551
2015-08;Região de Saúde LVT;Hospital Fernando Fonseca;659;21186;52466;83650;3354;7157;1044;168472
2015-08;Região de Saúde LVT;Hospital Garcia de Orta;460;10606;26807;23787;4871;1066;30377;67597
2015-08;Região de Saúde Norte;CHU São João;693;14783;57754;29678;2224;1290;58324;106422
2015-08;Região de Saúde Norte;CHU Porto;616;9921;55414;11496;654;1028;11061;79129
2015-08;Região de Saúde Norte;CH Póvoa Varzim/Vila Conde;145;4243;16710;26631;399;1038;0;49166
2015-08;Região de Saúde Norte;Centro Hospitalar Tâmega e Sousa, EPE;776;13664;53169;52571;311;5178;9705;125669
2015-08;Região de Saúde Norte;ULS Matosinhos;269;8387;29668;16005;786;2066;114;57181
2015-08;Região de Saúde Norte;CH Entre Douro e Vouga;492;13697;52985;21399;398;22576;1592;111547
2015-08;Região de Saúde Norte;Unidade Local de Saúde do Nordeste, EPE;249;7001;43706;19924;215;2218;48;73313
2015-08;Região de Saúde do Alentejo;ULS Baixo Alentejo;126;5088;20739;5118;342;1404;39712;32817
2015-08;Região de Saúde do Alentejo;ULS Litoral Alentejano;0;0;0;0;0;0;65830;0
2015-08;Região de Saúde do Centro;CH Leiria;444;8182;64546;53760;1314;1352;0;129598
2015-08;Região de Saúde LVT;Centro Hospitalar do Oeste, EPE;314;8066;29225;23967;175;2274;54017;64021
2015-08;Região de Saúde LVT;Centro Hospitalar Médio Tejo, EPE;605;12223;39856;39153;367;3446;0;95650
2015-08;Região de Saúde Norte;CH Trás-os-Montes Alto Douro;380;12857;64753;28650;1834;11522;599;119996
2015-08;Região de Saúde Norte;Hospital da Senhora da Oliveira, Guimarães, EPE;166;9053;30460;37853;625;3247;394;81404
2015-08;Região de Saúde Norte;Unidade Local de Saúde do Alto Minho, EPE;328;13862;50478;43597;302;581;0;109148
2015-08;Região de Saúde LVT;Centro Hospitalar de Lisboa Ocidental, EPE;226;5843;24479;22937;1148;988;43738;55621
2015-08;Região de Saúde LVT;CH Setúbal;253;6995;29555;15208;166;3189;36452;55366
2015-08;Região de Saúde LVT;CHU Lisboa Norte;526;10406;42370;45459;4409;2024;29582;105194
2015-08;Região de Saúde LVT;Hospital de Cascais, PPP;284;9634;36153;57901;665;1178;4;105815
2015-08;Região de Saúde Norte;Centro Hospitalar do Médio Ave, EPE;242;11095;47733;23378;640;1751;89;84839
2015-08;Região de Saúde Norte;Hospital de Braga;528;13144;72332;41440;1068;0;433;128512
2015-08;Região de Saúde do Alentejo;Hospital Espírito Santo Évora;0;0;0;0;0;0;47748;0
2015-08;Região de Saúde do Centro;Hospital Figueira Foz;104;2826;25545;19869;171;943;101;49458
2015-08;Região de Saúde LVT;CH Barreiro/Montijo;313;4901;23496;13142;308;2434;49157;44594
2015-08;Região de Saúde LVT;Hospital Vila Franca Xira;319;9877;40083;30137;2033;0;32;82449
2015-08;Região de Saúde Norte;CH Vila Nova Gaia/Espinho;332;11051;59752;35224;455;5090;453;111904
2015-08;Região de Saúde Norte;Hospital Santa Maria Maior, EPE;108;4296;16266;21397;196;1920;0;44183
2015-07;Região de Saúde do Alentejo;ULS Norte Alentejano;175;6002;19208;28349;217;1721;71;55672
2015-07;Região de Saúde do Centro;Centro Hospitalar do Baixo Vouga, EPE;523;14329;53225;24148;369;3425;61;96019
2015-07;Região de Saúde do Centro;ULS Castelo Branco;98;3134;20701;12882;287;803;0;37905
2015-07;Região de Saúde LVT;CH Barreiro/Montijo;284;4297;20393;11507;259;2143;43958;38883
2015-07;Região de Saúde LVT;Centro Hospitalar de Lisboa Ocidental, EPE;198;5132;21444;19440;892;829;40272;47935
2015-07;Região de Saúde LVT;CHU Lisboa Norte;471;9199;37105;39425;3877;1832;26614;91909
2015-07;Região de Saúde LVT;Centro Hospitalar Médio Tejo, EPE;563;10975;35095;34126;338;2876;0;83973
2015-07;Região de Saúde LVT;Hospital Vila Franca Xira;287;8864;35364;26641;1732;0;28;72888
2015-07;Região de Saúde Norte;Centro Hospitalar Tâmega e Sousa, EPE;691;12151;46681;46207;270;4503;8313;110503
2015-07;Região de Saúde Norte;CH Trás-os-Montes Alto Douro;338;11160;56032;24721;1528;10089;577;103868
2015-07;Região de Saúde LVT;Centro Hospitalar do Oeste, EPE;278;7295;25954;21423;156;1986;45460;57092
2015-07;Região de Saúde LVT;Hospital de Loures;257;10119;42631;60642;1008;213;135;114870
2015-07;Região de Saúde LVT;Hospital Distrital de Santarém, EPE;262;9307;30955;26355;231;1919;4282;69029
2015-07;Região de Saúde Norte;Centro Hospitalar do Médio Ave, EPE;215;9983;42454;20687;559;1505;50;75403
2015-07;Região de Saúde do Alentejo;ULS Litoral Alentejano;0;0;0;0;0;0;56937;0
2015-07;Região de Saúde do Centro;CH Leiria;385;7089;55971;46689;1143;1173;0;112450
2015-07;Região de Saúde do Centro;CH Tondela-Viseu;426;11169;35877;23277;470;3636;31294;74855
2015-07;Região de Saúde LVT;Hospital de Cascais, PPP;260;8715;32219;50981;534;1057;4;93766
2015-07;Região de Saúde Norte;Hospital de Braga;468;11639;63092;36224;906;0;371;112329
2015-07;Região de Saúde do Alentejo;Hospital Espírito Santo Évora;0;0;0;0;0;0;42213;0
2015-07;Região de Saúde do Algarve;CHU Algarve;528;19390;67967;49922;462;5136;61755;143405
2015-07;Região de Saúde do Centro;CHU Cova da Beira;93;1769;21048;7652;29;921;12045;31512
2015-07;Região de Saúde do Centro;Hospital Figueira Foz;91;2475;22008;17274;139;792;94;42779
2015-07;Região de Saúde Norte;CHU Porto;541;8674;48232;9956;563;854;9427;68820
2015-07;Região de Saúde Norte;CH Entre Douro e Vouga;443;12004;46078;18510;342;20421;1488;97798
2015-07;Região de Saúde Norte;CH Póvoa Varzim/Vila Conde;127;3903;14627;23250;342;914;0;43163
2015-07;Região de Saúde Norte;Hospital da Senhora da Oliveira, Guimarães, EPE;147;8256;26955;33006;533;2842;369;71739
2015-07;Região de Saúde Norte;Unidade Local de Saúde do Alto Minho, EPE;283;11967;43568;37608;261;500;0;94187
2015-07;Região de Saúde do Alentejo;ULS Baixo Alentejo;109;4474;17925;4264;270;1231;36128;28273
2015-07;Região de Saúde do Centro;CHU Coimbra;841;18954;65542;25393;396;901;52869;112027
2015-07;Região de Saúde do Centro;ULS Guarda;0;0;0;0;0;0;60630;0
2015-07;Região de Saúde LVT;CHU Lisboa Central;425;5746;39632;39902;1191;756;57476;87652
2015-07;Região de Saúde LVT;CH Setúbal;223;6141;25550;12950;145;2805;32957;47814
2015-07;Região de Saúde LVT;Hospital Fernando Fonseca;584;18860;46322;73578;2882;6291;981;148517
2015-07;Região de Saúde LVT;Hospital Garcia de Orta;408;9303;23088;20495;4278;957;27330;58529
2015-07;Região de Saúde Norte;CHU São João;599;13031;50460;25681;1938;1147;52423;92856
2015-07;Região de Saúde Norte;CH Vila Nova Gaia/Espinho;294;9889;52347;30879;361;4463;405;98233
2015-07;Região de Saúde Norte;Hospital Santa Maria Maior, EPE;93;3914;14396;18810;166;1689;0;39068
2015-07;Região de Saúde Norte;ULS Matosinhos;232;7357;25923;13966;698;1785;100;49961
2015-07;Região de Saúde Norte;Unidade Local de Saúde do Nordeste, EPE;220;6281;37838;17166;181;1915;42;63601
2015-06;Região de Saúde do Alentejo;ULS Litoral Alentejano;0;0;0;0;0;0;48233;0
2015-06;Região de Saúde do Centro;Centro Hospitalar do Baixo Vouga, EPE;466;12284;45390;20695;311;2920;51;82066
2015-06;Região de Saúde LVT;Centro Hospitalar Médio Tejo, EPE;505;9627;30189;29227;270;2384;0;72202
2015-06;Região de Saúde LVT;Hospital Fernando Fonseca;497;16047;38641;61582;2335;5225;895;124327
2015-06;Região de Saúde Norte;CH Póvoa Varzim/Vila Conde;109;3492;12400;20056;293;764;0;37114
2015-06;Região de Saúde Norte;CH Trás-os-Montes Alto Douro;290;9555;47989;21189;1308;8606;493;88937
2015-06;Região de Saúde Norte;Hospital de Braga;405;10176;53893;30821;735;0;340;96030
2015-06;Região de Saúde do Centro;CHU Cova da Beira;80;1583;17869;6546;27;770;10524;26875
2015-06;Região de Saúde do Centro;Hospital Figueira Foz;76;2122;18743;14903;117;644;87;36605
2015-06;Região de Saúde LVT;CHU Lisboa Central;367;4826;33967;33653;763;638;50213;74214
2015-06;Região de Saúde LVT;CH Setúbal;196;5314;21683;10416;91;2400;29103;40100
2015-06;Região de Saúde LVT;Hospital de Cascais, PPP;230;7578;27777;43546;451;907;4;80489
2015-06;Região de Saúde LVT;Hospital de Loures;237;8892;36683;52102;812;188;128;98914
2015-06;Região de Saúde LVT;Hospital Garcia de Orta;361;8017;19486;17020;3635;848;23817;49367
2015-06;Região de Saúde Norte;Hospital da Senhora da Oliveira, Guimarães, EPE;133;7293;23397;27791;463;2387;233;61464
2015-06;Região de Saúde Norte;ULS Matosinhos;204;6288;21909;11839;592;1511;87;42343
2015-06;Região de Saúde Norte;Unidade Local de Saúde do Nordeste, EPE;187;5383;32607;14621;149;1581;34;54528
2015-06;Região de Saúde do Algarve;CHU Algarve;438;16086;55681;41163;388;4222;53654;117978
2015-06;Região de Saúde do Centro;CHU Coimbra;751;16170;55876;21749;332;605;45872;95483
2015-06;Região de Saúde LVT;Hospital Vila Franca Xira;260;7833;30600;22813;1406;0;26;62912
2015-06;Região de Saúde Norte;CHU São João;520;11178;42711;21558;1633;990;45604;78590
2015-06;Região de Saúde Norte;CH Entre Douro e Vouga;387;10418;39217;15705;278;17877;1193;83882
2015-06;Região de Saúde Norte;Hospital Santa Maria Maior, EPE;86;3471;12355;16135;134;1421;0;33602
2015-06;Região de Saúde Norte;Unidade Local de Saúde do Alto Minho, EPE;248;10756;37215;31973;211;460;0;80863
2015-06;Região de Saúde do Centro;ULS Guarda;0;0;0;0;0;0;52102;0
2015-06;Região de Saúde do Centro;ULS Castelo Branco;81;2830;17808;11218;190;693;0;32820
2015-06;Região de Saúde LVT;CH Barreiro/Montijo;259;3702;17367;9726;208;1798;38207;33060
2015-06;Região de Saúde LVT;Centro Hospitalar de Lisboa Ocidental, EPE;167;4491;18372;16543;741;715;34843;41029
2015-06;Região de Saúde LVT;CHU Lisboa Norte;414;7998;31639;33228;3294;1545;23058;78118
2015-06;Região de Saúde LVT;Hospital Distrital de Santarém, EPE;228;7988;26446;22746;179;1683;3635;59270
2015-06;Região de Saúde Norte;Centro Hospitalar Tâmega e Sousa, EPE;600;10654;39930;39536;225;3806;6932;94751
2015-06;Região de Saúde Norte;CH Vila Nova Gaia/Espinho;257;8576;44597;26435;299;3769;345;83933
2015-06;Região de Saúde do Alentejo;Hospital Espírito Santo Évora;0;0;0;0;0;0;36376;0
2015-06;Região de Saúde do Alentejo;ULS Baixo Alentejo;96;3789;15023;3214;175;1014;32398;23311
2015-06;Região de Saúde do Alentejo;ULS Norte Alentejano;147;5246;16449;24578;192;1510;71;48122
2015-06;Região de Saúde do Centro;CH Leiria;330;6070;47915;39959;978;1004;0;96256
2015-06;Região de Saúde do Centro;CH Tondela-Viseu;354;9689;30371;19665;402;3092;27067;63573
2015-06;Região de Saúde LVT;Centro Hospitalar do Oeste, EPE;233;6183;21303;18475;131;1697;39861;48022
2015-06;Região de Saúde Norte;Centro Hospitalar do Médio Ave, EPE;195;8760;36481;17742;438;1316;50;64932
2015-06;Região de Saúde Norte;CHU Porto;474;7495;40940;8177;463;707;7978;58256
2015-05;Região de Saúde LVT;Centro Hospitalar de Lisboa Ocidental, EPE;147;3847;15267;13668;621;570;29393;34120
2015-05;Região de Saúde LVT;CH Setúbal;164;4454;18174;8730;76;2012;24394;33610
2015-05;Região de Saúde LVT;Hospital Distrital de Santarém, EPE;189;6808;21846;18968;138;1443;3049;49392
2015-05;Região de Saúde Norte;Hospital de Braga;340;8549;44991;25599;583;0;264;80062
2015-05;Região de Saúde Norte;Hospital Santa Maria Maior, EPE;71;3030;10281;13442;104;1198;0;28126
2015-05;Região de Saúde do Centro;CH Leiria;277;5101;40261;33567;822;844;0;80872
2015-05;Região de Saúde do Centro;CHU Coimbra;610;13718;46585;17949;294;545;38759;79701
2015-05;Região de Saúde do Centro;Hospital Figueira Foz;62;1829;15721;12486;92;526;85;30716
2015-05;Região de Saúde LVT;CHU Lisboa Central;307;4058;28291;27582;603;504;42559;61345
2015-05;Região de Saúde LVT;Centro Hospitalar do Oeste, EPE;219;6013;20419;17574;122;1615;27627;45962
2015-05;Região de Saúde LVT;Hospital de Cascais, PPP;196;6507;23327;36441;360;779;4;67610
2015-05;Região de Saúde Norte;Centro Hospitalar do Médio Ave, EPE;173;7393;30404;14805;372;1120;42;54267
2015-05;Região de Saúde Norte;CHU Porto;395;6328;33800;6519;374;610;6622;48026
2015-05;Região de Saúde Norte;CH Entre Douro e Vouga;337;8852;32526;12819;209;15197;947;69940
2015-05;Região de Saúde Norte;Hospital da Senhora da Oliveira, Guimarães, EPE;118;6280;19880;22870;379;1971;209;51498
2015-05;Região de Saúde do Alentejo;Hospital Espírito Santo Évora;0;0;0;0;0;0;30484;0
2015-05;Região de Saúde do Alentejo;ULS Litoral Alentejano;0;0;0;0;0;0;40629;0
2015-05;Região de Saúde do Algarve;CHU Algarve;376;13837;46930;34651;323;3609;43316;99726
2015-05;Região de Saúde do Centro;CHU Cova da Beira;71;1387;14802;5558;22;628;8993;22468
2015-05;Região de Saúde do Centro;CH Tondela-Viseu;303;8215;25292;16216;328;2545;22767;52899
2015-05;Região de Saúde do Centro;ULS Castelo Branco;74;2529;14791;9555;108;567;0;27624
2015-05;Região de Saúde LVT;CH Barreiro/Montijo;230;3147;14561;7930;171;1482;32539;27521
2015-05;Região de Saúde LVT;Centro Hospitalar Médio Tejo, EPE;450;8170;25321;24352;214;2000;0;60507
2015-05;Região de Saúde Norte;CH Vila Nova Gaia/Espinho;228;7136;36884;22052;252;3027;288;69579
2015-05;Região de Saúde Norte;ULS Matosinhos;181;5348;18132;9749;499;1199;76;35108
2015-05;Região de Saúde Norte;Unidade Local de Saúde do Alto Minho, EPE;223;9233;31377;26729;166;383;0;68111
2015-05;Região de Saúde do Alentejo;ULS Baixo Alentejo;88;3212;12743;2423;89;839;28115;19394
2015-05;Região de Saúde do Alentejo;ULS Norte Alentejano;120;4179;14680;20431;140;1165;71;40715
2015-05;Região de Saúde do Centro;Centro Hospitalar do Baixo Vouga, EPE;413;10414;37959;17339;251;2443;47;68819
2015-05;Região de Saúde LVT;CHU Lisboa Norte;335;6724;26369;27438;2707;1260;19627;64833
2015-05;Região de Saúde LVT;Hospital de Loures;207;7523;30495;43791;631;162;113;82809
2015-05;Região de Saúde LVT;Hospital Fernando Fonseca;453;13860;33179;52620;1940;4446;1070;106498
2015-05;Região de Saúde Norte;CHU São João;451;9417;35248;17623;1363;826;38416;64928
2015-05;Região de Saúde Norte;Centro Hospitalar Tâmega e Sousa, EPE;501;8891;33304;32972;187;3174;5773;79029
2015-05;Região de Saúde Norte;CH Trás-os-Montes Alto Douro;243;8033;40165;17749;1090;7224;416;74504
2015-05;Região de Saúde do Centro;ULS Guarda;0;0;0;0;0;0;44107;0
2015-05;Região de Saúde LVT;Hospital Vila Franca Xira;236;6706;25605;19022;1149;0;24;52718
2015-05;Região de Saúde LVT;Hospital Garcia de Orta;309;6673;15995;13921;3032;723;20072;40653
2015-05;Região de Saúde Norte;CH Póvoa Varzim/Vila Conde;100;3007;10432;16663;244;615;0;31061
2015-05;Região de Saúde Norte;Unidade Local de Saúde do Nordeste, EPE;165;4668;27716;12418;112;1239;27;46318
2015-04;Região de Saúde do Alentejo;ULS Litoral Alentejano;0;0;0;0;0;0;32727;0
2015-04;Região de Saúde do Centro;CHU Coimbra;497;11218;37243;14193;242;431;30811;63824
2015-04;Região de Saúde do Centro;Hospital Figueira Foz;49;1487;12690;10122;67;422;75;24837
2015-04;Região de Saúde do Centro;ULS Guarda;0;0;0;0;0;0;35635;0
2015-04;Região de Saúde do Centro;ULS Castelo Branco;68;2056;11785;7538;69;471;0;21987
2015-04;Região de Saúde LVT;CHU Lisboa Central;237;3244;22395;21534;436;379;34081;48225
2015-04;Região de Saúde LVT;CHU Lisboa Norte;263;5329;20897;21488;2088;994;15550;51059
2015-04;Região de Saúde LVT;Hospital Distrital de Santarém, EPE;162;5583;17305;15193;85;1036;2340;39364
2015-04;Região de Saúde LVT;Hospital Fernando Fonseca;379;11139;26190;41840;1484;3371;815;84403
2015-04;Região de Saúde Norte;CH Trás-os-Montes Alto Douro;202;6606;32332;14436;838;5900;356;60314
2015-04;Região de Saúde Norte;Hospital da Senhora da Oliveira, Guimarães, EPE;103;5000;16053;17920;267;1581;181;40924
2015-04;Região de Saúde Norte;Hospital Santa Maria Maior, EPE;63;2495;8292;10711;80;950;0;22591
2015-04;Região de Saúde do Alentejo;ULS Baixo Alentejo;71;2636;10252;1915;71;669;22804;15614
2015-04;Região de Saúde do Centro;CHU Cova da Beira;62;1173;11890;4474;17;516;7215;18132
2015-04;Região de Saúde do Centro;CH Leiria;222;4080;32181;26797;656;675;0;64611
2015-04;Região de Saúde do Centro;Centro Hospitalar do Baixo Vouga, EPE;347;8402;30099;13947;193;1912;43;54900
2015-04;Região de Saúde do Centro;CH Tondela-Viseu;252;6710;20253;12924;262;2055;18048;42456
2015-04;Região de Saúde Norte;Centro Hospitalar Tâmega e Sousa, EPE;434;7343;26591;25966;140;2511;4560;62985
2015-04;Região de Saúde Norte;CH Vila Nova Gaia/Espinho;194;5780;29000;17364;203;2369;234;54910
2015-04;Região de Saúde Norte;Unidade Local de Saúde do Nordeste, EPE;130;3937;22583;10073;90;973;20;37786
2015-04;Região de Saúde LVT;Centro Hospitalar do Oeste, EPE;186;5321;17828;15728;106;1275;18462;40444
2015-04;Região de Saúde LVT;Centro Hospitalar Médio Tejo, EPE;361;6627;20305;19119;165;1572;0;48149
2015-04;Região de Saúde LVT;Hospital de Loures;173;6154;23962;34747;485;138;66;65659
2015-04;Região de Saúde Norte;Centro Hospitalar do Médio Ave, EPE;149;5992;24101;11870;302;903;35;43317
2015-04;Região de Saúde Norte;CH Entre Douro e Vouga;278;7235;25740;10260;155;12193;748;55861
2015-04;Região de Saúde Norte;CH Póvoa Varzim/Vila Conde;76;2527;8262;13398;193;486;0;24942
2015-04;Região de Saúde Norte;Hospital de Braga;269;6932;35833;20357;451;0;215;63842
2015-04;Região de Saúde do Alentejo;ULS Norte Alentejano;102;3598;11023;16627;117;1006;70;32473
2015-04;Região de Saúde LVT;Centro Hospitalar de Lisboa Ocidental, EPE;128;3159;12093;10852;479;448;23391;27159
2015-04;Região de Saúde LVT;CH Setúbal;137;3657;14355;6777;58;1599;19473;26583
2015-04;Região de Saúde LVT;Hospital Vila Franca Xira;206;5488;20070;15148;899;0;21;41811
2015-04;Região de Saúde LVT;Hospital Garcia de Orta;224;5426;12630;10931;2360;583;15910;32154
2015-04;Região de Saúde Norte;CHU São João;375;7598;27896;13809;1057;681;30306;51416
2015-04;Região de Saúde Norte;ULS Matosinhos;151;4331;14355;7764;378;875;66;27854
2015-04;Região de Saúde do Alentejo;Hospital Espírito Santo Évora;0;0;0;0;0;0;23859;0
2015-04;Região de Saúde do Algarve;CHU Algarve;308;11467;38175;28215;268;2935;33144;81368
2015-04;Região de Saúde LVT;CH Barreiro/Montijo;189;2533;11385;6316;140;1183;26001;21746
2015-04;Região de Saúde LVT;Hospital de Cascais, PPP;157;5351;18653;28767;296;602;4;53826
2015-04;Região de Saúde Norte;CHU Porto;317;5133;26519;5179;300;504;5317;37952
2015-04;Região de Saúde Norte;Unidade Local de Saúde do Alto Minho, EPE;197;7810;24986;21575;126;330;0;55024
2015-03;Região de Saúde do Centro;CH Leiria;170;3126;24613;20427;499;516;0;49351
2015-03;Região de Saúde do Centro;ULS Guarda;0;0;0;0;0;0;27793;0
2015-03;Região de Saúde LVT;CHU Lisboa Norte;202;4155;15849;15920;1540;741;11821;38407
2015-03;Região de Saúde Norte;Centro Hospitalar do Médio Ave, EPE;134;4703;18063;9181;225;681;34;32987
2015-03;Região de Saúde Norte;CH Entre Douro e Vouga;244;5631;19553;7748;99;9444;659;42719
2015-03;Região de Saúde Norte;CH Póvoa Varzim/Vila Conde;71;2069;6258;10283;127;370;0;19178
2015-03;Região de Saúde Norte;Hospital da Senhora da Oliveira, Guimarães, EPE;78;3847;12327;13333;180;1162;142;30927
2015-03;Região de Saúde Norte;ULS Matosinhos;116;3360;10859;5717;272;597;56;20921
2015-03;Região de Saúde Norte;Unidade Local de Saúde do Alto Minho, EPE;155;5697;19367;16716;90;242;0;42267
2015-03;Região de Saúde do Alentejo;Hospital Espírito Santo Évora;106;2194;6098;2306;37;664;6602;11405
2015-03;Região de Saúde do Centro;CHU Coimbra;381;8726;28076;10636;186;323;23529;48328
2015-03;Região de Saúde do Centro;Hospital Figueira Foz;42;1153;9656;7769;46;333;72;18999
2015-03;Região de Saúde Norte;CHU Porto;255;3970;19656;3842;220;372;3958;28315
2015-03;Região de Saúde Norte;Centro Hospitalar Tâmega e Sousa, EPE;362;5790;20289;19822;98;1843;3374;48204
2015-03;Região de Saúde do Alentejo;ULS Norte Alentejano;77;2822;8375;12774;73;766;70;24887
2015-03;Região de Saúde do Centro;CHU Cova da Beira;50;925;9006;3471;11;379;5574;13842
2015-03;Região de Saúde do Centro;CH Tondela-Viseu;191;5248;15366;9802;186;1548;13677;32341
2015-03;Região de Saúde do Centro;ULS Castelo Branco;48;1612;8972;5832;50;348;0;16862
2015-03;Região de Saúde LVT;CHU Lisboa Central;197;2544;16872;16150;339;285;25956;36387
2015-03;Região de Saúde LVT;CH Setúbal;106;2846;10885;5005;49;1183;14975;20074
2015-03;Região de Saúde LVT;Centro Hospitalar do Oeste, EPE;158;4686;15360;14002;84;1009;9605;35299
2015-03;Região de Saúde LVT;Hospital de Cascais, PPP;119;4199;14171;21570;234;471;4;40764
2015-03;Região de Saúde LVT;Hospital Distrital de Santarém, EPE;135;4278;13067;11548;49;817;1724;29894
2015-03;Região de Saúde LVT;Hospital Fernando Fonseca;300;8384;19717;31542;1018;2510;765;63471
2015-03;Região de Saúde Norte;CHU São João;283;5875;20941;10210;724;520;23028;38553
2015-03;Região de Saúde Norte;CH Vila Nova Gaia/Espinho;150;4537;21830;12914;158;1791;194;41380
2015-03;Região de Saúde Norte;Hospital de Braga;213;5407;27074;15511;335;0;188;48540
2015-03;Região de Saúde Norte;Hospital Santa Maria Maior, EPE;53;2080;6351;8117;63;694;0;17358
2015-03;Região de Saúde do Alentejo;ULS Baixo Alentejo;58;2067;7863;1402;50;499;17913;11939
2015-03;Região de Saúde do Alentejo;ULS Litoral Alentejano;0;0;0;0;0;0;24111;0
2015-03;Região de Saúde do Centro;Centro Hospitalar do Baixo Vouga, EPE;270;6498;22773;10702;143;1396;17;41782
2015-03;Região de Saúde LVT;CH Barreiro/Montijo;151;1925;8553;4874;113;909;19980;16525
2015-03;Região de Saúde LVT;Centro Hospitalar de Lisboa Ocidental, EPE;98;2448;9124;8112;339;336;17850;20457
2015-03;Região de Saúde LVT;Centro Hospitalar Médio Tejo, EPE;287;5163;15512;14550;115;1249;0;36876
2015-03;Região de Saúde LVT;Hospital Vila Franca Xira;171;4330;15183;11480;675;0;18;31839
2015-03;Região de Saúde do Algarve;CHU Algarve;255;8979;29616;21562;200;2231;24615;62843
2015-03;Região de Saúde LVT;Hospital de Loures;143;4812;18180;26136;333;110;51;49714
2015-03;Região de Saúde LVT;Hospital Garcia de Orta;181;4032;9472;8175;1728;458;12043;24046
2015-03;Região de Saúde Norte;CH Trás-os-Montes Alto Douro;166;5646;24267;11251;571;4651;215;46552
2015-03;Região de Saúde Norte;Unidade Local de Saúde do Nordeste, EPE;111;3162;17492;7915;60;690;14;29430
2015-02;Região de Saúde do Alentejo;ULS Norte Alentejano;45;1941;5708;8711;43;501;0;16949
2015-02;Região de Saúde do Centro;ULS Guarda;0;0;0;0;0;0;19235;0
2015-02;Região de Saúde LVT;CH Setúbal;70;1971;7269;3198;35;787;10053;13330
2015-02;Região de Saúde LVT;Hospital Vila Franca Xira;125;2907;10093;7721;431;0;15;21277
2015-02;Região de Saúde Norte;CH Vila Nova Gaia/Espinho;104;3131;14297;8408;108;1163;128;27211
2015-02;Região de Saúde Norte;Hospital da Senhora da Oliveira, Guimarães, EPE;52;2691;8083;8571;108;763;98;20268
2015-02;Região de Saúde Norte;Unidade Local de Saúde do Nordeste, EPE;76;2357;12356;5580;30;461;10;20860
2015-02;Região de Saúde do Alentejo;Hospital Espírito Santo Évora;79;1603;4371;1620;23;462;3816;8158
2015-02;Região de Saúde do Centro;CH Leiria;115;2104;16535;13680;334;346;0;33114
2015-02;Região de Saúde do Centro;CHU Coimbra;259;5921;18447;6973;125;196;15874;31921
2015-02;Região de Saúde LVT;CHU Lisboa Norte;137;2754;10351;10250;987;489;7905;24968
2015-02;Região de Saúde LVT;Centro Hospitalar Médio Tejo, EPE;191;3557;10394;9882;78;820;0;24922
2015-02;Região de Saúde Norte;Centro Hospitalar do Médio Ave, EPE;98;3310;12136;5952;140;438;15;22074
2015-02;Região de Saúde Norte;CH Entre Douro e Vouga;163;3830;12773;5094;54;6347;455;28261
2015-02;Região de Saúde Norte;CH Póvoa Varzim/Vila Conde;51;1510;4122;6873;73;251;0;12880
2015-02;Região de Saúde Norte;Hospital de Braga;137;3677;17449;10181;225;0;136;31669
2015-02;Região de Saúde Norte;ULS Matosinhos;85;2297;7266;3602;158;349;31;13757
2015-02;Região de Saúde do Algarve;CHU Algarve;179;6134;19855;14461;113;1503;16724;42245
2015-02;Região de Saúde do Centro;CHU Cova da Beira;31;668;6128;2362;7;243;3982;9439
2015-02;Região de Saúde do Centro;Hospital Figueira Foz;31;808;6648;5357;28;215;70;13087
2015-02;Região de Saúde LVT;Hospital de Loures;96;3313;12071;17381;208;61;28;33130
2015-02;Região de Saúde LVT;Hospital Fernando Fonseca;187;5709;13006;20244;582;1579;661;41307
2015-02;Região de Saúde LVT;Hospital Garcia de Orta;133;2693;6205;5364;1117;338;7930;15850
2015-02;Região de Saúde Norte;CHU Porto;196;2721;12577;2422;125;248;2578;18289
2015-02;Região de Saúde Norte;Hospital Santa Maria Maior, EPE;40;1522;4187;5448;43;463;0;11703
2015-02;Região de Saúde do Alentejo;ULS Baixo Alentejo;42;1427;5232;913;35;317;12573;7966
2015-02;Região de Saúde LVT;CH Barreiro/Montijo;105;1344;5836;3066;65;563;13690;10979
2015-02;Região de Saúde LVT;Centro Hospitalar de Lisboa Ocidental, EPE;73;1687;5857;5316;225;227;11725;13385
2015-02;Região de Saúde LVT;Centro Hospitalar do Oeste, EPE;105;3259;10151;9425;47;691;6351;23678
2015-02;Região de Saúde Norte;CHU São João;189;3923;13551;6483;486;320;15275;24952
2015-02;Região de Saúde Norte;CH Trás-os-Montes Alto Douro;113;3865;16624;7714;388;3165;146;31869
2015-02;Região de Saúde Norte;Unidade Local de Saúde do Alto Minho, EPE;103;4050;13100;11521;58;168;0;29000
2015-02;Região de Saúde do Alentejo;ULS Litoral Alentejano;0;0;0;0;0;0;16212;0
2015-02;Região de Saúde do Centro;Centro Hospitalar do Baixo Vouga, EPE;188;4495;15163;7450;94;915;14;28305
2015-02;Região de Saúde do Centro;CH Tondela-Viseu;131;3630;10333;6433;111;981;9144;21619
2015-02;Região de Saúde do Centro;ULS Castelo Branco;35;1155;6258;3916;34;219;0;11617
2015-02;Região de Saúde LVT;CHU Lisboa Central;131;1725;11148;10313;218;381;17118;23916
2015-02;Região de Saúde LVT;Hospital Distrital de Santarém, EPE;96;2924;8423;7729;34;585;1112;19791
2015-02;Região de Saúde Norte;Centro Hospitalar Tâmega e Sousa, EPE;256;4107;13508;13434;65;1202;2161;32572
2015-01;Região de Saúde do Alentejo;ULS Baixo Alentejo;24;742;2766;508;13;157;6786;4210
2015-01;Região de Saúde do Centro;Hospital Figueira Foz;17;471;3587;2983;11;112;65;7181
2015-01;Região de Saúde do Centro;ULS Guarda;0;0;0;0;0;0;10383;0
2015-01;Região de Saúde LVT;CHU Lisboa Norte;79;1488;5562;5427;560;264;4399;13380
2015-01;Região de Saúde LVT;Hospital Fernando Fonseca;119;3100;7289;11028;270;869;72;22675
2015-01;Região de Saúde Norte;CHU Porto;106;1436;6675;1336;63;136;1392;9752
2015-01;Região de Saúde Norte;Hospital de Braga;77;2085;9426;5511;128;0;86;17227
2015-01;Região de Saúde do Alentejo;ULS Litoral Alentejano;0;0;0;0;0;0;8710;0
2015-01;Região de Saúde do Alentejo;ULS Norte Alentejano;31;1059;2987;4853;27;273;0;9230
2015-01;Região de Saúde do Algarve;CHU Algarve;86;3258;10552;7453;61;761;9271;22171
2015-01;Região de Saúde do Centro;CHU Cova da Beira;19;370;3287;1216;5;142;2266;5039
2015-01;Região de Saúde do Centro;Centro Hospitalar do Baixo Vouga, EPE;117;2590;8283;4287;52;493;5;15822
2015-01;Região de Saúde do Centro;CH Tondela-Viseu;69;1915;5644;3423;75;517;4765;11643
2015-01;Região de Saúde LVT;CHU Lisboa Central;56;934;5830;5415;122;96;9490;12453
2015-01;Região de Saúde LVT;Hospital Vila Franca Xira;74;1676;5424;4214;232;0;8;11620
2015-01;Região de Saúde Norte;Hospital da Senhora da Oliveira, Guimarães, EPE;26;1602;4266;4676;65;373;53;11008
2015-01;Região de Saúde Norte;Unidade Local de Saúde do Alto Minho, EPE;56;2311;6919;6538;30;87;0;15941
2015-01;Região de Saúde Norte;Unidade Local de Saúde do Nordeste, EPE;39;1306;6883;2999;11;245;7;11483
2015-01;Região de Saúde do Alentejo;Hospital Espírito Santo Évora;41;850;2268;910;13;264;2161;4346
2015-01;Região de Saúde do Centro;CHU Coimbra;154;3169;9679;3591;67;122;8736;16782
2015-01;Região de Saúde LVT;CH Barreiro/Montijo;50;735;3206;1765;40;279;7854;6075
2015-01;Região de Saúde LVT;Centro Hospitalar do Oeste, EPE;56;1744;5319;5163;21;338;3683;12641
2015-01;Região de Saúde Norte;CHU São João;95;2136;7150;3440;234;170;8589;13225
2015-01;Região de Saúde Norte;CH Póvoa Varzim/Vila Conde;32;982;2246;3884;49;140;0;7333
2015-01;Região de Saúde Norte;Centro Hospitalar Tâmega e Sousa, EPE;150;2382;7370;7754;38;628;1166;18322
2015-01;Região de Saúde Norte;CH Trás-os-Montes Alto Douro;64;2201;9145;4222;200;1749;70;17581
2015-01;Região de Saúde Norte;CH Vila Nova Gaia/Espinho;47;1853;7646;4662;54;640;81;14902
2015-01;Região de Saúde Norte;Hospital Santa Maria Maior, EPE;18;904;2299;3027;19;227;0;6494
2015-01;Região de Saúde do Centro;CH Leiria;68;1241;9766;8098;198;204;0;19575
2015-01;Região de Saúde do Centro;ULS Castelo Branco;12;593;3309;2237;17;117;0;6285
2015-01;Região de Saúde LVT;Centro Hospitalar de Lisboa Ocidental, EPE;37;928;3170;2911;138;117;6358;7301
2015-01;Região de Saúde LVT;Centro Hospitalar Médio Tejo, EPE;85;2000;5747;5374;42;546;0;13794
2015-01;Região de Saúde LVT;Hospital de Loures;52;1833;6498;9406;97;37;11;17923
2015-01;Região de Saúde LVT;Hospital Distrital de Santarém, EPE;52;1642;4420;4172;17;317;561;10620
2015-01;Região de Saúde LVT;Hospital Garcia de Orta;77;1485;3411;2901;579;157;4305;8610
2015-01;Região de Saúde Norte;Centro Hospitalar do Médio Ave, EPE;57;1853;6787;3303;63;240;2;12303
2015-01;Região de Saúde LVT;CH Setúbal;38;1124;3789;1703;14;418;5605;7086
2015-01;Região de Saúde Norte;CH Entre Douro e Vouga;93;2196;6866;2733;28;3548;266;15464
2015-01;Região de Saúde Norte;ULS Matosinhos;47;1285;3856;1885;87;198;17;7358
2014-12;Região de Saúde LVT;Centro Hospitalar do Oeste, EPE;563;16344;60170;58663;503;4493;37566;140736
2014-12;Região de Saúde LVT;Centro Hospitalar Médio Tejo, EPE;859;18855;62782;59246;643;4364;0;146749
2014-12;Região de Saúde Norte;CH Entre Douro e Vouga;726;19614;82958;36117;566;38096;2164;178077
2014-12;Região de Saúde do Centro;CHU Cova da Beira;150;2517;35066;15663;85;1490;18862;54971
2014-12;Região de Saúde do Centro;CH Leiria;683;12314;97719;82199;2027;2043;0;196985
2014-12;Região de Saúde do Centro;CH Tondela-Viseu;681;18601;60902;42800;896;6243;52401;130123
2014-12;Região de Saúde Norte;CHU São João;1229;23445;92237;51197;4676;2220;97306;175004
2014-12;Região de Saúde Norte;CH Póvoa Varzim/Vila Conde;263;6141;26616;40945;393;1493;0;75851
2014-12;Região de Saúde Norte;Hospital de Braga;741;17932;106342;65088;1379;0;540;191482
2014-12;Região de Saúde Norte;Hospital Santa Maria Maior, EPE;115;5430;23712;35121;307;3088;0;67773
2014-12;Região de Saúde do Alentejo;ULS Litoral Alentejano;0;0;0;0;0;0;95959;0
2014-12;Região de Saúde do Alentejo;ULS Norte Alentejano;320;9822;30491;50291;429;2707;92;94060
2014-12;Região de Saúde do Centro;Centro Hospitalar do Baixo Vouga, EPE;909;25517;93384;41746;527;5961;91;168044
2014-12;Região de Saúde LVT;CHU Lisboa Central;760;9632;68269;73704;1266;1147;99959;154778
2014-12;Região de Saúde LVT;Hospital de Loures;486;18769;73824;101220;1733;390;161;196422
2014-12;Região de Saúde LVT;Hospital Vila Franca Xira;442;15837;53964;48708;2556;10;56;121517
2014-12;Região de Saúde LVT;Hospital Fernando Fonseca;1081;32097;76987;138760;5723;11195;1858;265843
2014-12;Região de Saúde Norte;CH Alto Ave;305;13616;54883;73210;825;5218;448;148057
2014-12;Região de Saúde Norte;CHU Porto;944;14061;85125;18847;879;1661;15266;121517
2014-12;Região de Saúde Norte;CH Vila Nova Gaia/Espinho;480;16888;94660;55020;662;7859;1004;175569
2014-12;Região de Saúde Norte;Unidade Local de Saúde do Alto Minho, EPE;443;18604;79826;61185;508;828;0;161394
2014-12;Região de Saúde do Alentejo;Hospital Espírito Santo Évora;296;7690;25766;15946;379;2472;20693;52549
2014-12;Região de Saúde do Alentejo;ULS Baixo Alentejo;153;7086;30279;5954;225;2085;75865;45782
2014-12;Região de Saúde do Centro;ULS Guarda;0;0;0;0;0;0;91705;0
2014-12;Região de Saúde LVT;CH Barreiro/Montijo;454;7296;35503;20896;669;3900;76599;68718
2014-12;Região de Saúde LVT;CHU Lisboa Norte;851;16759;62544;69616;6723;2775;48040;159268
2014-12;Região de Saúde LVT;Hospital Distrital de Santarém, EPE;432;16268;54499;45218;292;3633;7102;120342
2014-12;Região de Saúde LVT;Hospital Garcia de Orta;594;13908;35915;33122;2847;1605;60873;87991
2014-12;Região de Saúde Norte;ULS Matosinhos;364;12513;44827;25087;1257;1866;211;85914
2014-12;Região de Saúde do Algarve;CHU Algarve;825;29375;96362;56727;651;9251;90704;193191
2014-12;Região de Saúde do Centro;CHU Coimbra;1423;31429;113383;43586;669;3489;88940;193979
2014-12;Região de Saúde do Centro;Hospital Figueira Foz;181;4596;35787;29194;240;1042;48;71040
2014-12;Região de Saúde do Centro;ULS Castelo Branco;171;5689;35270;20430;307;1183;0;63050
2014-12;Região de Saúde LVT;Centro Hospitalar de Lisboa Ocidental, EPE;364;8515;37636;36151;1910;1142;68113;85718
2014-12;Região de Saúde LVT;CH Setúbal;326;10549;43136;21170;180;5019;55174;80380
2014-12;Região de Saúde Norte;Centro Hospitalar Tâmega e Sousa, EPE;1118;21080;80179;77450;534;7957;13878;188318
2014-12;Região de Saúde Norte;CH Trás-os-Montes Alto Douro;513;17776;94565;44970;2534;19578;1046;179936
2014-12;Região de Saúde Norte;Unidade Local de Saúde do Nordeste, EPE;369;9457;72438;27597;244;3400;82;113505
2014-11;Região de Saúde do Centro;CHU Cova da Beira;135;2259;32220;14699;76;1360;17352;50749
2014-11;Região de Saúde do Centro;Hospital Figueira Foz;165;4203;32543;26406;209;918;36;64444
2014-11;Região de Saúde Norte;CH Trás-os-Montes Alto Douro;473;16247;86420;41297;2316;17921;955;164674
2014-11;Região de Saúde Norte;CH Vila Nova Gaia/Espinho;413;15216;86346;50108;602;7193;861;159878
2014-11;Região de Saúde do Centro;CHU Coimbra;1304;28762;104089;39993;605;3230;80361;177983
2014-11;Região de Saúde LVT;Centro Hospitalar de Lisboa Ocidental, EPE;326;7711;34294;33186;1791;1055;61694;78363
2014-11;Região de Saúde LVT;Centro Hospitalar do Oeste, EPE;523;14886;55033;53588;466;4086;34050;128582
2014-11;Região de Saúde LVT;Centro Hospitalar Médio Tejo, EPE;787;17086;57247;53944;609;3904;0;133577
2014-11;Região de Saúde LVT;Hospital Vila Franca Xira;396;14323;48972;44531;2276;10;48;110508
2014-11;Região de Saúde Norte;Unidade Local de Saúde do Nordeste, EPE;333;8685;66749;25507;226;3149;64;104649
2014-11;Região de Saúde do Alentejo;ULS Norte Alentejano;290;9051;28003;46090;402;2464;69;86300
2014-11;Região de Saúde do Centro;CH Leiria;627;11298;88978;75234;1859;1874;0;179870
2014-11;Região de Saúde do Centro;ULS Guarda;0;0;0;0;0;0;83011;0
2014-11;Região de Saúde LVT;CH Setúbal;298;9622;39411;19445;164;4641;49965;73581
2014-11;Região de Saúde LVT;Hospital Fernando Fonseca;996;29025;70425;127556;5374;10257;1778;243633
2014-11;Região de Saúde Norte;CH Alto Ave;273;12285;50078;67005;726;4701;390;135068
2014-11;Região de Saúde Norte;CHU Porto;849;12687;77728;17529;802;1494;14075;111089
2014-11;Região de Saúde Norte;CH Entre Douro e Vouga;655;17647;75551;33207;530;34075;1979;161665
2014-11;Região de Saúde do Alentejo;Hospital Espírito Santo Évora;276;7030;23493;14841;361;2227;18877;48228
2014-11;Região de Saúde do Alentejo;ULS Litoral Alentejano;0;0;0;0;0;0;88048;0
2014-11;Região de Saúde do Algarve;CHU Algarve;737;26504;86755;49941;588;8455;82882;172980
2014-11;Região de Saúde do Centro;Centro Hospitalar do Baixo Vouga, EPE;811;23238;85362;37890;490;5399;82;153190
2014-11;Região de Saúde do Centro;ULS Castelo Branco;155;5236;32300;18655;285;1088;0;57719
2014-11;Região de Saúde LVT;CHU Lisboa Norte;767;15343;57221;64012;6098;2556;43798;145997
2014-11;Região de Saúde LVT;Hospital Garcia de Orta;548;12709;32881;30532;2619;1462;54804;80751
2014-11;Região de Saúde Norte;CHU São João;1101;21326;84902;47571;4363;2000;88762;161263
2014-11;Região de Saúde Norte;Hospital de Braga;667;16042;97031;59653;1215;0;434;174608
2014-11;Região de Saúde Norte;Hospital Santa Maria Maior, EPE;106;4817;21663;32197;280;2813;0;61876
2014-11;Região de Saúde Norte;ULS Matosinhos;324;11405;41012;22993;1158;1726;181;78618
2014-11;Região de Saúde do Alentejo;ULS Baixo Alentejo;140;6469;27820;5538;206;1901;69333;42074
2014-11;Região de Saúde do Centro;CH Tondela-Viseu;598;16887;55374;38931;829;5665;47151;118284
2014-11;Região de Saúde LVT;CH Barreiro/Montijo;422;6556;32481;19212;634;3587;69761;62892
2014-11;Região de Saúde LVT;CHU Lisboa Central;699;8749;62319;68099;1181;1024;90605;142071
2014-11;Região de Saúde LVT;Hospital de Loures;447;16826;67528;92235;1626;353;149;179015
2014-11;Região de Saúde LVT;Hospital Distrital de Santarém, EPE;401;14753;49658;40851;258;3358;6530;109279
2014-11;Região de Saúde Norte;CH Póvoa Varzim/Vila Conde;237;5541;24450;37222;359;1355;0;69164
2014-11;Região de Saúde Norte;Centro Hospitalar Tâmega e Sousa, EPE;1042;19896;72953;69849;475;7226;12632;171441
2014-11;Região de Saúde Norte;Unidade Local de Saúde do Alto Minho, EPE;410;16964;73200;55725;464;785;0;147548
2014-10;Região de Saúde do Alentejo;ULS Baixo Alentejo;134;5921;25158;5039;185;1741;63117;38178
2014-10;Região de Saúde do Alentejo;ULS Norte Alentejano;269;8309;25494;42061;375;2280;150;78788
2014-10;Região de Saúde do Centro;CH Tondela-Viseu;544;15381;50404;35366;757;5188;42423;107640
2014-10;Região de Saúde Norte;CH Entre Douro e Vouga;591;16091;68780;30536;482;30464;1845;146944
2014-10;Região de Saúde Norte;CH Trás-os-Montes Alto Douro;430;14831;78816;37781;2100;16376;873;150334
2014-10;Região de Saúde Norte;CH Vila Nova Gaia/Espinho;379;13957;78430;45340;535;6502;777;145143
2014-10;Região de Saúde Norte;ULS Matosinhos;292;10389;37514;21016;1037;1552;182;71800
2014-10;Região de Saúde do Centro;ULS Guarda;0;0;0;0;0;0;75161;0
2014-10;Região de Saúde LVT;CHU Lisboa Central;641;7931;56467;62608;1078;936;81291;129661
2014-10;Região de Saúde LVT;Centro Hospitalar de Lisboa Ocidental, EPE;304;6978;31289;30241;1582;937;56189;71331
2014-10;Região de Saúde LVT;CH Setúbal;272;8719;35830;18030;155;4282;45013;67288
2014-10;Região de Saúde LVT;Centro Hospitalar do Oeste, EPE;373;11416;41402;38836;211;2487;53156;94725
2014-10;Região de Saúde LVT;Hospital de Loures;410;15053;61153;83020;1523;330;138;161489
2014-10;Região de Saúde Norte;Centro Hospitalar Tâmega e Sousa, EPE;981;18513;65717;63503;447;6703;11296;155864
2014-10;Região de Saúde Norte;Hospital Santa Maria Maior, EPE;92;4352;19826;29394;259;2576;0;56499
2014-10;Região de Saúde do Algarve;CHU Algarve;670;23937;78016;43887;513;7671;75577;154694
2014-10;Região de Saúde do Centro;CH Leiria;574;10320;81214;68568;1700;1752;0;164128
2014-10;Região de Saúde LVT;CH Barreiro/Montijo;380;5950;29478;17648;606;3289;63075;57351
2014-10;Região de Saúde LVT;CHU Lisboa Norte;703;13979;51903;58453;5529;2284;39415;132851
2014-10;Região de Saúde LVT;Centro Hospitalar Médio Tejo, EPE;717;15547;52221;49021;562;3623;0;121691
2014-10;Região de Saúde LVT;Hospital Distrital de Santarém, EPE;369;13464;45049;36971;246;3094;5901;99193
2014-10;Região de Saúde LVT;Hospital Fernando Fonseca;903;26108;63742;116353;4973;9391;1703;221470
2014-10;Região de Saúde Norte;CH Alto Ave;245;11225;45358;60932;652;4230;348;122642
2014-10;Região de Saúde Norte;Unidade Local de Saúde do Nordeste, EPE;304;7984;61256;23438;211;2875;76;96068
2014-10;Região de Saúde do Centro;Centro Hospitalar do Baixo Vouga, EPE;745;21266;77741;34207;437;4936;75;139332
2014-10;Região de Saúde do Centro;CHU Coimbra;1180;25977;93963;36072;531;3114;72975;160837
2014-10;Região de Saúde LVT;Hospital Vila Franca Xira;370;13031;44111;40222;2005;10;32;99749
2014-10;Região de Saúde Norte;CHU São João;1013;19473;78169;43742;4015;1864;79931;148276
2014-10;Região de Saúde Norte;Hospital de Braga;623;14561;88431;54312;1093;0;369;159020
2014-10;Região de Saúde Norte;Unidade Local de Saúde do Alto Minho, EPE;372;15683;67421;50752;435;732;0;135395
2014-10;Região de Saúde do Alentejo;Hospital Espírito Santo Évora;243;6331;21276;13716;335;1970;17079;43871
2014-10;Região de Saúde do Alentejo;ULS Litoral Alentejano;0;0;0;0;0;0;80586;0
2014-10;Região de Saúde do Centro;CHU Cova da Beira;119;2023;29238;13697;69;1271;15878;46417
2014-10;Região de Saúde do Centro;Hospital Figueira Foz;153;3840;29825;23982;194;817;32;58811
2014-10;Região de Saúde do Centro;ULS Castelo Branco;135;4873;29387;16891;274;994;0;52554
2014-10;Região de Saúde LVT;Hospital Garcia de Orta;497;11378;29925;27970;2375;1350;50265;73495
2014-10;Região de Saúde Norte;CHU Porto;799;11537;70936;16182;717;1354;12732;101525
2014-10;Região de Saúde Norte;CH Póvoa Varzim/Vila Conde;224;5044;22264;33932;324;1241;0;63029
2014-09;Região de Saúde do Alentejo;ULS Norte Alentejano;249;7509;22805;37743;337;2041;132;70684
2014-09;Região de Saúde do Algarve;CHU Algarve;596;21252;68117;36683;411;6810;67615;133869
2014-09;Região de Saúde do Centro;CH Leiria;482;9413;72602;61561;1681;1459;0;147198
2014-09;Região de Saúde do Centro;Centro Hospitalar do Baixo Vouga, EPE;660;18925;69459;30510;374;4412;65;124340
2014-09;Região de Saúde LVT;Centro Hospitalar do Oeste, EPE;432;12144;44745;44012;385;2953;27954;104671
2014-09;Região de Saúde Norte;CHU Porto;710;10292;63336;14633;651;1234;11384;90856
2014-09;Região de Saúde Norte;Unidade Local de Saúde do Nordeste, EPE;274;7217;55434;21345;200;2623;68;87093
2014-09;Região de Saúde do Centro;Hospital Figueira Foz;135;3432;26710;21635;181;711;29;52804
2014-09;Região de Saúde LVT;CHU Lisboa Central;576;7101;50484;56167;967;829;72179;116124
2014-09;Região de Saúde LVT;Centro Hospitalar de Lisboa Ocidental, EPE;281;6199;27965;27030;1374;819;49759;63668
2014-09;Região de Saúde LVT;CH Setúbal;247;7789;32217;16232;142;3898;39920;60525
2014-09;Região de Saúde LVT;Hospital Fernando Fonseca;794;23290;56616;104090;4583;8417;1624;197790
2014-09;Região de Saúde Norte;CH Alto Ave;223;10035;40414;54492;585;3787;310;109536
2014-09;Região de Saúde Norte;CH Póvoa Varzim/Vila Conde;201;4557;19885;30494;304;1124;0;56565
2014-09;Região de Saúde Norte;ULS Matosinhos;260;9345;33735;18752;934;1340;167;64366
2014-09;Região de Saúde do Alentejo;Hospital Espírito Santo Évora;214;5674;18969;12296;305;1718;15214;39176
2014-09;Região de Saúde do Centro;ULS Castelo Branco;123;4348;26188;15200;248;909;0;47016
2014-09;Região de Saúde Norte;CHU São João;920;17695;70716;39772;3656;1716;70586;134475
2014-09;Região de Saúde do Alentejo;ULS Baixo Alentejo;121;5340;22529;4506;170;1562;57285;34228
2014-09;Região de Saúde do Alentejo;ULS Litoral Alentejano;0;0;0;0;0;0;72513;0
2014-09;Região de Saúde do Centro;CHU Cova da Beira;105;1772;26154;12628;61;1131;14354;41851
2014-09;Região de Saúde do Centro;CHU Coimbra;1063;23498;84705;32600;481;2557;65016;144904
2014-09;Região de Saúde LVT;Centro Hospitalar Médio Tejo, EPE;662;14044;46864;44132;499;3136;0;109337
2014-09;Região de Saúde LVT;Hospital Vila Franca Xira;333;11630;38917;35645;1714;8;29;88247
2014-09;Região de Saúde LVT;Hospital Distrital de Santarém, EPE;333;12128;40152;33042;221;2810;5299;88686
2014-09;Região de Saúde LVT;Hospital Garcia de Orta;450;10206;26833;24838;2050;1179;44093;65556
2014-09;Região de Saúde Norte;CH Trás-os-Montes Alto Douro;387;13465;70573;34076;1921;14729;790;135151
2014-09;Região de Saúde Norte;Hospital de Braga;565;13141;79027;48358;930;0;328;142021
2014-09;Região de Saúde do Centro;CH Tondela-Viseu;487;13806;45198;32013;666;4650;37760;96820
2014-09;Região de Saúde do Centro;ULS Guarda;0;0;0;0;0;0;66631;0
2014-09;Região de Saúde LVT;CH Barreiro/Montijo;349;5377;26357;15939;570;2996;56048;51588
2014-09;Região de Saúde LVT;CHU Lisboa Norte;636;12574;46403;52683;4893;2067;34472;119256
2014-09;Região de Saúde LVT;Hospital de Loures;360;13450;54522;73693;1361;289;119;143675
2014-09;Região de Saúde Norte;CH Entre Douro e Vouga;548;14293;61366;27779;418;27038;1598;131442
2014-09;Região de Saúde Norte;Centro Hospitalar Tâmega e Sousa, EPE;873;16404;59115;56342;404;5942;10285;139080
2014-09;Região de Saúde Norte;CH Vila Nova Gaia/Espinho;337;12464;69911;40464;484;5738;709;129398
2014-09;Região de Saúde Norte;Hospital Santa Maria Maior, EPE;81;3963;17817;26413;241;2335;0;50850
2014-09;Região de Saúde Norte;Unidade Local de Saúde do Alto Minho, EPE;331;14226;60602;45699;394;698;0;121950
2014-08;Região de Saúde do Alentejo;ULS Litoral Alentejano;0;0;0;0;0;0;64838;0
2014-08;Região de Saúde do Algarve;CHU Algarve;523;18512;57826;28622;336;5871;60790;111690
2014-08;Região de Saúde do Centro;ULS Castelo Branco;112;3963;23487;13674;228;814;0;42278
2014-08;Região de Saúde LVT;CHU Lisboa Central;510;6334;44844;49871;849;717;65079;103125
2014-08;Região de Saúde LVT;Centro Hospitalar de Lisboa Ocidental, EPE;257;5507;24917;24019;1197;728;44543;56625
2014-08;Região de Saúde LVT;CHU Lisboa Norte;571;11361;41178;47355;4248;1860;30454;106573
2014-08;Região de Saúde Norte;CH Alto Ave;207;9027;36056;48588;532;3431;283;97841
2014-08;Região de Saúde Norte;CH Póvoa Varzim/Vila Conde;185;4191;17794;27298;279;989;0;50736
2014-08;Região de Saúde do Centro;Centro Hospitalar do Baixo Vouga, EPE;595;16893;61536;27263;317;3938;57;110542
2014-08;Região de Saúde do Centro;CHU Coimbra;982;20915;74976;29116;417;2367;58287;128773
2014-08;Região de Saúde LVT;CH Barreiro/Montijo;317;4804;23289;14312;527;2739;50670;45988
2014-08;Região de Saúde LVT;CH Setúbal;214;7008;28779;14253;112;3554;36075;53920
2014-08;Região de Saúde LVT;Centro Hospitalar do Oeste, EPE;308;9148;32816;31033;175;2153;42844;75633
2014-08;Região de Saúde LVT;Centro Hospitalar Médio Tejo, EPE;586;12582;41496;39051;427;2664;0;96806
2014-08;Região de Saúde LVT;Hospital Fernando Fonseca;725;20861;49982;92542;4004;7463;2095;175577
2014-08;Região de Saúde Norte;CHU Porto;631;9167;55925;13065;576;1128;9943;80492
2014-08;Região de Saúde Norte;CH Trás-os-Montes Alto Douro;345;12164;63174;30605;1634;13168;700;121090
2014-08;Região de Saúde Norte;ULS Matosinhos;229;8351;29782;16548;842;1170;162;56922
2014-08;Região de Saúde Norte;Unidade Local de Saúde do Alto Minho, EPE;294;12774;54052;40610;343;692;0;108765
2014-08;Região de Saúde do Alentejo;ULS Baixo Alentejo;106;4761;20053;4015;141;1384;51727;30460
2014-08;Região de Saúde do Alentejo;ULS Norte Alentejano;228;6843;20315;33968;300;1831;116;63485
2014-08;Região de Saúde do Centro;CH Leiria;396;8447;64468;55166;1659;1188;0;131324
2014-08;Região de Saúde do Centro;CH Tondela-Viseu;445;12340;40066;28710;571;4164;33908;86296
2014-08;Região de Saúde LVT;Hospital Vila Franca Xira;294;10420;34295;31854;1423;7;27;78293
2014-08;Região de Saúde Norte;CHU São João;840;15997;63428;35739;3155;1790;63385;120949
2014-08;Região de Saúde Norte;CH Entre Douro e Vouga;484;12713;54729;24779;364;24540;1300;117609
2014-08;Região de Saúde Norte;Centro Hospitalar Tâmega e Sousa, EPE;799;15017;52612;50269;368;5328;9045;124393
2014-08;Região de Saúde do Centro;Hospital Figueira Foz;119;3075;23793;19432;157;611;24;47187
2014-08;Região de Saúde LVT;Hospital de Loures;314;12061;48660;65891;1214;243;109;128383
2014-08;Região de Saúde Norte;CH Vila Nova Gaia/Espinho;302;11132;62269;36000;421;5014;620;115138
2014-08;Região de Saúde Norte;Hospital de Braga;522;11758;70346;42899;823;0;301;126348
2014-08;Região de Saúde Norte;Unidade Local de Saúde do Nordeste, EPE;241;6597;50299;19420;187;2345;64;79089
2014-08;Região de Saúde do Alentejo;Hospital Espírito Santo Évora;191;5037;16858;10941;285;1478;13928;34790
2014-08;Região de Saúde do Centro;CHU Cova da Beira;99;1582;23196;11672;56;985;13178;37590
2014-08;Região de Saúde do Centro;ULS Guarda;0;0;0;0;0;0;58922;0
2014-08;Região de Saúde LVT;Hospital Distrital de Santarém, EPE;304;10919;35792;29863;201;2502;4664;79581
2014-08;Região de Saúde LVT;Hospital Garcia de Orta;407;9156;23882;21815;1739;1038;39776;58037
2014-08;Região de Saúde Norte;Hospital Santa Maria Maior, EPE;76;3639;15886;23927;222;2053;0;45803
2014-07;Região de Saúde do Centro;Hospital Figueira Foz;100;2632;20292;16940;136;502;21;40602
2014-07;Região de Saúde do Centro;ULS Castelo Branco;98;3456;20395;12125;205;730;0;37009
2014-07;Região de Saúde LVT;Centro Hospitalar Médio Tejo, EPE;533;11299;36580;34754;375;2324;0;85865
2014-07;Região de Saúde do Alentejo;ULS Baixo Alentejo;94;4199;17442;3469;116;1223;45817;26543
2014-07;Região de Saúde do Alentejo;ULS Litoral Alentejano;0;0;0;0;0;0;55566;0
2014-07;Região de Saúde do Centro;CHU Cova da Beira;89;1384;19821;10408;50;847;11733;32599
2014-07;Região de Saúde do Centro;ULS Guarda;0;0;0;0;0;0;49917;0
2014-07;Região de Saúde LVT;CHU Lisboa Central;453;5555;39241;43554;732;629;58554;90164
2014-07;Região de Saúde LVT;CH Setúbal;188;6173;25124;12277;98;3116;32473;46976
2014-07;Região de Saúde LVT;CHU Lisboa Norte;496;10028;36012;41550;3386;1603;27890;93075
2014-07;Região de Saúde LVT;Hospital Vila Franca Xira;269;9329;29956;28407;1141;6;25;69108
2014-07;Região de Saúde LVT;Hospital Fernando Fonseca;667;18690;44209;82094;3393;6502;1484;155555
2014-07;Região de Saúde LVT;Hospital Garcia de Orta;404;9472;23966;19850;4412;933;26906;59037
2014-07;Região de Saúde Norte;Unidade Local de Saúde do Alto Minho, EPE;263;11284;46417;34412;284;570;0;93230
2014-07;Região de Saúde Norte;Unidade Local de Saúde do Nordeste, EPE;212;5730;43602;17012;163;1998;56;68717
2014-07;Região de Saúde do Alentejo;ULS Norte Alentejano;209;6090;17928;29758;249;1633;106;55867
2014-07;Região de Saúde LVT;CH Barreiro/Montijo;289;4199;20215;12617;464;2383;45392;40167
2014-07;Região de Saúde LVT;Centro Hospitalar de Lisboa Ocidental, EPE;225;4885;21964;21125;1003;620;40109;49822
2014-07;Região de Saúde LVT;Centro Hospitalar do Oeste, EPE;267;7972;28147;27125;152;1793;37185;65456
2014-07;Região de Saúde Norte;CHU São João;738;14266;56475;30995;2733;1588;57169;106795
2014-07;Região de Saúde Norte;CHU Porto;548;8026;48413;11323;519;1024;8493;69853
2014-07;Região de Saúde Norte;CH Entre Douro e Vouga;427;11142;47883;21132;305;22179;1132;103068
2014-07;Região de Saúde Norte;CH Póvoa Varzim/Vila Conde;157;3803;15561;23899;238;864;0;44522
2014-07;Região de Saúde do Algarve;CHU Algarve;444;15013;44616;18336;252;4807;52840;83468
2014-07;Região de Saúde LVT;Hospital Distrital de Santarém, EPE;278;9658;31467;26584;166;2245;3985;70398
2014-07;Região de Saúde Norte;CH Alto Ave;191;8290;30988;42520;587;2945;247;85521
2014-07;Região de Saúde Norte;CH Trás-os-Montes Alto Douro;298;10492;54489;26382;1408;11377;605;104446
2014-07;Região de Saúde Norte;CH Vila Nova Gaia/Espinho;278;9837;54775;31605;318;4375;554;101188
2014-07;Região de Saúde do Alentejo;Hospital Espírito Santo Évora;164;4410;14761;9482;245;1290;12693;30352
2014-07;Região de Saúde do Centro;CH Leiria;344;7345;56025;47971;1443;1067;0;114195
2014-07;Região de Saúde do Centro;Centro Hospitalar do Baixo Vouga, EPE;534;14766;53506;23891;270;3389;54;96356
2014-07;Região de Saúde do Centro;CHU Coimbra;860;18329;65188;25291;352;2097;51630;112117
2014-07;Região de Saúde do Centro;CH Tondela-Viseu;385;10805;34306;24652;487;3560;29890;74195
2014-07;Região de Saúde LVT;Hospital de Loures;270;10768;43040;58535;1069;220;99;113902
2014-07;Região de Saúde Norte;Centro Hospitalar Tâmega e Sousa, EPE;649;13028;45732;44090;319;4760;7897;108578
2014-07;Região de Saúde Norte;Hospital de Braga;456;10287;61353;37308;714;0;267;110118
2014-07;Região de Saúde Norte;Hospital Santa Maria Maior, EPE;71;3298;13943;21145;192;1832;0;40481
2014-07;Região de Saúde Norte;ULS Matosinhos;201;7332;25965;14408;739;999;152;49644
2014-06;Região de Saúde do Alentejo;ULS Baixo Alentejo;82;3652;14891;2868;106;1067;39558;22666
2014-06;Região de Saúde do Centro;CH Leiria;286;6293;47914;41029;1234;913;0;97669
2014-06;Região de Saúde do Centro;Hospital Figueira Foz;79;2240;17247;14601;115;432;20;34714
2014-06;Região de Saúde do Centro;ULS Castelo Branco;83;2982;17536;10479;162;625;0;31867
2014-06;Região de Saúde LVT;CHU Lisboa Central;404;4828;33771;36955;620;549;51058;77127
2014-06;Região de Saúde LVT;CHU Lisboa Norte;440;8677;30981;35912;2605;1354;23697;79969
2014-06;Região de Saúde LVT;Hospital Vila Franca Xira;241;8185;25775;24675;790;6;24;59672
2014-06;Região de Saúde Norte;Unidade Local de Saúde do Alto Minho, EPE;233;9845;39728;29384;231;527;0;79948
2014-06;Região de Saúde do Alentejo;Hospital Espírito Santo Évora;138;3787;12593;8038;219;1078;11159;25853
2014-06;Região de Saúde do Algarve;CHU Algarve;390;12631;37159;15235;222;4021;45078;69658
2014-06;Região de Saúde do Centro;ULS Guarda;0;0;0;0;0;0;42654;0
2014-06;Região de Saúde LVT;Centro Hospitalar de Lisboa Ocidental, EPE;199;4266;18886;18134;826;517;34865;42828
2014-06;Região de Saúde LVT;CH Setúbal;169;5332;21406;10357;77;2743;28322;40084
2014-06;Região de Saúde LVT;Hospital de Loures;228;9306;37082;50711;879;177;86;98383
2014-06;Região de Saúde Norte;CH Vila Nova Gaia/Espinho;249;8556;46752;27336;258;3657;418;86808
2014-06;Região de Saúde Norte;Hospital de Braga;393;8893;52480;31811;575;0;235;94152
2014-06;Região de Saúde do Alentejo;ULS Litoral Alentejano;0;0;0;0;0;0;47223;0
2014-06;Região de Saúde do Centro;CHU Coimbra;733;15919;55651;21358;282;1768;44522;95711
2014-06;Região de Saúde LVT;Centro Hospitalar do Oeste, EPE;306;8128;28546;29029;258;2334;18985;68601
2014-06;Região de Saúde LVT;Centro Hospitalar Médio Tejo, EPE;461;9859;31503;29988;313;1964;0;74088
2014-06;Região de Saúde Norte;CHU São João;637;12270;48184;25990;2305;1185;51153;90571
2014-06;Região de Saúde Norte;Hospital Santa Maria Maior, EPE;63;2922;12140;18130;160;1570;0;34985
2014-06;Região de Saúde Norte;Unidade Local de Saúde do Nordeste, EPE;186;4968;37400;14467;142;1691;47;58854
2014-06;Região de Saúde do Centro;CH Tondela-Viseu;326;9353;29234;20794;414;3028;25670;63149
2014-06;Região de Saúde LVT;CH Barreiro/Montijo;256;3568;17128;10879;387;2047;39587;34265
2014-06;Região de Saúde LVT;Hospital Distrital de Santarém, EPE;249;8287;26968;23113;131;1892;3336;60640
2014-06;Região de Saúde LVT;Hospital Fernando Fonseca;585;16325;37913;70672;2853;5556;1433;133904
2014-06;Região de Saúde Norte;CH Alto Ave;162;6932;26783;36070;386;2532;206;72865
2014-06;Região de Saúde Norte;CH Entre Douro e Vouga;379;9623;40742;17849;255;19309;1039;88157
2014-06;Região de Saúde Norte;CH Póvoa Varzim/Vila Conde;141;3360;13315;20514;207;754;0;38291
2014-06;Região de Saúde Norte;ULS Matosinhos;181;6317;21974;12163;622;876;138;42133
2014-06;Região de Saúde do Alentejo;ULS Norte Alentejano;180;5344;15302;25644;206;1405;89;48081
2014-06;Região de Saúde do Centro;CHU Cova da Beira;82;1186;16758;8975;42;716;10109;27759
2014-06;Região de Saúde do Centro;Centro Hospitalar do Baixo Vouga, EPE;459;12577;45538;20481;222;2870;48;82147
2014-06;Região de Saúde LVT;Hospital Garcia de Orta;325;6904;17731;15679;1182;767;30724;42588
2014-06;Região de Saúde Norte;CHU Porto;482;6932;41014;9363;431;892;7127;59114
2014-06;Região de Saúde Norte;Centro Hospitalar Tâmega e Sousa, EPE;570;11461;39195;37468;282;4084;6543;93060
2014-06;Região de Saúde Norte;CH Trás-os-Montes Alto Douro;254;9002;46484;22525;1192;9673;514;89130
2014-05;Região de Saúde do Centro;CH Leiria;267;5257;39695;34975;791;707;0;81692
2014-05;Região de Saúde LVT;Hospital Vila Franca Xira;205;6972;21123;20854;491;6;22;49651
2014-05;Região de Saúde LVT;Hospital Fernando Fonseca;505;14056;31699;59318;2302;4666;446;112546
2014-05;Região de Saúde Norte;CH Alto Ave;148;6022;22551;29740;331;2089;185;60881
2014-05;Região de Saúde Norte;CH Trás-os-Montes Alto Douro;219;7666;38824;19140;923;8087;427;74859
2014-05;Região de Saúde Norte;Hospital de Braga;333;7471;43506;26618;487;0;208;78415
2014-05;Região de Saúde do Centro;ULS Guarda;0;0;0;0;0;0;35633;0
2014-05;Região de Saúde Norte;CHU São João;543;10506;40343;21659;1953;996;41806;76000
2014-05;Região de Saúde Norte;ULS Matosinhos;154;5285;18250;10060;534;728;129;35011
2014-05;Região de Saúde do Alentejo;ULS Litoral Alentejano;0;0;0;0;0;0;39513;0
2014-05;Região de Saúde do Centro;CHU Coimbra;620;13533;46725;17621;223;1496;37572;80218
2014-05;Região de Saúde do Centro;CH Tondela-Viseu;270;7901;24456;17032;328;2528;21342;52515
2014-05;Região de Saúde do Centro;Hospital Figueira Foz;62;1866;14368;12243;97;360;14;28996
2014-05;Região de Saúde LVT;CH Barreiro/Montijo;217;2953;14182;9000;317;1733;33435;28402
2014-05;Região de Saúde LVT;Centro Hospitalar do Oeste, EPE;203;5764;19631;19487;107;1564;26582;46756
2014-05;Região de Saúde LVT;Hospital Garcia de Orta;263;5716;14754;12901;940;656;25864;35230
2014-05;Região de Saúde Norte;Centro Hospitalar Tâmega e Sousa, EPE;487;9908;32477;30958;227;3383;5497;77440
2014-05;Região de Saúde Norte;Unidade Local de Saúde do Alto Minho, EPE;213;8416;33226;24527;200;547;0;67129
2014-05;Região de Saúde do Alentejo;Hospital Espírito Santo Évora;109;3155;10489;6615;178;884;9432;21430
2014-05;Região de Saúde do Alentejo;ULS Baixo Alentejo;70;3092;12354;2377;85;898;33241;18876
2014-05;Região de Saúde do Alentejo;ULS Norte Alentejano;149;4489;12710;21556;169;1171;82;40244
2014-05;Região de Saúde do Centro;Centro Hospitalar do Baixo Vouga, EPE;386;10536;37908;16944;176;2389;41;68339
2014-05;Região de Saúde LVT;Centro Hospitalar de Lisboa Ocidental, EPE;168;3633;15806;15280;658;430;29554;35975
2014-05;Região de Saúde LVT;CH Setúbal;143;4540;17832;8439;55;2386;23849;33395
2014-05;Região de Saúde Norte;CHU Porto;400;5773;34042;7430;363;782;5927;48790
2014-05;Região de Saúde Norte;CH Entre Douro e Vouga;330;8011;33937;14593;196;15950;937;73017
2014-05;Região de Saúde Norte;CH Vila Nova Gaia/Espinho;216;7313;38715;22562;208;3077;390;72091
2014-05;Região de Saúde do Algarve;CHU Algarve;342;10504;30995;12436;184;3336;37344;57797
2014-05;Região de Saúde do Centro;CHU Cova da Beira;71;996;13976;7576;38;592;8547;23249
2014-05;Região de Saúde do Centro;ULS Castelo Branco;71;2526;14626;8886;132;542;0;26783
2014-05;Região de Saúde LVT;CHU Lisboa Central;332;4101;27818;30319;496;458;43050;63524
2014-05;Região de Saúde LVT;CHU Lisboa Norte;390;7490;26459;30797;1989;1173;18969;68298
2014-05;Região de Saúde LVT;Centro Hospitalar Médio Tejo, EPE;406;8181;26418;25072;255;1625;0;61957
2014-05;Região de Saúde LVT;Hospital de Loures;194;7909;30904;42537;747;141;77;82432
2014-05;Região de Saúde Norte;CH Póvoa Varzim/Vila Conde;117;2886;11022;17196;171;627;0;32019
2014-05;Região de Saúde Norte;Hospital Santa Maria Maior, EPE;54;2389;10201;15315;139;1336;0;29434
2014-05;Região de Saúde Norte;Unidade Local de Saúde do Nordeste, EPE;168;4266;31679;12166;123;1413;44;49815
2014-04;Região de Saúde LVT;CH Barreiro/Montijo;180;2451;11127;7174;261;1358;26859;22551
2014-04;Região de Saúde LVT;Centro Hospitalar do Oeste, EPE;171;4754;15552;15644;90;1347;21742;37558
2014-04;Região de Saúde LVT;Hospital de Loures;159;6427;24293;33736;618;111;64;65344
2014-04;Região de Saúde LVT;Hospital Distrital de Santarém, EPE;170;5749;17602;15608;88;1265;2125;40482
2014-04;Região de Saúde Norte;CHU São João;453;8378;31910;17245;1582;791;32857;60359
2014-04;Região de Saúde Norte;CH Alto Ave;118;4807;18012;23769;263;1666;148;48635
2014-04;Região de Saúde Norte;ULS Matosinhos;134;4265;14437;7965;424;594;124;27819
2014-04;Região de Saúde Norte;Unidade Local de Saúde do Alto Minho, EPE;171;6767;26718;19723;161;440;0;53980
2014-04;Região de Saúde do Alentejo;Hospital Espírito Santo Évora;84;2572;8424;5132;133;716;7389;17061
2014-04;Região de Saúde do Centro;Centro Hospitalar do Baixo Vouga, EPE;320;8545;30199;13575;137;1857;35;54633
2014-04;Região de Saúde LVT;Centro Hospitalar de Lisboa Ocidental, EPE;145;2846;12286;11970;467;346;23951;28060
2014-04;Região de Saúde LVT;Hospital Fernando Fonseca;399;11128;25142;47159;1824;3689;353;89341
2014-04;Região de Saúde Norte;CH Póvoa Varzim/Vila Conde;100;2381;8763;13796;142;491;0;25673
2014-04;Região de Saúde Norte;Hospital Santa Maria Maior, EPE;44;1950;8213;12160;113;1087;0;23567
2014-04;Região de Saúde do Alentejo;ULS Norte Alentejano;125;3664;9921;17193;128;928;68;31959
2014-04;Região de Saúde do Centro;CHU Coimbra;492;10922;37069;13868;169;1209;29993;63729
2014-04;Região de Saúde do Centro;ULS Castelo Branco;61;2038;11670;7066;95;441;0;21371
2014-04;Região de Saúde LVT;CH Setúbal;120;3705;14124;6625;42;1937;18824;26553
2014-04;Região de Saúde LVT;Hospital Vila Franca Xira;169;5684;16416;16798;202;6;19;39275
2014-04;Região de Saúde Norte;CHU Porto;313;4692;26527;6016;297;639;4707;38484
2014-04;Região de Saúde Norte;Centro Hospitalar Tâmega e Sousa, EPE;386;8233;25710;24772;157;2641;4397;61899
2014-04;Região de Saúde Norte;Unidade Local de Saúde do Nordeste, EPE;149;3464;25419;9787;104;1127;35;40050
2014-04;Região de Saúde do Alentejo;ULS Baixo Alentejo;55;2502;9714;1849;73;729;26663;14922
2014-04;Região de Saúde do Algarve;CHU Algarve;289;8361;24387;9568;140;2673;29939;45418
2014-04;Região de Saúde do Centro;CH Tondela-Viseu;216;6368;19345;13669;262;2042;16964;41902
2014-04;Região de Saúde do Centro;ULS Guarda;0;0;0;0;0;0;28665;0
2014-04;Região de Saúde LVT;CHU Lisboa Central;261;3300;22339;23880;351;377;34178;50508
2014-04;Região de Saúde LVT;CHU Lisboa Norte;285;5937;20848;23999;1525;944;14941;53538
2014-04;Região de Saúde Norte;CH Entre Douro e Vouga;284;6447;27032;11427;154;12652;814;57996
2014-04;Região de Saúde Norte;CH Vila Nova Gaia/Espinho;176;5948;30852;17768;162;2476;327;57382
2014-04;Região de Saúde Norte;Hospital de Braga;268;6006;34155;21336;358;0;168;62123
2014-04;Região de Saúde do Alentejo;ULS Litoral Alentejano;0;0;0;0;0;0;31687;0
2014-04;Região de Saúde do Centro;CHU Cova da Beira;59;810;11228;6064;31;439;6800;18631
2014-04;Região de Saúde do Centro;CH Leiria;213;4193;31659;27894;631;564;0;65154
2014-04;Região de Saúde do Centro;Hospital Figueira Foz;49;1549;11686;9792;80;289;10;23445
2014-04;Região de Saúde LVT;Centro Hospitalar Médio Tejo, EPE;334;6577;20894;20120;210;1288;0;49423
2014-04;Região de Saúde LVT;Hospital Garcia de Orta;215;4588;11692;10009;718;515;20458;27737
2014-04;Região de Saúde Norte;CH Trás-os-Montes Alto Douro;175;6132;31059;15356;744;6433;340;59899
2014-03;Região de Saúde LVT;Hospital Fernando Fonseca;310;8496;19002;35654;1360;2761;290;67583
2014-03;Região de Saúde Norte;CH Entre Douro e Vouga;235;4760;20405;8553;116;9695;689;43764
2014-03;Região de Saúde Norte;CH Trás-os-Montes Alto Douro;133;4675;23578;11649;521;4866;257;45422
2014-03;Região de Saúde Norte;Hospital de Braga;205;4680;25631;16109;265;0;144;46890
2014-03;Região de Saúde Norte;Unidade Local de Saúde do Alto Minho, EPE;129;5161;20067;14829;119;384;0;40689
2014-03;Região de Saúde do Alentejo;ULS Baixo Alentejo;39;1896;7374;1322;54;569;20523;11254
2014-03;Região de Saúde do Alentejo;ULS Litoral Alentejano;0;0;0;0;0;0;24229;0
2014-03;Região de Saúde do Algarve;CHU Algarve;219;6330;18210;7047;102;1958;23442;33866
2014-03;Região de Saúde do Centro;Hospital Figueira Foz;27;1186;8876;7408;63;206;10;17766
2014-03;Região de Saúde do Centro;ULS Guarda;0;0;0;0;0;0;21502;0
2014-03;Região de Saúde LVT;CH Barreiro/Montijo;133;1856;8282;5439;188;1003;20780;16901
2014-03;Região de Saúde LVT;Centro Hospitalar de Lisboa Ocidental, EPE;116;2136;9320;9117;292;280;18221;21261
2014-03;Região de Saúde LVT;Centro Hospitalar do Oeste, EPE;132;3719;11835;11826;69;1026;16982;28607
2014-03;Região de Saúde LVT;CHU Lisboa Norte;222;4547;16039;18255;1159;729;11623;40951
2014-03;Região de Saúde LVT;Centro Hospitalar Médio Tejo, EPE;255;5088;15739;15377;154;971;0;37584
2014-03;Região de Saúde Norte;CHU São João;340;6340;23615;12849;1200;595;25117;44939
2014-03;Região de Saúde Norte;Hospital Santa Maria Maior, EPE;36;1517;6246;9247;79;803;0;17928
2014-03;Região de Saúde Norte;ULS Matosinhos;107;3238;10698;5966;306;485;115;20800
2014-03;Região de Saúde do Alentejo;ULS Norte Alentejano;93;2840;7395;13276;96;722;51;24422
2014-03;Região de Saúde do Centro;CH Tondela-Viseu;175;4841;14373;10106;194;1501;13158;31190
2014-03;Região de Saúde LVT;CHU Lisboa Central;178;2470;16639;17529;249;289;26299;37354
2014-03;Região de Saúde Norte;CHU Porto;229;3580;19643;4376;236;478;3541;28542
2014-03;Região de Saúde Norte;CH Póvoa Varzim/Vila Conde;74;1828;6597;10581;111;371;0;19562
2014-03;Região de Saúde Norte;Centro Hospitalar Tâmega e Sousa, EPE;295;6439;19389;19073;96;1933;3359;47225
2014-03;Região de Saúde Norte;CH Vila Nova Gaia/Espinho;132;4613;23213;13517;110;1840;227;43425
2014-03;Região de Saúde do Alentejo;Hospital Espírito Santo Évora;64;1929;6278;3866;105;531;5644;12773
2014-03;Região de Saúde do Centro;Centro Hospitalar do Baixo Vouga, EPE;248;6478;22645;10185;100;1342;24;40998
2014-03;Região de Saúde LVT;CH Setúbal;97;2915;10560;4694;27;1505;14664;19798
2014-03;Região de Saúde LVT;Hospital Vila Franca Xira;137;4368;12198;12850;158;5;13;29716
2014-03;Região de Saúde Norte;Unidade Local de Saúde do Nordeste, EPE;112;2648;19454;7465;64;805;32;30548
2014-03;Região de Saúde do Centro;CHU Cova da Beira;43;605;8449;4594;17;339;5251;14047
2014-03;Região de Saúde do Centro;CH Leiria;165;3256;24140;20717;464;446;0;49188
2014-03;Região de Saúde do Centro;CHU Coimbra;375;8201;27700;10250;105;885;23114;47516
2014-03;Região de Saúde do Centro;ULS Castelo Branco;45;1561;8772;5487;69;330;0;16264
2014-03;Região de Saúde LVT;Hospital de Loures;130;5008;18557;25735;438;87;52;49955
2014-03;Região de Saúde LVT;Hospital Distrital de Santarém, EPE;123;4330;13353;11964;53;929;1557;30752
2014-03;Região de Saúde LVT;Hospital Garcia de Orta;167;3527;8702;7443;561;384;15728;20784
2014-03;Região de Saúde Norte;CH Alto Ave;95;3682;13754;18228;174;1223;119;37156
2014-02;Região de Saúde do Centro;CH Tondela-Viseu;119;3258;9390;6551;123;924;8793;20365
2014-02;Região de Saúde do Centro;Hospital Figueira Foz;19;834;6000;4964;36;144;8;11997
2014-02;Região de Saúde do Centro;ULS Guarda;0;0;0;0;0;0;14211;0
2014-02;Região de Saúde LVT;CH Setúbal;53;1980;6915;3045;12;1020;9844;13025
2014-02;Região de Saúde LVT;CHU Lisboa Norte;127;2981;10340;11785;772;461;7851;26466
2014-02;Região de Saúde LVT;Hospital de Loures;94;3518;12285;17137;270;64;34;33368
2014-02;Região de Saúde Norte;Hospital Santa Maria Maior, EPE;27;1066;4228;6247;45;536;0;12149
2014-02;Região de Saúde Norte;Unidade Local de Saúde do Alto Minho, EPE;91;3463;13317;9835;74;332;0;27112
2014-02;Região de Saúde do Algarve;CHU Algarve;151;4291;12113;4429;71;1295;16080;22350
2014-02;Região de Saúde do Centro;Centro Hospitalar do Baixo Vouga, EPE;165;4365;14835;6595;71;856;14;26887
2014-02;Região de Saúde do Centro;CHU Coimbra;250;5361;18028;6636;66;549;15508;30890
2014-02;Região de Saúde LVT;CHU Lisboa Central;129;2378;16082;22932;158;688;227;42367
2014-02;Região de Saúde LVT;Centro Hospitalar do Oeste, EPE;94;2557;7912;7704;44;687;11361;18998
2014-02;Região de Saúde LVT;Centro Hospitalar Médio Tejo, EPE;172;3556;10650;10435;97;618;0;25528
2014-02;Região de Saúde LVT;Hospital Distrital de Santarém, EPE;82;2904;8840;8100;36;641;1023;20603
2014-02;Região de Saúde Norte;CHU São João;232;4205;15448;8083;765;377;16379;29110
2014-02;Região de Saúde Norte;CH Entre Douro e Vouga;168;3191;13429;5643;83;6530;569;29044
2014-02;Região de Saúde Norte;CH Póvoa Varzim/Vila Conde;51;1263;4369;7143;71;239;0;13136
2014-02;Região de Saúde do Alentejo;Hospital Espírito Santo Évora;41;1247;4152;2514;59;345;3818;8358
2014-02;Região de Saúde do Centro;ULS Castelo Branco;29;1050;5856;3561;54;234;0;10784
2014-02;Região de Saúde LVT;Centro Hospitalar de Lisboa Ocidental, EPE;76;1403;6270;5966;118;211;12261;14044
2014-02;Região de Saúde LVT;Hospital Vila Franca Xira;100;2949;7881;8667;96;4;10;19697
2014-02;Região de Saúde LVT;Hospital Garcia de Orta;119;2415;5710;4775;373;246;10727;13638
2014-02;Região de Saúde Norte;ULS Matosinhos;79;2161;7047;4042;227;288;19;13844
2014-02;Região de Saúde Norte;Unidade Local de Saúde do Nordeste, EPE;72;1785;13227;5021;44;513;27;20662
2014-02;Região de Saúde do Alentejo;ULS Litoral Alentejano;0;0;0;0;0;0;16411;0
2014-02;Região de Saúde do Alentejo;ULS Norte Alentejano;58;1933;4872;8990;60;471;30;16384
2014-02;Região de Saúde do Centro;CHU Cova da Beira;29;400;5486;3066;13;229;3541;9223
2014-02;Região de Saúde Norte;CH Alto Ave;68;2631;9432;12538;109;801;88;25579
2014-02;Região de Saúde Norte;Centro Hospitalar Tâmega e Sousa, EPE;204;4434;12925;13705;62;1274;1482;32604
2014-02;Região de Saúde Norte;CH Trás-os-Montes Alto Douro;85;3184;15951;7742;353;3278;176;30593
2014-02;Região de Saúde Norte;CH Vila Nova Gaia/Espinho;96;3118;14963;8899;54;1177;159;28307
2014-02;Região de Saúde do Alentejo;ULS Baixo Alentejo;30;1225;4925;825;30;376;13726;7411
2014-02;Região de Saúde do Centro;CH Leiria;112;2178;16147;13857;310;298;0;32902
2014-02;Região de Saúde LVT;CH Barreiro/Montijo;86;1212;5283;3696;131;642;13793;11050
2014-02;Região de Saúde LVT;Hospital Fernando Fonseca;214;5826;12647;23593;849;1901;187;45030
2014-02;Região de Saúde Norte;CHU Porto;153;2488;12665;2871;165;311;2244;18653
2014-02;Região de Saúde Norte;Hospital de Braga;133;3221;17004;10455;158;0;106;30971
2014-01;Região de Saúde do Centro;CHU Cova da Beira;13;222;2955;1660;7;130;1748;4987
2014-01;Região de Saúde LVT;CH Barreiro/Montijo;46;633;2829;2103;62;339;7417;6012
2014-01;Região de Saúde LVT;Centro Hospitalar Médio Tejo, EPE;74;1830;5728;5655;57;350;0;13694
2014-01;Região de Saúde LVT;Hospital Vila Franca Xira;57;1648;4180;4718;51;2;9;10656
2014-01;Região de Saúde Norte;CH Entre Douro e Vouga;91;1733;6919;3007;42;3356;485;15148
2014-01;Região de Saúde Norte;Centro Hospitalar Tâmega e Sousa, EPE;102;2392;6909;7285;33;679;1227;17400
2014-01;Região de Saúde Norte;ULS Matosinhos;41;1186;3866;2130;133;157;12;7513
2014-01;Região de Saúde do Alentejo;ULS Norte Alentejano;32;944;2466;4676;23;249;324;8390
2014-01;Região de Saúde do Algarve;CHU Algarve;70;2240;6529;2282;35;677;8736;11833
2014-01;Região de Saúde do Centro;Hospital Figueira Foz;19;443;3147;2485;21;78;4;6193
2014-01;Região de Saúde do Centro;ULS Guarda;0;0;0;0;0;0;7546;0
2014-01;Região de Saúde LVT;Centro Hospitalar de Lisboa Ocidental, EPE;40;761;3335;3216;58;156;6724;7566
2014-01;Região de Saúde LVT;CHU Lisboa Norte;81;1660;5785;6445;417;220;4342;14608
2014-01;Região de Saúde Norte;Hospital de Braga;68;1768;9185;5586;68;0;66;16675
2014-01;Região de Saúde Norte;Hospital Santa Maria Maior, EPE;16;574;2322;3457;18;270;0;6657
2014-01;Região de Saúde Norte;Unidade Local de Saúde do Alto Minho, EPE;58;1782;6899;5286;37;279;0;14341
2014-01;Região de Saúde do Alentejo;ULS Litoral Alentejano;0;0;0;0;0;0;8754;0
2014-01;Região de Saúde do Centro;ULS Castelo Branco;16;535;3193;1922;39;129;0;5834
2014-01;Região de Saúde LVT;CH Setúbal;22;1075;3759;1604;6;549;5258;7015
2014-01;Região de Saúde Norte;CHU São João;112;2229;8268;4323;392;211;8898;15535
2014-01;Região de Saúde Norte;CH Alto Ave;28;1478;5231;6885;56;441;61;14119
2014-01;Região de Saúde Norte;Unidade Local de Saúde do Nordeste, EPE;39;986;7137;2673;16;280;11;11131
2014-01;Região de Saúde do Alentejo;Hospital Espírito Santo Évora;28;593;2129;1385;33;174;1915;4342
2014-01;Região de Saúde do Centro;CH Leiria;82;1156;8342;6929;175;156;0;16840
2014-01;Região de Saúde do Centro;Centro Hospitalar do Baixo Vouga, EPE;87;2224;7797;3328;45;431;6;13912
2014-01;Região de Saúde do Centro;CHU Coimbra;133;2782;9419;3548;34;271;7885;16187
2014-01;Região de Saúde do Centro;CH Tondela-Viseu;59;1731;5069;3497;83;480;4610;10919
2014-01;Região de Saúde LVT;CHU Lisboa Central;51;877;5723;5959;76;118;9667;12804
2014-01;Região de Saúde LVT;Centro Hospitalar do Oeste, EPE;55;1317;4179;4200;22;388;5944;10161
2014-01;Região de Saúde LVT;Hospital de Loures;45;1936;6612;9565;138;38;24;18334
2014-01;Região de Saúde Norte;CHU Porto;76;1369;6860;1518;102;177;1222;10102
2014-01;Região de Saúde do Alentejo;ULS Baixo Alentejo;17;635;2628;474;16;193;7118;3963
2014-01;Região de Saúde LVT;Hospital Distrital de Santarém, EPE;42;1530;4640;4416;15;360;584;11003
2014-01;Região de Saúde LVT;Hospital Fernando Fonseca;119;3236;6930;12952;469;1043;113;24749
2014-01;Região de Saúde LVT;Hospital Garcia de Orta;66;1368;3092;2509;207;125;5553;7367
2014-01;Região de Saúde Norte;CH Póvoa Varzim/Vila Conde;22;713;2336;4016;40;138;0;7265
2014-01;Região de Saúde Norte;CH Trás-os-Montes Alto Douro;49;1711;8552;4114;201;1874;96;16501
2014-01;Região de Saúde Norte;CH Vila Nova Gaia/Espinho;46;1755;8039;4791;37;596;99;15264
2013-12;Região de Saúde do Alentejo;ULS Norte Alentejano;297;9556;28737;51407;330;3050;683;93377
2013-12;Região de Saúde do Centro;CHU Cova da Beira;158;2238;32925;22109;157;1662;20043;59249
2013-12;Região de Saúde do Centro;Centro Hospitalar do Baixo Vouga, EPE;958;24461;93761;44882;574;6680;134;171316
2013-12;Região de Saúde do Centro;Hospital Figueira Foz;177;5019;36937;28400;213;890;43;71636
2013-12;Região de Saúde do Centro;ULS Guarda;0;0;0;0;0;0;86279;0
2013-12;Região de Saúde Norte;CH Alto Ave;335;13452;52017;75354;948;5092;411;147198
2013-12;Região de Saúde Norte;CH Póvoa Varzim/Vila Conde;258;6477;26741;42926;417;1652;0;78471
2013-12;Região de Saúde Norte;Unidade Local de Saúde do Nordeste, EPE;397;9875;73216;30790;308;3353;82;117939
2013-12;Região de Saúde do Centro;ULS Castelo Branco;208;5941;33567;22871;339;1868;0;64794
2013-12;Região de Saúde LVT;Centro Hospitalar do Oeste, EPE;638;16223;59990;56155;379;5915;67722;139300
2013-12;Região de Saúde LVT;CHU Lisboa Norte;815;17788;63550;76551;5022;3705;43121;167431
2013-12;Região de Saúde LVT;Hospital Fernando Fonseca;1367;32387;76611;136489;6630;11537;1011;265021
2013-12;Região de Saúde Norte;CHU Porto;945;12280;80306;21275;755;2296;13614;117857
2013-12;Região de Saúde Norte;Centro Hospitalar Tâmega e Sousa, EPE;1067;19844;72957;81080;441;8157;13834;183546
2013-12;Região de Saúde Norte;CH Vila Nova Gaia/Espinho;557;17417;89465;54061;820;8277;1004;170597
2013-12;Região de Saúde Norte;Hospital de Braga;726;18062;101337;63078;1478;0;451;184681
2013-12;Região de Saúde do Alentejo;ULS Baixo Alentejo;196;7128;30034;6607;265;2712;73956;46942
2013-12;Região de Saúde do Alentejo;ULS Litoral Alentejano;0;0;0;0;0;0;91783;0
2013-12;Região de Saúde do Centro;CHU Coimbra;1528;31335;114996;46491;430;4258;87804;199038
2013-12;Região de Saúde LVT;CHU Lisboa Central;807;10119;65482;77321;1302;1389;100355;156420
2013-12;Região de Saúde LVT;CH Setúbal;370;10267;42891;19864;151;6601;53027;80144
2013-12;Região de Saúde Norte;CH Entre Douro e Vouga;740;18067;81164;38398;504;37709;3670;176582
2013-12;Região de Saúde Norte;CH Trás-os-Montes Alto Douro;735;17725;93666;48226;2609;16512;431;179473
2013-12;Região de Saúde Norte;Hospital Santa Maria Maior, EPE;117;4967;24959;37679;375;3243;0;71340
2013-12;Região de Saúde Norte;ULS Matosinhos;435;12002;41404;24858;1297;1719;129;81715
2013-12;Região de Saúde Norte;Unidade Local de Saúde do Alto Minho, EPE;563;19235;78562;59207;397;711;0;158675
2013-12;Região de Saúde do Centro;CH Tondela-Viseu;760;18315;58504;39593;769;6385;49417;124326
2013-12;Região de Saúde LVT;CH Barreiro/Montijo;464;6589;36262;24261;319;4588;76106;72483
2013-12;Região de Saúde LVT;Hospital Vila Franca Xira;460;14798;43448;50883;557;30;56;110176
2013-12;Região de Saúde LVT;Hospital Garcia de Orta;702;16480;42806;33589;6768;1770;45611;102115
2013-12;Região de Saúde do Alentejo;Hospital Espírito Santo Évora;308;6903;23784;16614;406;2967;20745;50982
2013-12;Região de Saúde do Algarve;CHU Algarve;625;19514;64321;26440;354;7112;69691;118366
2013-12;Região de Saúde do Centro;CH Leiria;659;10941;86347;80705;2404;1525;0;182581
2013-12;Região de Saúde LVT;Centro Hospitalar de Lisboa Ocidental, EPE;419;7562;41391;36809;754;2010;67862;88945
2013-12;Região de Saúde LVT;Centro Hospitalar Médio Tejo, EPE;936;17954;64398;64581;772;3901;0;152542
2013-12;Região de Saúde LVT;Hospital de Loures;462;17335;66019;98524;2046;448;290;184834
2013-12;Região de Saúde LVT;Hospital Distrital de Santarém, EPE;419;14069;52066;47807;261;5129;7005;119751
2013-12;Região de Saúde Norte;CHU São João;1160;26326;99870;56228;5075;2258;92831;190917
2013-11;Região de Saúde do Centro;CH Leiria;586;9962;78617;73275;2185;1421;0;166046
2013-11;Região de Saúde LVT;CH Barreiro/Montijo;417;5888;33356;22259;250;4228;69259;66398
2013-11;Região de Saúde LVT;Centro Hospitalar de Lisboa Ocidental, EPE;385;6895;37979;33702;687;1837;62039;81485
2013-11;Região de Saúde Norte;CHU Porto;864;10984;73775;19776;697;2075;12501;108171
2013-11;Região de Saúde Norte;CH Trás-os-Montes Alto Douro;671;16211;85657;44165;2395;15077;395;164176
2013-11;Região de Saúde do Centro;CHU Cova da Beira;135;2044;30174;20470;152;1526;18368;54501
2013-11;Região de Saúde do Centro;Hospital Figueira Foz;164;4637;34065;26070;189;778;36;65903
2013-11;Região de Saúde do Centro;ULS Guarda;0;0;0;0;0;0;79159;0
2013-11;Região de Saúde LVT;CHU Lisboa Central;802;11934;80981;126198;1257;2852;9530;224024
2013-11;Região de Saúde LVT;Hospital Vila Franca Xira;408;13326;39368;46257;503;22;43;99884
2013-11;Região de Saúde LVT;Hospital Distrital de Santarém, EPE;377;12647;47686;43690;237;4799;6439;109436
2013-11;Região de Saúde Norte;CHU São João;1081;23904;91932;51849;4675;2074;84632;175515
2013-11;Região de Saúde Norte;Centro Hospitalar Tâmega e Sousa, EPE;933;17650;66513;74131;413;7478;12552;167118
2013-11;Região de Saúde Norte;CH Vila Nova Gaia/Espinho;511;15897;81887;49242;768;7551;956;155856
2013-11;Região de Saúde Norte;Unidade Local de Saúde do Alto Minho, EPE;522;17538;71701;54160;349;660;0;144930
2013-11;Região de Saúde Norte;Unidade Local de Saúde do Nordeste, EPE;357;9222;68230;29284;300;3068;73;110461
2013-11;Região de Saúde do Alentejo;ULS Litoral Alentejano;0;0;0;0;0;0;83577;0
2013-11;Região de Saúde do Centro;CHU Coimbra;1398;28564;105663;43031;396;3968;80666;183020
2013-11;Região de Saúde do Centro;CH Tondela-Viseu;689;16679;53414;36196;714;5880;44957;113572
2013-11;Região de Saúde LVT;CH Setúbal;332;9269;39201;18428;142;6058;48275;73430
2013-11;Região de Saúde LVT;CHU Lisboa Norte;756;16263;58485;70670;4625;3535;39070;154334
2013-11;Região de Saúde do Alentejo;ULS Baixo Alentejo;183;6450;27505;6108;237;2520;67600;43003
2013-11;Região de Saúde do Alentejo;ULS Norte Alentejano;263;8737;26222;46887;290;2815;876;85214
2013-11;Região de Saúde do Algarve;CHU Algarve;557;17319;57979;24126;323;6352;62507;106656
2013-11;Região de Saúde do Centro;Centro Hospitalar do Baixo Vouga, EPE;866;22191;86075;41448;527;6199;112;157306
2013-11;Região de Saúde LVT;Centro Hospitalar Médio Tejo, EPE;827;16529;59187;59236;719;3537;0;140035
2013-11;Região de Saúde LVT;Hospital Fernando Fonseca;1254;29486;69734;123760;6132;10628;896;240994
2013-11;Região de Saúde LVT;Hospital Garcia de Orta;629;15039;39523;31158;6162;1634;40878;94145
2013-11;Região de Saúde Norte;ULS Matosinhos;395;10903;37717;22853;1197;1595;116;74660
2013-11;Região de Saúde do Alentejo;Hospital Espírito Santo Évora;288;6349;21898;15403;367;2803;18627;47108
2013-11;Região de Saúde do Centro;ULS Castelo Branco;196;5449;30716;20978;312;1769;0;59420
2013-11;Região de Saúde LVT;Centro Hospitalar do Oeste, EPE;584;14944;55511;52106;353;5807;61841;129305
2013-11;Região de Saúde LVT;Hospital de Loures;417;15459;59909;89518;1873;404;252;167580
2013-11;Região de Saúde Norte;CH Alto Ave;309;12295;47423;68823;847;4364;745;134061
2013-11;Região de Saúde Norte;CH Entre Douro e Vouga;658;16350;74060;35447;460;34097;3575;161072
2013-11;Região de Saúde Norte;CH Póvoa Varzim/Vila Conde;230;5876;24542;39007;373;1520;0;71548
2013-11;Região de Saúde Norte;Hospital de Braga;646;16543;92625;57729;1378;0;400;168921
2013-11;Região de Saúde Norte;Hospital Santa Maria Maior, EPE;101;4519;22721;34559;349;2950;0;65199
2013-10;Região de Saúde do Algarve;CHU Algarve;344;9498;35561;15736;197;4480;85163;65816
2013-10;Região de Saúde do Centro;CHU Cova da Beira;127;1843;27690;18906;137;1394;16855;50097
2013-10;Região de Saúde do Centro;Hospital Figueira Foz;149;4223;31263;24108;175;719;35;60637
2013-10;Região de Saúde LVT;Centro Hospitalar de Lisboa Ocidental, EPE;345;6270;34738;30790;613;1679;56445;74435
2013-10;Região de Saúde LVT;CHU Lisboa Norte;687;14810;53051;64805;4244;3351;35395;140948
2013-10;Região de Saúde LVT;Hospital Fernando Fonseca;1366;29705;63070;115036;5501;4932;287;219610
2013-10;Região de Saúde Norte;Hospital Santa Maria Maior, EPE;91;4123;20678;31752;319;2688;0;59651
2013-10;Região de Saúde do Alentejo;ULS Baixo Alentejo;169;5844;24978;5678;219;2322;62098;39210
2013-10;Região de Saúde do Alentejo;ULS Litoral Alentejano;0;0;0;0;0;0;76168;0
2013-10;Região de Saúde LVT;CHU Lisboa Central;663;8373;53946;65185;1169;1126;82499;130462
2013-10;Região de Saúde LVT;Hospital Distrital de Santarém, EPE;349;11361;43182;39856;213;4521;5957;99482
2013-10;Região de Saúde Norte;CHU São João;0;0;0;0;0;0;237032;0
2013-10;Região de Saúde Norte;CH Trás-os-Montes Alto Douro;612;14811;78261;40442;2200;13750;361;150076
2013-10;Região de Saúde Norte;CH Vila Nova Gaia/Espinho;476;14461;74152;45176;714;6928;893;141907
2013-10;Região de Saúde Norte;Unidade Local de Saúde do Nordeste, EPE;324;8447;62173;27072;275;2798;60;101089
2013-10;Região de Saúde do Alentejo;Hospital Espírito Santo Évora;260;5750;20036;14043;329;2647;16940;43065
2013-10;Região de Saúde do Centro;CH Leiria;504;8806;70275;66346;2010;1265;0;149206
2013-10;Região de Saúde LVT;CH Setúbal;311;8307;35773;17055;136;5467;43767;67049
2013-10;Região de Saúde LVT;Centro Hospitalar Médio Tejo, EPE;743;15154;54171;53977;664;3148;0;127857
2013-10;Região de Saúde Norte;CH Alto Ave;284;11311;43134;62735;777;4031;673;122272
2013-10;Região de Saúde Norte;CH Póvoa Varzim/Vila Conde;210;5326;22292;35648;355;1398;0;65229
2013-10;Região de Saúde do Centro;Centro Hospitalar do Baixo Vouga, EPE;774;20088;78554;37943;494;5709;107;143562
2013-10;Região de Saúde do Centro;CHU Coimbra;1246;25794;96593;39711;367;3689;73455;167400
2013-10;Região de Saúde do Centro;ULS Castelo Branco;185;4979;27866;19288;279;1664;0;54261
2013-10;Região de Saúde LVT;Hospital de Loures;392;13931;54322;81156;1693;371;236;151865
2013-10;Região de Saúde LVT;Hospital Garcia de Orta;575;13711;36176;28518;5463;1532;36892;85975
2013-10;Região de Saúde Norte;CHU Porto;780;9876;67327;18304;651;1874;11392;98812
2013-10;Região de Saúde Norte;CH Entre Douro e Vouga;599;14921;67584;32675;425;30822;2882;147026
2013-10;Região de Saúde Norte;Centro Hospitalar Tâmega e Sousa, EPE;911;16166;60005;67262;371;6729;11465;151444
2013-10;Região de Saúde Norte;Hospital de Braga;595;15214;84501;52556;1288;0;366;154154
2013-10;Região de Saúde Norte;ULS Matosinhos;363;9893;34436;20908;1099;1480;112;68179
2013-10;Região de Saúde Norte;Unidade Local de Saúde do Alto Minho, EPE;487;16235;65884;49669;319;623;0;133217
2013-10;Região de Saúde do Alentejo;ULS Norte Alentejano;212;7560;23032;41938;263;2434;3271;75439
2013-10;Região de Saúde do Centro;CH Tondela-Viseu;632;15176;48772;33064;644;5378;40808;103666
2013-10;Região de Saúde do Centro;ULS Guarda;0;0;0;0;0;0;72382;0
2013-10;Região de Saúde LVT;CH Barreiro/Montijo;381;5319;30743;20286;179;3920;62772;60828
2013-10;Região de Saúde LVT;Centro Hospitalar do Oeste, EPE;544;13857;51695;48073;339;5295;56596;119803
2013-10;Região de Saúde LVT;Hospital Vila Franca Xira;366;12086;35603;41981;444;15;41;90495
2013-09;Região de Saúde do Alentejo;ULS Norte Alentejano;220;7340;21346;38420;225;2288;1260;69839
2013-09;Região de Saúde do Algarve;CHU Algarve;318;8534;32059;14211;186;3971;72279;59279
2013-09;Região de Saúde LVT;Centro Hospitalar de Lisboa Ocidental, EPE;324;5674;31275;27757;552;1519;50456;67101
2013-09;Região de Saúde LVT;Centro Hospitalar Médio Tejo, EPE;657;13679;48998;48406;576;2837;0;115153
2013-09;Região de Saúde LVT;Hospital Fernando Fonseca;1012;23932;56971;100046;4928;8721;756;195610
2013-09;Região de Saúde Norte;CHU São João;891;19703;76213;43303;3905;1688;66747;145703
2013-09;Região de Saúde Norte;CH Póvoa Varzim/Vila Conde;190;4784;19742;32255;326;1262;0;58559
2013-09;Região de Saúde Norte;CH Vila Nova Gaia/Espinho;432;13017;66409;40621;658;6259;774;127396
2013-09;Região de Saúde Norte;Unidade Local de Saúde do Alto Minho, EPE;448;14868;59549;44822;282;563;0;120532
2013-09;Região de Saúde Norte;Unidade Local de Saúde do Nordeste, EPE;276;7554;54416;23984;262;2486;56;88978
2013-09;Região de Saúde do Alentejo;ULS Baixo Alentejo;151;5289;22440;5212;206;2090;55936;35388
2013-09;Região de Saúde do Centro;CHU Cova da Beira;110;1655;24990;17372;118;1273;15330;45518
2013-09;Região de Saúde do Centro;CH Leiria;430;7645;61684;58980;1782;1023;0;131544
2013-09;Região de Saúde do Centro;CHU Coimbra;1131;23137;86875;35848;328;3404;65809;150723
2013-09;Região de Saúde do Centro;CH Tondela-Viseu;592;13731;44184;29845;586;4827;36656;93765
2013-09;Região de Saúde do Centro;ULS Guarda;0;0;0;0;0;0;65393;0
2013-09;Região de Saúde do Centro;ULS Castelo Branco;177;4523;24991;17559;253;1385;0;48888
2013-09;Região de Saúde LVT;Centro Hospitalar do Oeste, EPE;499;12709;47416;43723;315;5113;50969;109775
2013-09;Região de Saúde LVT;Hospital Garcia de Orta;527;12271;32613;25486;4816;1378;33070;77091
2013-09;Região de Saúde Norte;CH Alto Ave;258;10572;38922;55785;710;3485;611;109732
2013-09;Região de Saúde Norte;Centro Hospitalar Tâmega e Sousa, EPE;770;14124;53467;60921;357;6214;10417;135853
2013-09;Região de Saúde Norte;CH Trás-os-Montes Alto Douro;551;13337;70305;36453;2024;12347;322;135017
2013-09;Região de Saúde do Centro;Centro Hospitalar do Baixo Vouga, EPE;705;17983;70461;34170;455;5212;82;128986
2013-09;Região de Saúde LVT;CHU Lisboa Central;643;9611;65210;101897;1065;2332;9081;180758
2013-09;Região de Saúde LVT;Hospital Vila Franca Xira;332;10806;31778;37278;387;12;38;80593
2013-09;Região de Saúde Norte;Hospital de Braga;526;13757;75602;47191;1201;0;343;138277
2013-09;Região de Saúde do Alentejo;ULS Litoral Alentejano;0;0;0;0;0;0;69442;0
2013-09;Região de Saúde do Centro;Hospital Figueira Foz;125;3834;28175;21992;158;640;32;54924
2013-09;Região de Saúde LVT;CH Setúbal;280;7393;32067;15414;122;4888;38723;60164
2013-09;Região de Saúde LVT;Hospital Distrital de Santarém, EPE;321;10169;38484;35803;193;4127;5418;89097
2013-09;Região de Saúde Norte;CH Entre Douro e Vouga;557;13396;60713;29457;401;27495;2751;132019
2013-09;Região de Saúde Norte;Hospital Santa Maria Maior, EPE;80;3796;18646;28708;294;2412;0;53936
2013-09;Região de Saúde do Alentejo;Hospital Espírito Santo Évora;238;5186;18080;12631;279;2464;15233;38878
2013-09;Região de Saúde LVT;CH Barreiro/Montijo;348;4791;27709;18297;153;3525;55827;54823
2013-09;Região de Saúde LVT;CHU Lisboa Norte;629;13384;47933;58500;3765;3152;31469;127363
2013-09;Região de Saúde LVT;Hospital de Loures;353;12349;48350;72490;1520;345;201;135407
2013-09;Região de Saúde Norte;CHU Porto;710;8824;60518;16564;577;1715;10329;88908
2013-09;Região de Saúde Norte;ULS Matosinhos;339;8837;30792;18765;959;1344;106;61036
2013-08;Região de Saúde do Alentejo;Hospital Espírito Santo Évora;208;4609;15868;10997;228;2227;14175;34137
2013-08;Região de Saúde do Centro;ULS Guarda;0;0;0;0;0;0;58827;0
2013-08;Região de Saúde LVT;Centro Hospitalar Médio Tejo, EPE;590;12388;44048;43661;498;2553;0;103738
2013-08;Região de Saúde LVT;Hospital Vila Franca Xira;290;9609;28292;33198;338;12;32;71739
2013-08;Região de Saúde Norte;CHU Porto;630;7846;53736;14651;509;1497;9142;78869
2013-08;Região de Saúde Norte;Centro Hospitalar Tâmega e Sousa, EPE;719;12738;42092;55958;484;5090;14111;117081
2013-08;Região de Saúde Norte;Hospital de Braga;483;12496;67481;42061;1098;0;321;123619
2013-08;Região de Saúde do Alentejo;ULS Norte Alentejano;209;6667;19204;34799;202;2056;585;63137
2013-08;Região de Saúde do Centro;CHU Cova da Beira;101;1499;22253;15635;113;1143;14002;40744
2013-08;Região de Saúde do Centro;CH Leiria;389;6657;53558;51794;1577;892;0;114867
2013-08;Região de Saúde LVT;CH Barreiro/Montijo;325;4297;24675;16263;135;3130;49975;48825
2013-08;Região de Saúde LVT;CH Setúbal;251;6452;28324;13980;105;4331;34690;53443
2013-08;Região de Saúde LVT;Hospital de Loures;320;11003;43050;64877;1331;313;186;120894
2013-08;Região de Saúde LVT;Hospital Distrital de Santarém, EPE;302;8998;34063;32454;177;3712;4754;79706
2013-08;Região de Saúde Norte;CH Alto Ave;248;9427;34411;50083;646;3203;541;98018
2013-08;Região de Saúde Norte;CH Trás-os-Montes Alto Douro;493;12235;62502;33054;1685;11003;289;120972
2013-08;Região de Saúde Norte;Unidade Local de Saúde do Nordeste, EPE;245;6846;48851;21781;222;2189;53;80134
2013-08;Região de Saúde do Alentejo;ULS Litoral Alentejano;0;0;0;0;0;0;62393;0
2013-08;Região de Saúde do Centro;ULS Castelo Branco;166;4102;22430;15970;237;1227;0;44132
2013-08;Região de Saúde LVT;Centro Hospitalar do Oeste, EPE;458;11611;43484;39939;287;4665;45661;100444
2013-08;Região de Saúde Norte;CH Vila Nova Gaia/Espinho;401;11739;59035;36230;590;5648;725;113643
2013-08;Região de Saúde do Alentejo;ULS Baixo Alentejo;136;4721;19895;4729;184;1863;50640;31528
2013-08;Região de Saúde do Centro;Centro Hospitalar do Baixo Vouga, EPE;619;15934;62737;30894;396;4732;75;115312
2013-08;Região de Saúde LVT;CHU Lisboa Central;582;8545;58083;90808;948;2142;8997;161108
2013-08;Região de Saúde LVT;Hospital Fernando Fonseca;886;21476;50939;88421;4308;7822;703;173852
2013-08;Região de Saúde LVT;Hospital Garcia de Orta;488;11020;29044;22700;4340;1202;29471;68794
2013-08;Região de Saúde Norte;CH Entre Douro e Vouga;517;12029;54039;26567;371;24974;2234;118497
2013-08;Região de Saúde Norte;CH Póvoa Varzim/Vila Conde;166;4341;17709;28873;277;1127;0;52493
2013-08;Região de Saúde Norte;Hospital Santa Maria Maior, EPE;73;3453;16712;25879;263;2158;0;48538
2013-08;Região de Saúde Norte;ULS Matosinhos;312;7840;27297;16623;858;1200;101;54130
2013-08;Região de Saúde do Algarve;CHU Algarve;274;7548;28412;12722;172;3579;59568;52707
2013-08;Região de Saúde do Centro;CHU Coimbra;1020;20710;77431;32282;279;3103;59014;134825
2013-08;Região de Saúde do Centro;CH Tondela-Viseu;539;12428;39436;26881;537;4315;33144;84136
2013-08;Região de Saúde do Centro;Hospital Figueira Foz;116;3464;25135;19998;134;568;27;49415
2013-08;Região de Saúde LVT;Centro Hospitalar de Lisboa Ocidental, EPE;284;5108;27907;24750;484;1370;45200;59903
2013-08;Região de Saúde LVT;CHU Lisboa Norte;566;11968;42735;52068;3300;2955;28288;113592
2013-08;Região de Saúde Norte;CHU São João;802;17621;68080;38956;3504;1494;59209;130457
2013-08;Região de Saúde Norte;Unidade Local de Saúde do Alto Minho, EPE;415;13493;53650;39743;244;508;0;108053
2013-07;Região de Saúde do Centro;CHU Cova da Beira;89;1354;19126;13549;103;997;12609;35218
2013-07;Região de Saúde do Centro;Centro Hospitalar do Baixo Vouga, EPE;555;13990;55105;27306;333;4237;72;101526
2013-07;Região de Saúde LVT;CHU Lisboa Central;502;7660;51117;79904;833;1972;8914;141988
2013-07;Região de Saúde LVT;Hospital Distrital de Santarém, EPE;260;7948;29750;29021;151;3274;4130;70404
2013-07;Região de Saúde LVT;Hospital Garcia de Orta;434;9659;25264;19532;3721;988;26321;59598
2013-07;Região de Saúde Norte;CH Trás-os-Montes Alto Douro;424;10546;53881;28483;1451;9495;249;104280
2013-07;Região de Saúde Norte;Unidade Local de Saúde do Nordeste, EPE;205;5956;41739;18888;186;1843;44;68817
2013-07;Região de Saúde do Alentejo;ULS Litoral Alentejano;0;0;0;0;0;0;53768;0
2013-07;Região de Saúde do Alentejo;ULS Norte Alentejano;133;4443;12869;23287;140;1358;13516;42230
2013-07;Região de Saúde do Algarve;CHU Algarve;236;6345;24256;11003;154;3135;42938;45129
2013-07;Região de Saúde LVT;CH Setúbal;218;5625;24737;12042;92;3798;31084;46512
2013-07;Região de Saúde LVT;Centro Hospitalar do Oeste, EPE;408;10277;37942;34005;250;5087;39430;87969
2013-07;Região de Saúde LVT;Hospital de Loures;279;9872;38159;57610;1153;286;179;107359
2013-07;Região de Saúde LVT;Hospital Vila Franca Xira;262;8508;25012;29446;283;11;28;63522
2013-07;Região de Saúde LVT;Hospital Fernando Fonseca;801;19342;45241;77273;3675;6921;657;153253
2013-07;Região de Saúde Norte;CH Alto Ave;226;8563;29961;43800;531;2886;466;85967
2013-07;Região de Saúde Norte;Unidade Local de Saúde do Alto Minho, EPE;373;11794;46071;33937;218;457;0;92850
2013-07;Região de Saúde do Centro;CH Leiria;341;5868;46968;45609;1373;773;0;100932
2013-07;Região de Saúde LVT;Centro Hospitalar Médio Tejo, EPE;522;11050;38720;38550;417;2234;0;91493
2013-07;Região de Saúde Norte;CHU São João;712;15722;59533;33907;3111;1311;52962;114296
2013-07;Região de Saúde Norte;CH Vila Nova Gaia/Espinho;355;10387;51836;32010;455;4929;670;99972
2013-07;Região de Saúde Norte;Hospital Santa Maria Maior, EPE;67;3087;14757;22920;208;1866;0;42905
2013-07;Região de Saúde do Alentejo;Hospital Espírito Santo Évora;184;4079;14119;9731;188;1951;12505;30252
2013-07;Região de Saúde do Alentejo;ULS Baixo Alentejo;124;4038;16886;3971;165;1567;45730;26751
2013-07;Região de Saúde do Centro;ULS Guarda;0;0;0;0;0;0;50988;0
2013-07;Região de Saúde do Centro;ULS Castelo Branco;147;3648;19549;14238;217;1082;0;38881
2013-07;Região de Saúde LVT;Centro Hospitalar de Lisboa Ocidental, EPE;262;4584;24595;21849;415;1221;40907;52926
2013-07;Região de Saúde do Centro;CHU Coimbra;891;18254;67643;28079;244;2763;52802;117874
2013-07;Região de Saúde do Centro;CH Tondela-Viseu;472;10926;33997;23125;479;3692;29286;72691
2013-07;Região de Saúde do Centro;Hospital Figueira Foz;104;3053;21493;17469;113;472;24;42704
2013-07;Região de Saúde LVT;CH Barreiro/Montijo;289;3803;21421;14249;123;2758;44613;42643
2013-07;Região de Saúde Norte;CHU Porto;545;6894;46822;12677;444;1310;7954;68692
2013-07;Região de Saúde Norte;CH Entre Douro e Vouga;473;10466;47261;23114;328;22610;2063;104252
2013-07;Região de Saúde Norte;CH Póvoa Varzim/Vila Conde;153;3865;15374;25259;222;952;0;45825
2013-07;Região de Saúde Norte;Centro Hospitalar Tâmega e Sousa, EPE;924;12125;46372;49992;568;4497;719;114478
2013-07;Região de Saúde Norte;Hospital de Braga;407;11089;59052;36755;908;0;294;108211
2013-07;Região de Saúde Norte;ULS Matosinhos;267;6887;23703;14388;752;1024;95;47021
2013-06;Região de Saúde do Alentejo;Hospital Espírito Santo Évora;163;3466;11952;8252;164;1605;10916;25602
2013-06;Região de Saúde do Centro;Centro Hospitalar do Baixo Vouga, EPE;475;11807;46835;23478;283;3605;60;86483
2013-06;Região de Saúde LVT;Centro Hospitalar do Oeste, EPE;348;8685;31582;29429;184;5106;33465;75334
2013-06;Região de Saúde LVT;Centro Hospitalar Médio Tejo, EPE;436;9506;33128;33401;356;1930;0;78757
2013-06;Região de Saúde LVT;Hospital de Loures;230;8631;32927;49394;938;242;110;92362
2013-06;Região de Saúde LVT;Hospital Fernando Fonseca;706;16933;38920;65628;3050;5970;588;131207
2013-06;Região de Saúde Norte;CH Trás-os-Montes Alto Douro;359;8948;45719;24195;1234;8028;211;88483
2013-06;Região de Saúde Norte;CH Vila Nova Gaia/Espinho;314;8925;43824;27370;400;4212;580;85045
2013-06;Região de Saúde Norte;Hospital Santa Maria Maior, EPE;54;2617;12627;19910;171;1564;0;36943
2013-06;Região de Saúde Norte;ULS Matosinhos;228;5874;19936;12277;663;822;48;39800
2013-06;Região de Saúde Norte;Unidade Local de Saúde do Alto Minho, EPE;334;10188;39032;28758;176;372;0;78860
2013-06;Região de Saúde Norte;Unidade Local de Saúde do Nordeste, EPE;180;5023;35179;16267;153;1552;41;58354
2013-06;Região de Saúde do Centro;CHU Coimbra;765;15448;57797;24447;224;2388;45961;101069
2013-06;Região de Saúde do Centro;ULS Guarda;0;0;0;0;0;0;43439;0
2013-06;Região de Saúde LVT;CH Barreiro/Montijo;250;3273;18115;12099;107;2330;38694;36174
2013-06;Região de Saúde LVT;CH Setúbal;187;4716;21112;9925;77;3214;27107;39231
2013-06;Região de Saúde Norte;CH Alto Ave;192;7263;25411;37143;450;2449;395;72908
2013-06;Região de Saúde Norte;CH Póvoa Varzim/Vila Conde;132;3332;13025;21408;186;796;0;38879
2013-06;Região de Saúde Norte;Centro Hospitalar Tâmega e Sousa, EPE;790;10349;39589;42676;485;3836;613;97725
2013-06;Região de Saúde do Alentejo;ULS Baixo Alentejo;101;3580;14894;3496;147;1397;38836;23615
2013-06;Região de Saúde do Alentejo;ULS Norte Alentejano;111;3575;10386;18847;115;1112;13392;34146
2013-06;Região de Saúde do Centro;CHU Cova da Beira;78;1136;16086;11411;94;823;11164;29628
2013-06;Região de Saúde LVT;CHU Lisboa Norte;422;9114;32121;38688;2450;2375;22425;85170
2013-06;Região de Saúde Norte;CH Entre Douro e Vouga;389;8812;40106;19470;280;19479;1881;88536
2013-06;Região de Saúde Norte;Hospital de Braga;398;9459;50130;31233;746;0;256;91966
2013-06;Região de Saúde do Algarve;CHU Algarve;206;5295;20348;9344;125;2662;27888;37980
2013-06;Região de Saúde do Centro;CH Leiria;295;5020;40633;38979;1174;657;0;86758
2013-06;Região de Saúde LVT;Centro Hospitalar de Lisboa Ocidental, EPE;229;3958;21187;18766;346;1061;35107;45547
2013-06;Região de Saúde LVT;Hospital Distrital de Santarém, EPE;227;6747;25369;25057;124;2809;3496;60333
2013-06;Região de Saúde LVT;Hospital Garcia de Orta;376;8205;21356;16319;3116;852;22850;50224
2013-06;Região de Saúde Norte;CHU São João;603;12950;48989;27830;2441;1101;48641;93914
2013-06;Região de Saúde do Alentejo;ULS Litoral Alentejano;0;0;0;0;0;24133;21724;24133
2013-06;Região de Saúde do Centro;CH Tondela-Viseu;404;9249;28733;19592;392;3151;25300;61521
2013-06;Região de Saúde do Centro;Hospital Figueira Foz;95;2667;18049;14844;98;405;17;36158
2013-06;Região de Saúde do Centro;ULS Castelo Branco;133;3189;16719;12291;183;927;0;33442
2013-06;Região de Saúde LVT;CHU Lisboa Central;418;6589;43751;67853;727;1731;8821;121069
2013-06;Região de Saúde LVT;Hospital Vila Franca Xira;221;7375;21330;25117;234;9;30;54286
2013-06;Região de Saúde Norte;CHU Porto;464;5967;39624;10483;384;1111;6627;58033
2013-05;Região de Saúde do Alentejo;ULS Litoral Alentejano;0;0;0;0;0;0;38768;0
2013-05;Região de Saúde do Centro;Centro Hospitalar do Baixo Vouga, EPE;398;9865;39177;19702;239;3073;53;72454
2013-05;Região de Saúde do Centro;CHU Coimbra;641;12933;47728;20082;186;2076;38891;83646
2013-05;Região de Saúde LVT;Hospital de Loures;189;7295;27559;41814;762;205;104;77824
2013-05;Região de Saúde LVT;Hospital Fernando Fonseca;590;14455;32675;54230;2422;5033;496;109405
2013-05;Região de Saúde Norte;CHU São João;520;10806;40047;22676;2018;873;41847;76940
2013-05;Região de Saúde Norte;Hospital Santa Maria Maior, EPE;50;2139;10440;16775;145;1295;0;30844
2013-05;Região de Saúde Norte;Unidade Local de Saúde do Alto Minho, EPE;265;8474;34298;22718;121;289;0;66165
2013-05;Região de Saúde do Centro;Hospital Figueira Foz;84;2299;15158;12488;81;344;17;30454
2013-05;Região de Saúde LVT;CH Setúbal;124;3133;14345;6761;52;2153;28903;26568
2013-05;Região de Saúde LVT;Hospital Vila Franca Xira;187;6214;17780;21017;191;9;25;45398
2013-05;Região de Saúde LVT;Hospital Garcia de Orta;320;6950;17944;13663;2642;710;19059;42229
2013-05;Região de Saúde Norte;CH Alto Ave;174;6121;21141;30984;374;2106;326;60900
2013-05;Região de Saúde Norte;CH Entre Douro e Vouga;320;7353;33439;16281;229;16292;1731;73914
2013-05;Região de Saúde do Alentejo;Hospital Espírito Santo Évora;127;2908;9898;6794;134;1320;9168;21181
2013-05;Região de Saúde do Centro;CH Tondela-Viseu;338;7815;24109;16145;323;2614;21290;51344
2013-05;Região de Saúde do Centro;ULS Castelo Branco;112;2645;13989;10261;144;775;0;27926
2013-05;Região de Saúde LVT;CH Barreiro/Montijo;215;2802;15143;10061;91;1940;32507;30252
2013-05;Região de Saúde LVT;CHU Lisboa Central;324;5578;36671;56126;622;1490;8724;100811
2013-05;Região de Saúde LVT;CHU Lisboa Norte;335;7676;26855;32294;2075;2013;19120;71248
2013-05;Região de Saúde Norte;CHU Porto;401;5080;32999;8525;311;934;5408;48250
2013-05;Região de Saúde Norte;Unidade Local de Saúde do Nordeste, EPE;117;3307;24168;10916;95;1250;8931;39853
2013-05;Região de Saúde do Alentejo;ULS Baixo Alentejo;91;3110;12565;2715;114;1156;33071;19751
2013-05;Região de Saúde do Algarve;CHU Algarve;176;4444;16800;7815;108;2231;23380;31574
2013-05;Região de Saúde do Centro;CH Leiria;257;4274;34670;33048;1024;568;0;73841
2013-05;Região de Saúde do Centro;ULS Guarda;0;0;0;0;0;0;36373;0
2013-05;Região de Saúde LVT;Centro Hospitalar do Oeste, EPE;280;7433;26688;25096;159;4167;28193;63823
2013-05;Região de Saúde LVT;Centro Hospitalar Médio Tejo, EPE;370;8088;27895;28277;304;1652;0;66586
2013-05;Região de Saúde LVT;Hospital Distrital de Santarém, EPE;187;5607;21114;20989;87;2373;2971;50357
2013-05;Região de Saúde Norte;Centro Hospitalar Tâmega e Sousa, EPE;662;8682;33252;35834;409;3212;508;82051
2013-05;Região de Saúde Norte;CH Vila Nova Gaia/Espinho;267;7547;36203;23012;347;3487;358;70863
2013-05;Região de Saúde Norte;Hospital de Braga;331;8048;41790;25996;581;0;207;76746
2013-05;Região de Saúde do Alentejo;ULS Norte Alentejano;89;2806;7889;14551;86;824;13378;26245
2013-05;Região de Saúde do Centro;CHU Cova da Beira;67;974;13537;9561;74;669;9493;24882
2013-05;Região de Saúde Norte;CH Póvoa Varzim/Vila Conde;118;2890;10890;18027;160;643;0;32728
2013-05;Região de Saúde Norte;CH Trás-os-Montes Alto Douro;300;7488;38259;20299;1036;6678;176;74060
2013-05;Região de Saúde Norte;ULS Matosinhos;199;4979;16506;10206;549;718;45;33157
2013-04;Região de Saúde do Alentejo;ULS Baixo Alentejo;73;2489;10057;2173;91;925;26251;15808
2013-04;Região de Saúde do Alentejo;ULS Norte Alentejano;66;2070;5433;10169;66;514;13204;18318
2013-04;Região de Saúde do Centro;ULS Guarda;0;0;0;0;0;0;29151;0
2013-04;Região de Saúde LVT;Hospital Fernando Fonseca;485;11807;26046;42399;1763;3977;432;86477
2013-04;Região de Saúde Norte;CH Póvoa Varzim/Vila Conde;99;2400;8733;14540;129;514;0;26415
2013-04;Região de Saúde Norte;CH Trás-os-Montes Alto Douro;211;6080;28610;18261;1188;4935;151;59285
2013-04;Região de Saúde Norte;ULS Matosinhos;162;4034;12899;8247;438;548;42;26328
2013-04;Região de Saúde do Centro;CH Leiria;212;3405;27567;26283;851;429;0;58747
2013-04;Região de Saúde do Centro;CHU Coimbra;533;10439;37729;16014;143;1688;30937;66546
2013-04;Região de Saúde do Centro;ULS Castelo Branco;90;2157;11211;8102;115;620;0;22295
2013-04;Região de Saúde LVT;Centro Hospitalar do Oeste, EPE;234;6125;21884;20421;122;2489;22498;51275
2013-04;Região de Saúde LVT;Centro Hospitalar Médio Tejo, EPE;315;6648;22272;22828;238;1302;0;53603
2013-04;Região de Saúde Norte;CH Vila Nova Gaia/Espinho;215;6146;28655;18343;281;2762;308;56402
2013-04;Região de Saúde Norte;Unidade Local de Saúde do Alto Minho, EPE;209;7090;26115;19458;88;265;0;53225
2013-04;Região de Saúde do Alentejo;ULS Litoral Alentejano;0;0;0;0;0;0;31357;0
2013-04;Região de Saúde LVT;CHU Lisboa Central;262;4483;28984;44690;476;1249;7197;80144
2013-04;Região de Saúde Norte;CH Entre Douro e Vouga;270;5874;26569;13014;190;13010;1397;58927
2013-04;Região de Saúde Norte;Unidade Local de Saúde do Nordeste, EPE;79;2359;15925;6876;66;955;15182;26260
2013-04;Região de Saúde do Centro;CHU Cova da Beira;59;803;10792;7660;55;534;7588;19903
2013-04;Região de Saúde do Centro;Centro Hospitalar do Baixo Vouga, EPE;332;7875;31229;15818;182;2459;44;57895
2013-04;Região de Saúde do Centro;Hospital Figueira Foz;67;1906;12236;10026;71;271;16;24577
2013-04;Região de Saúde LVT;CH Barreiro/Montijo;185;2273;12129;7822;74;1523;25976;24006
2013-04;Região de Saúde LVT;Centro Hospitalar de Lisboa Ocidental, EPE;173;2879;15786;24150;230;768;10866;43986
2013-04;Região de Saúde Norte;Centro Hospitalar Tâmega e Sousa, EPE;532;6979;26684;28770;327;2590;414;65882
2013-04;Região de Saúde Norte;Hospital Santa Maria Maior, EPE;44;1722;8418;13568;117;1017;0;24886
2013-04;Região de Saúde do Alentejo;Hospital Espírito Santo Évora;102;2367;7805;5438;115;1030;7338;16857
2013-04;Região de Saúde do Algarve;CHU Algarve;142;3530;13303;6287;89;1745;18608;25096
2013-04;Região de Saúde do Centro;CH Tondela-Viseu;275;6336;19408;12913;245;2091;16887;41268
2013-04;Região de Saúde LVT;CH Setúbal;96;2313;10754;5064;38;1624;24291;19889
2013-04;Região de Saúde LVT;CHU Lisboa Norte;265;6244;21443;25261;1660;1530;15230;56403
2013-04;Região de Saúde LVT;Hospital de Loures;150;5858;21876;33597;608;162;95;62251
2013-04;Região de Saúde LVT;Hospital Vila Franca Xira;153;4978;13853;16737;144;7;24;35872
2013-04;Região de Saúde LVT;Hospital Garcia de Orta;259;5556;13392;10842;1780;588;16524;32417
2013-04;Região de Saúde Norte;CHU São João;435;8993;32918;18686;1687;716;30337;63435
2013-04;Região de Saúde Norte;CH Alto Ave;137;5097;16827;24525;318;1684;268;48588
2013-04;Região de Saúde Norte;CHU Porto;323;4130;26070;6663;258;704;4340;38148
2013-04;Região de Saúde Norte;Hospital de Braga;262;6616;33144;20451;430;0;167;60903
2013-03;Região de Saúde do Alentejo;Hospital Espírito Santo Évora;78;1803;5763;4054;90;748;5618;12536
2013-03;Região de Saúde do Centro;ULS Guarda;0;0;0;0;0;0;22267;0
2013-03;Região de Saúde do Centro;ULS Castelo Branco;66;1692;8454;6132;74;479;0;16897
2013-03;Região de Saúde do Alentejo;ULS Baixo Alentejo;62;1858;7518;1630;65;701;20076;11834
2013-03;Região de Saúde do Alentejo;ULS Litoral Alentejano;0;0;0;0;0;0;24440;0
2013-03;Região de Saúde do Alentejo;ULS Norte Alentejano;65;2066;5417;10135;66;512;5622;18261
2013-03;Região de Saúde do Centro;CH Tondela-Viseu;217;4853;14619;9644;174;1300;13203;30807
2013-03;Região de Saúde LVT;Centro Hospitalar de Lisboa Ocidental, EPE;122;2130;10592;9628;174;567;18168;23213
2013-03;Região de Saúde Norte;CH Alto Ave;111;3979;12762;18734;270;1343;152;37199
2013-03;Região de Saúde Norte;CH Póvoa Varzim/Vila Conde;77;1935;6690;11201;102;399;0;20404
2013-03;Região de Saúde do Algarve;CHU Algarve;104;2665;9963;4668;64;1302;14229;18766
2013-03;Região de Saúde do Centro;CH Leiria;166;2620;20939;20162;623;316;0;44826
2013-03;Região de Saúde do Centro;Hospital Figueira Foz;53;1514;9357;7662;47;204;9;18837
2013-03;Região de Saúde LVT;Centro Hospitalar do Oeste, EPE;175;4664;16185;15415;92;2860;17129;39391
2013-03;Região de Saúde LVT;CHU Lisboa Norte;200;4817;16128;18878;1256;1154;11681;42433
2013-03;Região de Saúde LVT;Centro Hospitalar Médio Tejo, EPE;232;5152;16992;17393;179;1010;0;40958
2013-03;Região de Saúde LVT;Hospital de Loures;121;4526;16495;25814;490;121;71;47567
2013-03;Região de Saúde LVT;Hospital Vila Franca Xira;113;3851;10232;12730;92;6;19;27024
2013-03;Região de Saúde LVT;Hospital Fernando Fonseca;374;9301;19716;31702;1233;3059;371;65385
2013-03;Região de Saúde Norte;Unidade Local de Saúde do Nordeste, EPE;0;0;0;0;0;0;31940;0
2013-03;Região de Saúde do Centro;CHU Cova da Beira;44;633;8259;5688;36;401;5859;15061
2013-03;Região de Saúde do Centro;Centro Hospitalar do Baixo Vouga, EPE;249;6038;23632;11924;134;1876;29;43853
2013-03;Região de Saúde do Centro;CHU Coimbra;392;7859;28473;11939;99;1335;23463;50097
2013-03;Região de Saúde LVT;CH Barreiro/Montijo;137;1715;9203;5813;52;1125;19761;18045
2013-03;Região de Saúde LVT;CHU Lisboa Central;203;3457;21913;33975;366;987;5347;60901
2013-03;Região de Saúde LVT;Hospital Distrital de Santarém, EPE;119;3347;12534;12849;52;1430;1927;30331
2013-03;Região de Saúde Norte;CHU São João;347;6858;24972;13844;1194;519;22839;47734
2013-03;Região de Saúde Norte;CHU Porto;251;3163;19373;5011;172;496;3190;28466
2013-03;Região de Saúde Norte;CH Entre Douro e Vouga;211;4507;19821;9740;155;9899;1118;44333
2013-03;Região de Saúde Norte;Centro Hospitalar Tâmega e Sousa, EPE;409;5368;20514;22121;251;1994;320;50657
2013-03;Região de Saúde Norte;Hospital Santa Maria Maior, EPE;39;1280;6505;10489;82;752;0;19147
2013-03;Região de Saúde Norte;ULS Matosinhos;119;3080;9767;6143;343;413;30;19865
2013-03;Região de Saúde Norte;Unidade Local de Saúde do Alto Minho, EPE;156;5519;19660;14750;66;179;0;40330
2013-03;Região de Saúde LVT;CH Setúbal;93;2250;10432;4910;38;1555;14090;19278
2013-03;Região de Saúde LVT;Hospital Garcia de Orta;173;3562;9529;7545;209;421;15683;21439
2013-03;Região de Saúde Norte;CH Trás-os-Montes Alto Douro;192;4662;23142;12336;624;4004;114;44960
2013-03;Região de Saúde Norte;CH Vila Nova Gaia/Espinho;168;4856;21475;13959;197;2087;240;42742
2013-03;Região de Saúde Norte;Hospital de Braga;205;5174;25099;15108;293;0;141;45879
2013-02;Região de Saúde do Alentejo;ULS Litoral Alentejano;0;0;0;0;0;0;15819;0
2013-02;Região de Saúde do Centro;Centro Hospitalar do Baixo Vouga, EPE;178;4012;15507;7634;82;1282;18;28695
2013-02;Região de Saúde LVT;Centro Hospitalar do Oeste, EPE;111;3265;10397;10191;61;2023;11226;26048
2013-02;Região de Saúde LVT;CHU Lisboa Norte;141;3175;10452;12524;843;765;7809;27900
2013-02;Região de Saúde Norte;CH Vila Nova Gaia/Espinho;109;3122;14081;9270;135;1355;153;28072
2013-02;Região de Saúde Norte;ULS Matosinhos;81;2045;6358;4019;249;259;8;13011
2013-02;Região de Saúde do Alentejo;ULS Norte Alentejano;59;1661;4456;8406;53;434;166;15069
2013-02;Região de Saúde do Algarve;CHU Algarve;61;1762;6473;3008;42;843;9460;12189
2013-02;Região de Saúde LVT;Centro Hospitalar de Lisboa Ocidental, EPE;84;1433;6943;6462;114;360;12020;15396
2013-02;Região de Saúde LVT;Hospital de Loures;83;2942;10861;17057;327;82;52;31352
2013-02;Região de Saúde Norte;CHU São João;234;4584;16439;9001;771;337;15476;31366
2013-02;Região de Saúde Norte;CH Póvoa Varzim/Vila Conde;47;1373;4484;7813;71;281;0;14069
2013-02;Região de Saúde Norte;CH Trás-os-Montes Alto Douro;118;3008;15288;8267;439;2747;48;29867
2013-02;Região de Saúde Norte;Hospital Santa Maria Maior, EPE;24;851;4356;7475;56;508;0;13270
2013-02;Região de Saúde Norte;Unidade Local de Saúde do Nordeste, EPE;0;0;0;0;0;0;20444;0
2013-02;Região de Saúde do Centro;Hospital Figueira Foz;37;1048;6315;5158;33;143;6;12734
2013-02;Região de Saúde LVT;Centro Hospitalar Médio Tejo, EPE;160;3378;11069;11478;113;699;0;26897
2013-02;Região de Saúde LVT;Hospital Vila Franca Xira;78;2550;6751;8630;64;5;14;18078
2013-02;Região de Saúde Norte;CHU Porto;169;2112;12743;3101;113;355;2074;18593
2013-02;Região de Saúde Norte;Centro Hospitalar Tâmega e Sousa, EPE;276;3635;13837;14941;168;1359;218;34216
2013-02;Região de Saúde Norte;Hospital de Braga;144;3540;16932;9969;174;0;110;30759
2013-02;Região de Saúde Norte;Unidade Local de Saúde do Alto Minho, EPE;95;3659;12949;9898;42;141;0;26784
2013-02;Região de Saúde do Alentejo;ULS Baixo Alentejo;44;1230;4864;1090;53;453;12842;7734
2013-02;Região de Saúde do Centro;CHU Cova da Beira;24;417;5315;3629;26;259;3959;9670
2013-02;Região de Saúde LVT;CHU Lisboa Central;129;2280;14508;22348;240;694;3513;40199
2013-02;Região de Saúde LVT;CH Setúbal;53;1438;6901;3340;21;1041;9656;12794
2013-02;Região de Saúde LVT;Hospital Distrital de Santarém, EPE;87;2315;8315;8598;37;945;1167;20297
2013-02;Região de Saúde LVT;Hospital Garcia de Orta;95;2277;6340;4917;130;308;10200;14067
2013-02;Região de Saúde Norte;CH Alto Ave;81;2873;8649;12743;181;1020;40;25547
2013-02;Região de Saúde do Alentejo;Hospital Espírito Santo Évora;48;1161;3723;2737;56;510;4242;8235
2013-02;Região de Saúde do Centro;CH Leiria;107;1787;14100;13727;414;219;0;30354
2013-02;Região de Saúde do Centro;CHU Coimbra;251;5252;18917;7713;61;862;16081;33056
2013-02;Região de Saúde do Centro;CH Tondela-Viseu;134;3188;9504;6342;112;907;8722;20187
2013-02;Região de Saúde do Centro;ULS Guarda;0;0;0;0;0;0;14578;0
2013-02;Região de Saúde do Centro;ULS Castelo Branco;38;1024;5577;3887;48;320;0;10894
2013-02;Região de Saúde LVT;CH Barreiro/Montijo;93;1160;6161;3724;39;721;4;11898
2013-02;Região de Saúde LVT;Hospital Fernando Fonseca;247;6446;13269;20693;772;2215;292;43642
2013-02;Região de Saúde Norte;CH Entre Douro e Vouga;125;2909;12900;6255;112;6500;828;28801
2013-01;Região de Saúde do Alentejo;ULS Litoral Alentejano;0;0;0;0;0;0;8247;0
2013-01;Região de Saúde do Centro;CH Leiria;47;965;7370;7059;218;123;0;15782
2013-01;Região de Saúde LVT;CHU Lisboa Central;62;1218;7628;11463;129;404;1831;20904
2013-01;Região de Saúde LVT;Centro Hospitalar do Oeste, EPE;57;1570;5507;5636;37;518;6192;13325
2013-01;Região de Saúde LVT;CHU Lisboa Norte;80;1621;5542;6671;465;423;4050;14802
2013-01;Região de Saúde LVT;Hospital Fernando Fonseca;117;3538;6969;10947;422;1054;148;23047
2013-01;Região de Saúde Norte;Centro Hospitalar Tâmega e Sousa, EPE;144;1902;7237;7815;89;712;112;17899
2013-01;Região de Saúde Norte;Hospital de Braga;71;2002;9115;5180;104;0;55;16472
2013-01;Região de Saúde Norte;Hospital Santa Maria Maior, EPE;10;481;2369;4179;38;280;0;7357
2013-01;Região de Saúde do Alentejo;ULS Norte Alentejano;35;880;2326;4441;26;224;25;7932
2013-01;Região de Saúde do Centro;Centro Hospitalar do Baixo Vouga, EPE;93;2112;8150;3927;38;698;10;15018
2013-01;Região de Saúde do Centro;ULS Guarda;28;679;2484;3375;40;429;321;7035
2013-01;Região de Saúde do Centro;ULS Castelo Branco;21;528;2955;1917;24;171;0;5616
2013-01;Região de Saúde LVT;Centro Hospitalar Médio Tejo, EPE;90;1757;5722;6215;53;348;0;14185
2013-01;Região de Saúde LVT;Hospital Vila Franca Xira;46;1374;3549;4498;37;2;8;9506
2013-01;Região de Saúde Norte;CHU Porto;85;1095;6618;1617;70;188;1075;9673
2013-01;Região de Saúde Norte;Unidade Local de Saúde do Nordeste, EPE;0;0;0;0;0;0;8404;0
2013-01;Região de Saúde do Centro;CHU Coimbra;119;2856;9827;3947;38;469;8528;17256
2013-01;Região de Saúde do Centro;CH Tondela-Viseu;96;2273;7214;4492;129;981;109;15185
2013-01;Região de Saúde LVT;CH Setúbal;30;719;3547;1740;9;627;4990;6672
2013-01;Região de Saúde LVT;Hospital de Loures;47;1588;5600;8761;185;46;29;16227
2013-01;Região de Saúde Norte;CH Alto Ave;42;1531;4647;6795;145;555;12;13715
2013-01;Região de Saúde Norte;CH Entre Douro e Vouga;66;1579;6860;3196;60;3449;550;15210
2013-01;Região de Saúde do Algarve;CHU Algarve;32;962;3643;1521;27;433;4883;6618
2013-01;Região de Saúde do Centro;Hospital Figueira Foz;20;582;3407;2755;18;80;5;6862
2013-01;Região de Saúde LVT;CH Barreiro/Montijo;42;641;3363;1867;21;397;1;6331
2013-01;Região de Saúde LVT;Centro Hospitalar de Lisboa Ocidental, EPE;41;734;3662;3451;61;206;6031;8155
2013-01;Região de Saúde LVT;Hospital Distrital de Santarém, EPE;45;1224;4334;4462;21;488;697;10574
2013-01;Região de Saúde Norte;Unidade Local de Saúde do Alto Minho, EPE;56;1991;6922;5202;22;98;0;14291
2013-01;Região de Saúde do Alentejo;ULS Baixo Alentejo;28;676;2568;591;29;238;6680;4130
2013-01;Região de Saúde do Centro;CHU Cova da Beira;10;247;2802;1910;15;149;2099;5133
2013-01;Região de Saúde LVT;Hospital Garcia de Orta;49;1276;3292;2650;64;175;5259;7506
2013-01;Região de Saúde Norte;CHU São João;127;2403;8459;4689;433;159;8421;16270
2013-01;Região de Saúde Norte;CH Póvoa Varzim/Vila Conde;30;812;2476;4223;35;148;0;7724
2013-01;Região de Saúde Norte;CH Vila Nova Gaia/Espinho;60;1604;7365;4951;64;735;86;14779
2013-01;Região de Saúde Norte;ULS Matosinhos;49;1136;3395;2081;150;136;4;6947
