Período;TimeKey;RegiaoID;InstituicaoID;Atendimentos_Vermelha;Atendimentos_Laranja;Atendimentos_Amarela;Atendimentos_Verde;Atendimentos_Azul;Atendimentos_Branca;Atendimentos_SemTriagem;TotalAtendimentos;Médicos;MedicosInternos;Enfermeiros;Despesa;NumDoentes;CustoMedio
2026-05;20260501;3;32;162;6470;19826;24710;406;23;0;51597;0;0;0;0.0;0;0.0
2026-05;20260501;3;36;200;6070;25167;14223;556;2035;210;48251;382;187;1062;0.0;0;0.0
2026-05;20260501;2;37;57;1862;17868;7278;138;823;22;28026;172;112;622;0.0;0;0.0
2026-05;20260501;3;39;216;6520;25465;8557;645;542;74;41945;294;84;892;0.0;0;0.0
2026-05;20260501;2;41;264;9275;42349;9832;956;3823;172;66499;550;288;1181;0.0;0;0.0
2026-05;20260501;1;53;147;5365;17465;5145;1146;70;3918;29338;0;0;0;0.0;0;0.0
2026-05;20260501;3;71;266;5780;30352;20616;377;2215;147;59606;271;94;1008;0.0;0;0.0
2026-05;20260501;2;35;68;2045;14416;10377;458;767;33;28131;140;58;564;0.0;0;0.0
2026-05;20260501;2;42;403;6533;36447;17047;760;1148;258;62338;504;213;1374;0.0;0;0.0
2026-05;20260501;2;49;235;7185;38722;18018;1966;10;4692;66136;0;0;0;0.0;0;0.0
2026-05;20260501;3;52;115;4430;21380;10001;613;95;6682;36634;432;233;688;0.0;0;0.0
2026-05;20260501;1;55;283;5843;34048;9241;1236;926;3218;51577;1144;708;2197;0.0;0;0.0
2026-05;20260501;4;60;136;5430;16752;15073;794;1598;120;39783;320;122;878;0.0;0;0.0
2026-05;20260501;4;62;106;3383;16092;14160;361;1057;53;35159;146;28;627;0.0;0;0.0
2026-05;20260501;4;69;94;2848;15276;15312;613;1005;0;35148;0;0;0;0.0;0;0.0
2026-05;20260501;3;74;196;7468;30379;17388;628;588;2807;56647;256;98;898;0.0;0;0.0
2026-05;20260501;2;48;606;14508;55576;23809;912;1909;227;97320;1396;829;3847;0.0;0;0.0
2026-05;20260501;1;50;287;9593;46524;9236;401;75;64;66116;621;328;1201;0.0;0;0.0
2026-05;20260501;3;51;150;4151;20545;23706;1198;1560;3582;51310;945;568;1824;0.0;0;0.0
2026-05;20260501;3;65;163;4686;24173;20238;599;1886;396;51745;282;148;863;0.0;0;0.0
2026-05;20260501;1;75;410;11444;40877;16885;891;2800;4675;73307;706;309;1582;0.0;0;0.0
2026-05;20260501;1;46;358;7588;41827;22150;279;3040;414;75242;853;469;1690;0.0;0;0.0
2026-05;20260501;3;54;421;10036;33604;24750;1014;1055;1372;70880;1086;748;2359;0.0;0;0.0
2026-05;20260501;1;58;194;8002;54713;21840;502;2588;4;87839;586;295;1640;0.0;0;0.0
2026-05;20260501;1;59;217;5881;44286;15862;557;1712;578;68515;0;0;0;0.0;0;0.0
2026-05;20260501;5;61;470;17357;65619;52161;2360;3838;1352;141805;729;451;2331;0.0;0;0.0
2026-05;20260501;1;63;102;4785;24092;23129;645;4727;233;57480;566;285;1288;0.0;0;0.0
2026-05;20260501;4;66;125;4916;24531;14514;504;548;69;45138;0;0;0;0.0;0;0.0
2026-05;20260501;2;67;60;2419;14336;6669;60;403;61;23947;184;93;391;0.0;0;0.0
2026-05;20260501;1;72;141;3679;28409;6090;285;1598;95;40202;0;0;0;0.0;0;0.0
2026-05;20260501;2;38;133;3664;20855;14758;753;514;42;40677;0;0;0;0.0;0;0.0
2026-05;20260501;1;40;149;2805;14608;8166;451;6;78;26185;261;99;498;0.0;0;0.0
2026-05;20260501;3;43;323;7151;29652;18606;921;1943;2147;58596;643;336;1333;0.0;0;0.0
2026-05;20260501;3;44;329;11163;30139;42638;1462;2088;997;87819;735;409;1604;0.0;0;0.0
2026-05;20260501;1;45;61;2133;11063;11625;591;231;6;25704;196;88;436;0.0;0;0.0
2026-05;20260501;1;57;497;10092;39152;14284;2507;0;38373;66532;0;0;0;0.0;0;0.0
2026-05;20260501;3;56;367;6921;51965;27540;1780;1555;1641;90128;1451;748;3112;0.0;0;0.0
2026-05;20260501;1;64;254;7406;34603;16274;397;1249;13;60183;0;0;0;0.0;0;0.0
2026-05;20260501;3;68;131;3575;23455;9315;481;1292;214;38249;279;129;631;0.0;0;0.0
2026-05;20260501;1;70;143;4683;28191;8916;286;990;0;43209;362;151;781;0.0;0;0.0
2026-04;20260401;3;52;90;3477;16777;7848;481;75;5244;28748;432;234;688;0.0;0;0.0
2026-04;20260401;1;53;118;4262;13721;3977;951;46;3106;23075;0;0;0;0.0;0;0.0
2026-04;20260401;1;64;213;5971;27321;12754;323;1020;10;47602;0;0;0;0.0;0;0.0
2026-04;20260401;3;68;101;2845;18348;7170;364;1163;180;29991;276;132;629;0.0;0;0.0
2026-04;20260401;1;75;339;9451;33512;14241;860;2225;4064;60628;707;311;1533;0.0;0;0.0
2026-04;20260401;2;35;58;1632;11388;8211;377;612;25;22278;142;58;564;0.0;0;0.0
2026-04;20260401;3;43;260;5810;23797;14628;716;1620;884;46831;646;343;1328;0.0;0;0.0
2026-04;20260401;1;45;55;1707;8712;9075;431;188;4;20168;197;88;435;0.0;0;0.0
2026-04;20260401;1;50;218;7638;36249;7312;311;60;49;51788;618;331;1201;0.0;0;0.0
2026-04;20260401;3;51;128;3373;16415;18638;927;1253;2821;40734;947;579;1829;0.0;0;0.0
2026-04;20260401;1;55;224;4580;26260;7206;945;684;3054;39899;1146;713;2190;0.0;0;0.0
2026-04;20260401;1;59;179;4703;35082;12235;428;1353;274;53980;0;0;0;0.0;0;0.0
2026-04;20260401;4;60;110;4292;13180;11826;604;1266;97;31278;325;125;879;0.0;0;0.0
2026-04;20260401;2;67;50;1910;11165;5126;51;307;48;18609;184;94;394;0.0;0;0.0
2026-04;20260401;3;71;226;4618;23761;16280;295;1722;116;46902;271;94;1006;0.0;0;0.0
2026-04;20260401;3;36;160;4874;19610;11297;430;1608;206;37979;383;188;1063;0.0;0;0.0
2026-04;20260401;2;37;43;1464;13905;5664;99;640;16;21815;171;113;617;0.0;0;0.0
2026-04;20260401;2;38;111;2954;16685;11572;603;426;37;32351;0;0;0;0.0;0;0.0
2026-04;20260401;1;40;122;2247;11320;6693;350;4;60;20736;260;100;498;0.0;0;0.0
2026-04;20260401;2;41;215;7522;33276;7477;737;3020;132;52247;548;290;1180;0.0;0;0.0
2026-04;20260401;5;61;375;13592;51185;40909;1857;2974;1019;110892;728;459;2338;0.0;0;0.0
2026-04;20260401;4;66;98;3869;19210;11310;408;435;58;35330;0;0;0;0.0;0;0.0
2026-04;20260401;4;69;79;2246;11954;12054;474;779;0;27586;0;0;0;0.0;0;0.0
2026-04;20260401;1;70;120;3735;22171;7046;228;752;0;34052;362;154;776;0.0;0;0.0
2026-04;20260401;1;72;111;2947;22713;4866;237;1308;81;32182;0;0;0;0.0;0;0.0
2026-04;20260401;2;42;331;5279;28633;13336;591;946;208;49116;507;216;1373;0.0;0;0.0
2026-04;20260401;3;44;259;8944;23737;33190;1166;1629;901;68925;740;410;1612;0.0;0;0.0
2026-04;20260401;2;48;475;11502;43701;18656;710;1530;183;76574;1402;854;3845;0.0;0;0.0
2026-04;20260401;3;54;323;8034;26534;19239;798;833;1122;55761;1094;762;2359;0.0;0;0.0
2026-04;20260401;1;57;399;8072;30869;11009;1968;0;30243;52317;0;0;0;0.0;0;0.0
2026-04;20260401;1;58;155;6464;43307;17090;400;2071;3;69487;588;296;1644;0.0;0;0.0
2026-04;20260401;4;62;81;2710;12706;10953;267;851;41;27568;146;31;626;0.0;0;0.0
2026-04;20260401;3;65;142;3790;19172;15952;482;1535;329;41073;284;153;860;0.0;0;0.0
2026-04;20260401;3;32;138;5101;15549;19443;315;23;0;40569;0;0;0;0.0;0;0.0
2026-04;20260401;3;39;181;5246;19947;6608;499;413;74;32894;284;97;897;0.0;0;0.0
2026-04;20260401;1;46;283;5927;31825;16962;226;2363;322;57586;856;473;1700;0.0;0;0.0
2026-04;20260401;2;49;194;6530;26684;16188;1761;9;4537;51366;0;0;0;0.0;0;0.0
2026-04;20260401;3;56;297;5494;41174;21699;1376;1171;1308;71211;1451;762;3107;0.0;0;0.0
2026-04;20260401;1;63;75;3830;18973;18064;512;3638;183;45092;568;286;1289;0.0;0;0.0
2026-04;20260401;3;74;154;6033;23771;13366;491;491;2089;44306;257;100;901;0.0;0;0.0
2026-03;20260301;2;35;49;1241;8362;6259;291;463;19;16665;142;58;553;0.0;0;0.0
2026-03;20260301;3;56;221;4130;30280;15671;973;828;1011;52103;1459;764;3122;0.0;0;0.0
2026-03;20260301;5;61;296;10060;37906;30298;1357;2163;775;82080;728;468;2344;0.0;0;0.0
2026-03;20260301;2;42;272;3925;21150;9684;420;724;159;36175;510;217;1373;0.0;0;0.0
2026-03;20260301;3;43;197;4443;17371;10328;447;1200;91;33986;645;344;1328;0.0;0;0.0
2026-03;20260301;2;49;138;4876;19483;11520;1316;8;3758;37341;0;0;0;0.0;0;0.0
2026-03;20260301;1;50;159;5599;26508;5447;216;41;34;37970;622;333;1200;0.0;0;0.0
2026-03;20260301;3;52;64;2463;11886;5560;341;53;3715;20367;434;234;687;0.0;0;0.0
2026-03;20260301;1;57;297;6021;22642;8117;1496;0;22534;38573;0;0;0;0.0;0;0.0
2026-03;20260301;1;59;138;3526;26028;8990;300;1018;223;40000;0;0;0;0.0;0;0.0
2026-03;20260301;4;62;69;2010;9444;8060;205;605;31;20393;146;32;624;0.0;0;0.0
2026-03;20260301;1;64;170;4427;20296;9448;240;748;10;35329;0;0;0;0.0;0;0.0
2026-03;20260301;4;66;76;2916;14145;8459;302;337;47;26235;0;0;0;0.0;0;0.0
2026-03;20260301;3;68;67;2144;13386;5078;267;1011;146;21953;277;132;633;0.0;0;0.0
2026-03;20260301;3;71;188;3494;17595;12043;213;1329;90;34862;271;94;1003;0.0;0;0.0
2026-03;20260301;3;74;123;4633;17665;9645;335;377;1392;32778;258;101;903;0.0;0;0.0
2026-03;20260301;1;75;263;7027;24571;10502;625;1600;2992;44588;710;310;1551;0.0;0;0.0
2026-03;20260301;3;32;108;3962;11463;14464;240;21;0;30258;0;0;0;0.0;0;0.0
2026-03;20260301;3;36;125;3701;14504;8440;318;1170;149;28258;383;189;1059;0.0;0;0.0
2026-03;20260301;2;38;87;2292;12493;8671;442;326;30;24311;0;0;0;0.0;0;0.0
2026-03;20260301;1;40;95;1681;8264;5274;269;3;37;15586;261;101;495;0.0;0;0.0
2026-03;20260301;2;48;344;8691;32374;13784;514;1153;127;56860;1413;856;3842;0.0;0;0.0
2026-03;20260301;3;51;101;2520;12314;13729;651;894;2077;30209;947;582;1839;0.0;0;0.0
2026-03;20260301;1;53;93;3256;10147;2955;717;28;2305;17196;0;0;0;0.0;0;0.0
2026-03;20260301;1;55;162;3334;19068;5155;642;493;2745;28854;1148;715;2193;0.0;0;0.0
2026-03;20260301;1;58;127;4921;31831;12800;282;1501;3;51462;589;297;1645;0.0;0;0.0
2026-03;20260301;4;60;95;3235;9723;8794;443;977;65;23267;330;127;880;0.0;0;0.0
2026-03;20260301;3;65;107;2866;14276;11950;367;1169;259;30735;286;153;862;0.0;0;0.0
2026-03;20260301;1;70;95;2737;16231;5207;166;503;0;24939;359;154;769;0.0;0;0.0
2026-03;20260301;2;37;31;1121;10225;4223;65;463;9;16128;170;113;612;0.0;0;0.0
2026-03;20260301;1;46;224;4613;24164;12860;182;1796;244;43839;865;475;1714;0.0;0;0.0
2026-03;20260301;1;63;62;2933;14109;13409;375;2683;137;33571;568;286;1290;0.0;0;0.0
2026-03;20260301;2;67;40;1419;8208;3755;35;219;35;13676;183;94;393;0.0;0;0.0
2026-03;20260301;4;69;57;1669;8873;8963;322;556;0;20440;0;0;0;0.0;0;0.0
2026-03;20260301;3;39;146;4019;14690;4837;351;312;59;24355;284;97;894;0.0;0;0.0
2026-03;20260301;2;41;154;5693;24519;5404;524;2232;92;38526;549;290;1178;0.0;0;0.0
2026-03;20260301;3;44;202;6732;17707;24306;904;1166;772;51017;746;411;1601;0.0;0;0.0
2026-03;20260301;1;45;43;1230;6465;6683;312;137;4;14870;193;88;436;0.0;0;0.0
2026-03;20260301;3;54;230;5978;19653;14304;578;611;818;41354;1090;768;2374;0.0;0;0.0
2026-03;20260301;1;72;78;2242;17002;3720;180;977;61;24199;0;0;0;0.0;0;0.0
2026-02;20260201;2;35;34;799;5414;4113;189;270;12;10819;142;58;552;0.0;0;0.0
2026-02;20260201;2;37;25;766;6521;2749;49;318;3;10428;169;113;607;0.0;0;0.0
2026-02;20260201;2;42;171;2566;13337;5965;239;525;103;22803;510;217;1369;0.0;0;0.0
2026-02;20260201;3;51;72;1620;7803;8546;418;585;1315;19044;952;585;1847;0.0;0;0.0
2026-02;20260201;1;58;88;3208;20759;8096;173;970;2;33294;582;302;1646;0.0;0;0.0
2026-02;20260201;1;59;82;2298;16167;5364;171;673;122;24755;0;0;0;0.0;0;0.0
2026-02;20260201;4;69;37;1100;5593;5669;195;361;0;12955;0;0;0;0.0;0;0.0
2026-02;20260201;1;75;172;4470;15372;6471;416;935;1898;27836;703;316;1548;0.0;0;0.0
2026-02;20260201;1;40;68;1094;5140;3572;164;1;26;10039;260;102;495;0.0;0;0.0
2026-02;20260201;3;44;149;4305;11185;15032;577;713;641;31961;754;412;1595;0.0;0;0.0
2026-02;20260201;3;54;145;3877;12379;8902;394;413;524;26110;1091;780;2369;0.0;0;0.0
2026-02;20260201;4;62;42;1375;6050;5221;127;386;21;13201;145;33;623;0.0;0;0.0
2026-02;20260201;2;67;26;940;5142;2317;23;143;27;8591;183;94;393;0.0;0;0.0
2026-02;20260201;2;38;61;1511;7947;5703;270;192;20;15684;0;0;0;0.0;0;0.0
2026-02;20260201;3;43;120;2768;10835;6309;282;762;49;21076;645;346;1327;0.0;0;0.0
2026-02;20260201;1;57;193;3786;14488;5001;886;0;14141;24354;0;0;0;0.0;0;0.0
2026-02;20260201;3;56;148;2678;19718;9882;653;532;681;33611;1458;774;3133;0.0;0;0.0
2026-02;20260201;4;60;67;2106;6131;5809;296;659;42;15068;326;128;881;0.0;0;0.0
2026-02;20260201;3;68;46;1323;8393;3009;164;752;104;13687;276;135;637;0.0;0;0.0
2026-02;20260201;3;71;137;2375;11122;7627;145;853;55;22259;271;95;1007;0.0;0;0.0
2026-02;20260201;1;72;52;1493;11292;2423;115;650;42;16025;0;0;0;0.0;0;0.0
2026-02;20260201;3;74;77;3044;11097;5821;216;250;781;20505;257;102;904;0.0;0;0.0
2026-02;20260201;3;39;113;2695;9343;3057;214;200;36;15622;285;97;897;0.0;0;0.0
2026-02;20260201;1;45;33;794;4096;4069;190;92;4;9274;193;88;436;0.0;0;0.0
2026-02;20260201;1;46;149;3037;15735;8140;134;1201;163;28396;867;476;1705;0.0;0;0.0
2026-02;20260201;3;52;51;1623;7703;3630;226;36;2571;13269;435;233;693;0.0;0;0.0
2026-02;20260201;3;65;75;1827;9163;7655;260;794;166;19774;287;153;863;0.0;0;0.0
2026-02;20260201;4;66;58;1923;8926;5520;188;203;33;16818;0;0;0;0.0;0;0.0
2026-02;20260201;3;32;69;2560;7314;9278;163;17;0;19401;0;0;0;0.0;0;0.0
2026-02;20260201;3;36;86;2378;9135;5373;214;754;91;17940;383;189;1059;0.0;0;0.0
2026-02;20260201;2;41;104;3688;15536;3288;328;1438;61;24382;548;290;1182;0.0;0;0.0
2026-02;20260201;2;48;225;5558;20479;8683;314;769;49;36028;1417;859;3822;0.0;0;0.0
2026-02;20260201;2;49;83;3196;12401;7201;856;4;2637;23741;0;0;0;0.0;0;0.0
2026-02;20260201;1;50;98;3653;16598;3244;112;23;13;23728;612;337;1201;0.0;0;0.0
2026-02;20260201;1;53;67;2147;6469;1829;467;15;1499;10994;0;0;0;0.0;0;0.0
2026-02;20260201;1;55;103;2159;11749;3071;290;297;2562;17669;1145;721;2206;0.0;0;0.0
2026-02;20260201;5;61;200;6535;24518;19296;833;1414;605;52796;730;470;2347;0.0;0;0.0
2026-02;20260201;1;63;37;1886;9000;8534;277;1718;74;21452;567;286;1293;0.0;0;0.0
2026-02;20260201;1;64;115;2883;12761;6099;146;494;4;22498;0;0;0;0.0;0;0.0
2026-02;20260201;1;70;64;1795;10202;3360;122;303;0;15846;359;154;763;0.0;0;0.0
2026-01;20260101;3;32;32;1357;3681;4711;94;9;0;9884;0;0;0;0.0;0;0.0
2026-01;20260101;2;37;13;433;3355;1401;19;171;2;5392;169;114;607;0.0;0;0.0
2026-01;20260101;2;38;36;863;4285;3083;137;84;12;8488;0;0;0;0.0;0;0.0
2026-01;20260101;3;39;76;1542;4802;1617;116;85;19;8238;287;97;899;0.0;0;0.0
2026-01;20260101;2;42;99;1380;6942;3157;135;285;63;11998;506;220;1368;0.0;0;0.0
2026-01;20260101;2;48;128;2972;10648;4508;177;450;49;18883;1418;867;3827;0.0;0;0.0
2026-01;20260101;2;49;52;1732;6504;3898;457;3;1168;12646;0;0;0;0.0;0;0.0
2026-01;20260101;1;50;52;1965;8249;1572;52;6;10;11896;616;328;1196;0.0;0;0.0
2026-01;20260101;4;60;44;1229;3229;3196;153;364;24;8215;326;128;883;0.0;0;0.0
2026-01;20260101;5;61;109;3488;12899;9987;451;715;258;27649;734;476;2355;0.0;0;0.0
2026-01;20260101;4;69;21;643;3081;3088;115;178;0;7126;0;0;0;0.0;0;0.0
2026-01;20260101;1;70;36;1012;5323;1633;47;139;0;8190;360;156;762;0.0;0;0.0
2026-01;20260101;1;75;86;2330;7844;3323;200;521;959;14304;701;319;1549;0.0;0;0.0
2026-01;20260101;1;40;41;604;2461;1825;93;0;13;5024;259;103;496;0.0;0;0.0
2026-01;20260101;3;43;60;1551;5573;3062;136;414;17;10796;644;345;1326;0.0;0;0.0
2026-01;20260101;1;46;69;1255;7270;5400;76;601;86;14671;854;485;1705;0.0;0;0.0
2026-01;20260101;1;57;93;2061;7511;2521;420;0;7331;12606;0;0;0;0.0;0;0.0
2026-01;20260101;3;71;75;1282;5864;4073;67;468;31;11829;273;94;1012;0.0;0;0.0
2026-01;20260101;1;45;19;427;2068;2098;92;40;2;4744;194;88;438;0.0;0;0.0
2026-01;20260101;1;53;33;1114;3224;902;232;5;828;5510;0;0;0;0.0;0;0.0
2026-01;20260101;3;54;80;2029;6349;4420;201;214;264;13293;1090;786;2365;0.0;0;0.0
2026-01;20260101;1;58;55;1727;11299;4288;81;483;2;17933;582;305;1650;0.0;0;0.0
2026-01;20260101;1;63;21;1043;4691;4234;128;898;27;11015;562;287;1295;0.0;0;0.0
2026-01;20260101;1;64;67;1537;6647;3113;64;252;3;11680;0;0;0;0.0;0;0.0
2026-01;20260101;3;74;52;1661;5849;3133;130;148;395;10973;257;106;906;0.0;0;0.0
2026-01;20260101;2;35;22;437;2875;2205;75;120;6;5734;142;58;552;0.0;0;0.0
2026-01;20260101;3;44;78;2309;5596;7485;283;375;440;16126;740;423;1595;0.0;0;0.0
2026-01;20260101;3;51;31;866;3867;4388;245;308;684;9705;949;590;1852;0.0;0;0.0
2026-01;20260101;3;52;31;820;3777;1799;130;13;1436;6570;435;235;700;0.0;0;0.0
2026-01;20260101;3;56;71;1407;10209;5245;370;298;357;17600;1455;784;3141;0.0;0;0.0
2026-01;20260101;1;59;41;1238;8341;2735;86;357;66;12798;0;0;0;0.0;0;0.0
2026-01;20260101;2;67;17;517;2805;1215;12;71;20;4637;186;94;394;0.0;0;0.0
2026-01;20260101;3;68;23;701;4336;1462;92;360;63;6974;277;136;633;0.0;0;0.0
2026-01;20260101;1;72;28;806;6319;1308;70;317;29;8848;0;0;0;0.0;0;0.0
2026-01;20260101;3;36;41;1319;4722;2791;105;389;77;9367;380;193;1060;0.0;0;0.0
2026-01;20260101;2;41;55;2020;8025;1630;168;739;32;12637;548;290;1184;0.0;0;0.0
2026-01;20260101;1;55;58;1144;5980;1555;128;130;1459;8995;1138;733;2208;0.0;0;0.0
2026-01;20260101;4;62;26;758;3172;2850;67;199;11;7072;145;33;619;0.0;0;0.0
2026-01;20260101;3;65;39;1014;4706;4092;157;399;93;10407;284;155;860;0.0;0;0.0
2026-01;20260101;4;66;40;1022;4622;3061;86;115;19;8946;0;0;0;0.0;0;0.0
2025-12;20251201;3;36;450;14035;57792;37279;1571;4378;5294;115505;384;180;1064;0.0;0;0.0
2025-12;20251201;2;37;108;4817;43095;17066;228;2549;114;67863;169;105;607;0.0;0;0.0
2025-12;20251201;3;39;410;15185;57726;21735;1192;6295;167;102543;289;77;899;0.0;0;0.0
2025-12;20251201;3;44;727;25988;70873;110371;3412;4216;3104;215587;743;354;1602;0.0;0;0.0
2025-12;20251201;2;48;1487;36087;140430;56442;2154;6643;1977;243243;1416;748;3828;0.0;0;0.0
2025-12;20251201;3;51;334;10197;53894;52539;2980;3900;8490;123844;947;477;1864;0.0;0;0.0
2025-12;20251201;1;57;1169;23667;94315;34889;6282;0;89200;160322;0;0;0;0.0;0;0.0
2025-12;20251201;4;69;230;7242;39832;39943;1807;2783;0;91837;0;0;0;0.0;0;0.0
2025-12;20251201;3;71;591;13735;74243;54390;1164;5535;405;149658;272;84;1012;0.0;0;0.0
2025-12;20251201;2;35;134;4795;32766;26742;1332;1828;67;67597;146;52;550;0.0;0;0.0
2025-12;20251201;1;46;921;16634;96368;71582;1014;7968;1146;194487;857;396;1680;0.0;0;0.0
2025-12;20251201;3;54;990;22831;83080;64187;2963;2678;3313;176729;1098;677;2372;0.0;0;0.0
2025-12;20251201;5;61;1067;45835;172208;134402;5097;11714;5059;370323;738;438;2363;0.0;0;0.0
2025-12;20251201;1;63;203;10905;61233;54054;1422;11581;685;139398;563;228;1296;0.0;0;0.0
2025-12;20251201;2;42;965;16024;88589;36658;1695;5352;747;149283;510;197;1372;0.0;0;0.0
2025-12;20251201;2;49;586;20089;81921;50446;4664;708;16319;158414;0;0;0;0.0;0;0.0
2025-12;20251201;1;50;621;24820;117557;28629;1141;214;299;172982;616;271;1197;0.0;0;0.0
2025-12;20251201;3;56;909;16965;127121;70627;5460;4261;3057;225343;1459;680;3155;0.0;0;0.0
2025-12;20251201;1;64;584;16855;82003;44757;1104;2704;47;148007;0;0;0;0.0;0;0.0
2025-12;20251201;4;66;313;11670;60468;37459;1281;1220;253;112411;0;0;0;0.0;0;0.0
2025-12;20251201;1;70;338;11002;69791;23288;935;1990;12;107344;363;124;760;0.0;0;0.0
2025-12;20251201;1;72;351;8827;71663;15508;782;4244;344;101375;0;0;0;0.0;0;0.0
2025-12;20251201;3;32;375;16005;49768;64846;1042;136;0;132172;0;0;0;0.0;0;0.0
2025-12;20251201;2;41;620;22849;104571;23583;2241;8265;413;162129;549;235;1185;0.0;0;0.0
2025-12;20251201;3;43;778;16313;66184;41444;1635;4273;3423;130627;650;289;1333;0.0;0;0.0
2025-12;20251201;3;52;248;9040;45936;26408;1111;234;18571;82977;439;193;700;0.0;0;0.0
2025-12;20251201;1;53;266;12930;44530;14243;2227;695;9296;74891;0;0;0;0.0;0;0.0
2025-12;20251201;1;55;685;13275;76532;27554;2120;2282;17111;122448;1148;609;2203;0.0;0;0.0
2025-12;20251201;3;65;304;11099;64723;53208;1742;4405;1009;135481;286;142;863;0.0;0;0.0
2025-12;20251201;2;67;151;5456;38919;18800;179;993;170;64498;186;77;389;0.0;0;0.0
2025-12;20251201;3;68;309;8768;52545;25476;953;5737;292;93788;281;120;633;0.0;0;0.0
2025-12;20251201;3;74;512;17701;75868;44152;1751;1855;4649;141839;258;98;902;0.0;0;0.0
2025-12;20251201;1;75;1023;28391;97953;40087;1209;14897;31480;183560;704;262;1536;0.0;0;0.0
2025-12;20251201;2;38;310;9393;52387;33795;1699;1531;125;99115;0;0;0;0.0;0;0.0
2025-12;20251201;1;40;309;6326;31943;24837;989;1;247;64405;257;85;489;0.0;0;0.0
2025-12;20251201;1;45;123;5029;27097;27263;1129;623;23;61264;194;72;433;0.0;0;0.0
2025-12;20251201;1;58;548;20025;140633;56936;1208;6712;13;226062;585;273;1633;0.0;0;0.0
2025-12;20251201;1;59;490;14281;112039;37193;1658;3964;1270;169625;0;0;0;0.0;0;0.0
2025-12;20251201;4;60;367;14389;39271;37709;1863;3519;335;97118;330;106;884;0.0;0;0.0
2025-12;20251201;4;62;277;8569;44928;30809;874;2194;126;87651;147;28;622;0.0;0;0.0
2025-11;20251101;2;38;280;8479;47647;30195;1566;1400;116;89567;0;0;0;0.0;0;0.0
2025-11;20251101;3;44;671;23384;64996;101508;3193;3846;3027;197598;744;355;1605;0.0;0;0.0
2025-11;20251101;2;48;1359;32729;128518;51501;1990;6164;1911;222261;1419;750;3819;0.0;0;0.0
2025-11;20251101;1;53;242;11728;40925;13228;2056;678;8524;68857;0;0;0;0.0;0;0.0
2025-11;20251101;1;59;436;12882;102528;34148;1576;3582;1201;155152;0;0;0;0.0;0;0.0
2025-11;20251101;1;63;182;9719;55880;49428;1336;10662;623;127207;565;230;1297;0.0;0;0.0
2025-11;20251101;4;66;269;10615;54785;34123;1211;1086;232;102089;0;0;0;0.0;0;0.0
2025-11;20251101;3;71;521;12398;67648;49359;1110;5155;366;136191;271;85;1015;0.0;0;0.0
2025-11;20251101;2;35;119;4353;29809;24603;1234;1656;57;61774;145;53;552;0.0;0;0.0
2025-11;20251101;2;41;542;20234;95066;21322;2109;7497;338;146770;552;238;1175;0.0;0;0.0
2025-11;20251101;3;43;698;14663;60193;37076;1445;3872;322;117947;646;290;1337;0.0;0;0.0
2025-11;20251101;1;45;111;4526;24648;24850;1062;570;17;55767;197;72;434;0.0;0;0.0
2025-11;20251101;1;50;543;22540;107261;26076;1087;206;273;157713;614;271;1186;0.0;0;0.0
2025-11;20251101;3;51;289;9189;49437;47643;2776;3560;7962;112894;951;482;1873;0.0;0;0.0
2025-11;20251101;3;54;895;20591;76278;59470;2765;2477;3073;162476;1101;680;2380;0.0;0;0.0
2025-11;20251101;4;60;330;13045;35996;34223;1749;3206;318;88549;330;105;885;0.0;0;0.0
2025-11;20251101;5;61;954;42332;158497;122739;4796;10870;4865;340188;738;443;2370;0.0;0;0.0
2025-11;20251101;3;65;275;9899;59282;48661;1624;4065;901;123806;284;145;863;0.0;0;0.0
2025-11;20251101;1;70;301;9914;63774;21590;875;1780;12;98234;365;124;759;0.0;0;0.0
2025-11;20251101;3;74;450;16005;69097;40527;1639;1674;4210;129392;258;98;883;0.0;0;0.0
2025-11;20251101;1;75;912;25828;90188;36702;1104;14283;28633;169017;702;263;1518;0.0;0;0.0
2025-11;20251101;2;37;95;4388;39478;15501;219;2299;106;61980;170;105;605;0.0;0;0.0
2025-11;20251101;2;42;859;14565;80929;33356;1563;4897;676;136169;510;198;1376;0.0;0;0.0
2025-11;20251101;1;55;618;11984;70322;25326;1955;2129;15587;112334;1148;611;2195;0.0;0;0.0
2025-11;20251101;1;57;1070;21458;86539;32331;5874;0;80565;147272;0;0;0;0.0;0;0.0
2025-11;20251101;3;56;816;15396;116266;64885;5099;3804;2744;206266;1461;681;3159;0.0;0;0.0
2025-11;20251101;4;62;242;7789;41455;27777;792;1937;110;79992;149;28;619;0.0;0;0.0
2025-11;20251101;3;68;269;8038;48619;23851;895;5390;254;87062;281;120;634;0.0;0;0.0
2025-11;20251101;1;72;311;7988;65085;14116;729;3796;316;92025;0;0;0;0.0;0;0.0
2025-11;20251101;3;32;349;14400;45867;59291;984;125;0;121016;0;0;0;0.0;0;0.0
2025-11;20251101;3;36;398;12603;52914;34086;1455;3958;5294;105414;385;180;1067;0.0;0;0.0
2025-11;20251101;1;46;855;15451;89512;66490;942;7401;1063;180651;857;398;1655;0.0;0;0.0
2025-11;20251101;1;58;491;18236;128076;52024;1081;6159;13;206067;591;274;1633;0.0;0;0.0
2025-11;20251101;3;39;375;13654;52613;20043;1090;6144;154;93919;289;82;898;0.0;0;0.0
2025-11;20251101;1;40;276;5644;28985;22692;929;1;227;58527;255;85;489;0.0;0;0.0
2025-11;20251101;2;49;516;18123;75143;45950;4323;706;13888;144761;0;0;0;0.0;0;0.0
2025-11;20251101;3;52;231;8129;41818;25864;1065;198;13353;77305;439;193;699;0.0;0;0.0
2025-11;20251101;1;64;508;15129;74300;40964;1028;2461;46;134390;0;0;0;0.0;0;0.0
2025-11;20251101;2;67;138;4927;35682;17281;166;907;153;59101;186;77;388;0.0;0;0.0
2025-11;20251101;4;69;210;6616;36358;36350;1642;2537;0;83713;0;0;0;0.0;0;0.0
2025-10;20251001;1;45;106;4102;22270;22579;978;518;13;50553;196;72;430;0.0;0;0.0
2025-10;20251001;3;52;210;7390;38017;23513;968;180;12139;70278;442;194;689;0.0;0;0.0
2025-10;20251001;1;55;558;10888;64038;23349;1818;2000;14163;102651;1150;613;2191;0.0;0;0.0
2025-10;20251001;1;58;451;16618;116622;47508;993;5662;10;187854;594;274;1625;0.0;0;0.0
2025-10;20251001;2;67;126;4542;32528;15627;158;835;142;53816;186;77;385;0.0;0;0.0
2025-10;20251001;3;32;349;14400;45867;59291;984;125;0;121016;0;0;0;0.0;0;0.0
2025-10;20251001;2;38;253;7783;43537;27540;1433;1296;105;81842;0;0;0;0.0;0;0.0
2025-10;20251001;1;40;247;5055;26348;20664;833;1;210;53148;254;85;492;0.0;0;0.0
2025-10;20251001;3;44;599;21171;58790;92757;2939;3534;2980;179790;742;355;1612;0.0;0;0.0
2025-10;20251001;2;48;1232;29801;117042;47078;1843;5661;1865;202657;1421;751;3788;0.0;0;0.0
2025-10;20251001;1;50;492;20549;97790;23949;1032;198;216;144010;619;272;1184;0.0;0;0.0
2025-10;20251001;1;63;169;8784;50763;44310;1214;9696;584;114936;564;233;1296;0.0;0;0.0
2025-10;20251001;3;65;242;8951;54043;44486;1526;3706;789;112954;281;146;863;0.0;0;0.0
2025-10;20251001;3;68;245;7286;44621;22066;819;5124;225;80161;283;121;627;0.0;0;0.0
2025-10;20251001;4;69;192;6077;33385;33327;1504;2328;0;76813;0;0;0;0.0;0;0.0
2025-10;20251001;1;70;280;9024;57670;19706;816;1621;12;89117;359;124;758;0.0;0;0.0
2025-10;20251001;1;72;271;7276;59317;12937;666;3464;295;83931;0;0;0;0.0;0;0.0
2025-10;20251001;2;42;756;13280;73852;30431;1433;4434;615;124186;507;198;1373;0.0;0;0.0
2025-10;20251001;2;49;479;16362;68400;41689;3890;705;12699;131525;0;0;0;0.0;0;0.0
2025-10;20251001;1;53;221;10701;37469;12130;1846;656;7753;63023;0;0;0;0.0;0;0.0
2025-10;20251001;3;56;754;13954;105471;59145;4716;3469;2425;187509;1466;682;3137;0.0;0;0.0
2025-10;20251001;1;59;396;11693;93384;30972;1448;3263;1081;141156;0;0;0;0.0;0;0.0
2025-10;20251001;4;60;296;11884;32877;31221;1590;2876;284;80744;335;105;884;0.0;0;0.0
2025-10;20251001;5;61;885;39020;145286;112634;4392;10046;4394;312263;741;444;2354;0.0;0;0.0
2025-10;20251001;4;62;222;7183;38289;25232;729;1722;97;73377;147;28;620;0.0;0;0.0
2025-10;20251001;4;66;238;9722;50015;31556;1145;978;224;93654;0;0;0;0.0;0;0.0
2025-10;20251001;1;75;829;23437;81677;33012;1013;13525;26073;153493;700;264;1464;0.0;0;0.0
2025-10;20251001;2;37;87;4045;36020;14124;195;2052;101;56523;171;105;608;0.0;0;0.0
2025-10;20251001;3;43;642;13234;54624;33599;1303;3441;319;106843;648;290;1332;0.0;0;0.0
2025-10;20251001;1;46;780;14083;81590;60605;858;6746;969;164662;861;399;1652;0.0;0;0.0
2025-10;20251001;3;54;806;18620;69744;54431;2551;2276;2803;148428;1104;681;2383;0.0;0;0.0
2025-10;20251001;1;57;985;19520;78906;29863;5409;0;71864;134683;0;0;0;0.0;0;0.0
2025-10;20251001;3;71;480;11356;61620;45126;1033;4731;336;124346;272;86;1013;0.0;0;0.0
2025-10;20251001;3;74;406;14633;63077;36716;1519;1546;3864;117897;257;98;885;0.0;0;0.0
2025-10;20251001;2;35;113;3937;27222;22470;1126;1481;53;56349;146;53;551;0.0;0;0.0
2025-10;20251001;3;36;345;11365;48171;30889;1339;3592;5029;95701;387;180;1068;0.0;0;0.0
2025-10;20251001;3;39;353;12411;47658;18377;990;5796;143;85585;290;82;876;0.0;0;0.0
2025-10;20251001;2;41;506;18288;86765;19538;1910;6803;316;133810;555;239;1171;0.0;0;0.0
2025-10;20251001;3;51;271;8312;45114;43047;2538;3243;7358;102525;952;482;1880;0.0;0;0.0
2025-10;20251001;1;64;459;13754;67513;37740;946;2245;45;122657;0;0;0;0.0;0;0.0
2025-09;20250901;2;49;439;14721;61191;37587;3392;699;11331;118029;0;0;0;0.0;0;0.0
2025-09;20250901;3;52;189;6651;34215;21162;871;162;10925;63250;442;194;665;0.0;0;0.0
2025-09;20250901;4;60;267;10680;29448;27858;1424;2575;250;72252;333;107;883;0.0;0;0.0
2025-09;20250901;4;62;209;6491;34342;22585;662;1491;87;65780;146;28;625;0.0;0;0.0
2025-09;20250901;1;63;156;7829;45243;39374;1064;8675;533;102341;557;237;1299;0.0;0;0.0
2025-09;20250901;2;67;117;4106;29214;14104;135;760;121;48436;185;77;383;0.0;0;0.0
2025-09;20250901;2;38;235;6996;39438;24950;1283;1187;93;74089;0;0;0;0.0;0;0.0
2025-09;20250901;1;40;230;4542;23660;18596;755;1;194;47784;253;88;492;0.0;0;0.0
2025-09;20250901;3;44;526;18860;52414;83014;2639;3198;2872;160651;743;357;1585;0.0;0;0.0
2025-09;20250901;1;55;484;9725;57260;21005;1656;1851;12663;91981;1149;614;2197;0.0;0;0.0
2025-09;20250901;1;58;411;15013;105214;42753;892;5102;9;169385;590;275;1627;0.0;0;0.0
2025-09;20250901;3;74;362;13137;56498;32772;1362;1410;3433;105541;254;99;886;0.0;0;0.0
2025-09;20250901;1;75;737;21046;73001;29612;897;12044;23566;137337;704;265;1464;0.0;0;0.0
2025-09;20250901;3;36;319;10192;43141;27343;1191;3239;4608;85425;386;180;1059;0.0;0;0.0
2025-09;20250901;2;37;85;3680;32405;12598;172;1822;92;50762;170;105;608;0.0;0;0.0
2025-09;20250901;2;41;459;16364;77666;17587;1718;6074;281;119868;555;240;1168;0.0;0;0.0
2025-09;20250901;2;42;687;12002;66060;27042;1251;3928;552;110970;509;199;1376;0.0;0;0.0
2025-09;20250901;1;45;90;3704;19990;20129;872;480;13;45265;196;72;432;0.0;0;0.0
2025-09;20250901;1;46;701;12663;73364;54495;771;6066;871;148060;862;396;1705;0.0;0;0.0
2025-09;20250901;1;50;439;18467;88050;21778;940;187;181;129861;617;272;1185;0.0;0;0.0
2025-09;20250901;1;59;367;10509;83905;27744;1286;2930;827;126741;0;0;0;0.0;0;0.0
2025-09;20250901;4;66;210;8770;44654;28451;1017;868;213;83970;0;0;0;0.0;0;0.0
2025-09;20250901;3;68;220;6620;40033;20118;717;4774;195;72482;284;121;614;0.0;0;0.0
2025-09;20250901;4;69;173;5467;30029;29976;1353;2095;0;69093;0;0;0;0.0;0;0.0
2025-09;20250901;1;70;253;8203;51733;17705;740;1451;12;80085;360;125;756;0.0;0;0.0
2025-09;20250901;1;72;242;6525;53102;11735;590;3117;268;75311;0;0;0;0.0;0;0.0
2025-09;20250901;2;35;105;3561;24545;20244;979;1307;48;50741;146;53;551;0.0;0;0.0
2025-09;20250901;3;43;579;11755;48220;29880;1122;2987;276;94543;647;290;1329;0.0;0;0.0
2025-09;20250901;3;54;712;16678;62483;48983;2314;2013;2442;133183;1112;682;2342;0.0;0;0.0
2025-09;20250901;3;71;445;10226;55025;40587;943;4276;307;111502;271;86;1013;0.0;0;0.0
2025-09;20250901;3;32;290;11824;37850;48180;793;108;0;99045;0;0;0;0.0;0;0.0
2025-09;20250901;3;39;324;11200;42429;16568;855;5220;133;76596;289;82;878;0.0;0;0.0
2025-09;20250901;2;48;1117;26834;104687;42092;1656;5113;1778;181499;1426;753;3790;0.0;0;0.0
2025-09;20250901;3;51;252;7443;40572;37871;2203;2933;6648;91274;957;481;1865;0.0;0;0.0
2025-09;20250901;1;53;199;9583;33843;10854;1579;625;6976;56683;0;0;0;0.0;0;0.0
2025-09;20250901;1;57;886;17481;70487;26923;4826;0;63533;120603;0;0;0;0.0;0;0.0
2025-09;20250901;3;56;677;12372;93779;52806;4245;3148;2126;167027;1471;683;3072;0.0;0;0.0
2025-09;20250901;5;61;821;35432;130771;101019;3970;9021;4161;281034;741;444;2283;0.0;0;0.0
2025-09;20250901;1;64;417;12433;60368;34058;867;1986;45;110129;0;0;0;0.0;0;0.0
2025-09;20250901;3;65;224;7977;48552;39742;1397;3287;694;101179;285;146;858;0.0;0;0.0
2025-08;20250801;3;54;626;14832;55593;43703;2046;1805;2178;118605;1107;693;2298;0.0;0;0.0
2025-08;20250801;1;55;425;8719;50770;18692;1450;1696;11285;81752;1150;622;2199;0.0;0;0.0
2025-08;20250801;3;65;202;7112;43370;35834;1255;2857;598;90630;282;152;848;0.0;0;0.0
2025-08;20250801;4;69;155;4908;26953;26870;1212;1879;0;61977;0;0;0;0.0;0;0.0
2025-08;20250801;3;74;317;11725;50412;29123;1202;1253;2980;94032;256;101;887;0.0;0;0.0
2025-08;20250801;3;32;251;10601;33787;43112;722;100;0;88573;0;0;0;0.0;0;0.0
2025-08;20250801;3;43;514;10407;42599;26565;969;2588;286;83642;646;289;1308;0.0;0;0.0
2025-08;20250801;3;44;461;16551;46464;74504;2348;2842;2819;143170;747;361;1550;0.0;0;0.0
2025-08;20250801;4;60;234;9614;26238;24953;1295;2312;226;64646;335;107;884;0.0;0;0.0
2025-08;20250801;1;63;132;6953;40071;35082;954;7680;484;90872;560;237;1295;0.0;0;0.0
2025-08;20250801;4;66;194;7861;39982;25728;895;778;200;75438;0;0;0;0.0;0;0.0
2025-08;20250801;2;37;78;3354;28913;11280;158;1576;86;45359;170;105;605;0.0;0;0.0
2025-08;20250801;1;40;203;4057;21135;16653;696;1;179;42745;252;88;491;0.0;0;0.0
2025-08;20250801;1;46;626;11308;65515;48665;689;5417;777;132220;854;406;1702;0.0;0;0.0
2025-08;20250801;2;49;406;13164;54527;33671;2952;698;10038;105418;0;0;0;0.0;0;0.0
2025-08;20250801;1;50;397;16451;78671;19762;845;173;156;116299;614;274;1185;0.0;0;0.0
2025-08;20250801;3;52;168;5912;30413;18810;774;144;9711;56221;439;197;651;0.0;0;0.0
2025-08;20250801;1;53;173;8630;30345;9525;1295;585;6168;50553;0;0;0;0.0;0;0.0
2025-08;20250801;5;61;729;31626;116496;89876;3529;8076;3982;250332;741;449;2290;0.0;0;0.0
2025-08;20250801;2;67;112;3642;26029;12615;106;677;108;43181;176;77;384;0.0;0;0.0
2025-08;20250801;3;68;204;5963;36231;18690;674;4487;186;66249;286;121;606;0.0;0;0.0
2025-08;20250801;1;72;223;5861;47620;10560;539;2797;252;67600;0;0;0;0.0;0;0.0
2025-08;20250801;1;75;661;18950;64985;26383;812;10668;21013;122459;697;267;1457;0.0;0;0.0
2025-08;20250801;2;41;417;14508;69263;15901;1529;5365;259;106983;543;245;1167;0.0;0;0.0
2025-08;20250801;2;48;980;24104;93267;37509;1461;4614;1735;161935;1434;758;3784;0.0;0;0.0
2025-08;20250801;3;51;229;6718;36283;33473;1932;2600;5931;81235;958;483;1847;0.0;0;0.0
2025-08;20250801;1;58;364;13467;94069;38467;799;4563;8;151729;581;284;1625;0.0;0;0.0
2025-08;20250801;2;35;90;3198;21891;18352;874;1161;44;45566;146;53;553;0.0;0;0.0
2025-08;20250801;3;36;288;9135;38445;24341;1075;2907;4061;76191;384;180;1049;0.0;0;0.0
2025-08;20250801;2;38;214;6260;35158;22485;1155;1076;86;66348;0;0;0;0.0;0;0.0
2025-08;20250801;3;39;271;10025;37532;14938;764;4616;126;68146;289;82;877;0.0;0;0.0
2025-08;20250801;2;42;616;10780;58878;24050;1090;3402;501;98816;503;200;1360;0.0;0;0.0
2025-08;20250801;1;45;84;3277;17833;17807;747;425;11;40173;193;72;432;0.0;0;0.0
2025-08;20250801;1;57;802;15473;62453;24140;4336;0;56691;107204;0;0;0;0.0;0;0.0
2025-08;20250801;3;56;596;10960;83449;47140;3898;2790;1845;148833;1460;700;3049;0.0;0;0.0
2025-08;20250801;1;59;330;9352;74638;24648;1146;2601;730;112715;0;0;0;0.0;0;0.0
2025-08;20250801;4;62;193;5804;30633;20431;595;1254;74;58910;147;29;625;0.0;0;0.0
2025-08;20250801;1;64;369;11119;53625;30516;762;1744;42;98135;0;0;0;0.0;0;0.0
2025-08;20250801;1;70;228;7291;46504;15811;636;1322;12;71792;362;125;752;0.0;0;0.0
2025-08;20250801;3;71;398;9210;49056;36550;883;3855;272;99952;273;86;1010;0.0;0;0.0
2025-07;20250701;3;32;223;9569;29902;38317;643;87;0;78741;0;0;0;0.0;0;0.0
2025-07;20250701;2;42;540;9414;51048;20787;946;2944;433;85679;500;201;1358;0.0;0;0.0
2025-07;20250701;3;43;449;9297;37478;23398;843;2272;239;73737;646;294;1311;0.0;0;0.0
2025-07;20250701;1;46;547;9887;57279;42546;602;4736;680;115597;861;413;1694;0.0;0;0.0
2025-07;20250701;1;50;359;14363;68749;17825;763;159;141;102218;617;278;1184;0.0;0;0.0
2025-07;20250701;1;57;692;13507;53826;21072;3756;0;50631;92853;0;0;0;0.0;0;0.0
2025-07;20250701;1;64;327;9557;45797;25964;655;1450;21;83750;0;0;0;0.0;0;0.0
2025-07;20250701;4;66;170;6833;34909;22738;800;656;184;66106;0;0;0;0.0;0;0.0
2025-07;20250701;3;36;250;8099;33555;21378;959;2554;3347;66795;382;180;1045;0.0;0;0.0
2025-07;20250701;2;48;858;21107;81340;32995;1300;4038;1612;141638;1434;763;3778;0.0;0;0.0
2025-07;20250701;3;52;145;5261;26653;17259;686;122;8321;50126;438;197;651;0.0;0;0.0
2025-07;20250701;1;55;360;7621;43906;16210;1239;1505;9931;70841;1143;625;2183;0.0;0;0.0
2025-07;20250701;1;58;309;11559;80274;33387;705;4023;7;130257;577;287;1620;0.0;0;0.0
2025-07;20250701;3;65;179;6375;38446;31916;1102;2434;513;80452;284;152;847;0.0;0;0.0
2025-07;20250701;1;72;197;5050;40742;8980;482;2384;226;57835;0;0;0;0.0;0;0.0
2025-07;20250701;3;74;269;10345;43787;25709;1072;1106;2560;82288;257;101;884;0.0;0;0.0
2025-07;20250701;1;75;570;16737;57043;22846;665;9298;18020;107159;689;271;1460;0.0;0;0.0
2025-07;20250701;2;35;79;2767;18908;15978;778;1017;38;39527;141;56;550;0.0;0;0.0
2025-07;20250701;2;37;69;2934;25167;9953;139;1355;82;39617;164;107;602;0.0;0;0.0
2025-07;20250701;3;44;409;14562;40444;66054;2066;2467;2780;126002;739;363;1545;0.0;0;0.0
2025-07;20250701;3;51;206;6075;32255;29547;1680;2275;5294;72038;959;485;1855;0.0;0;0.0
2025-07;20250701;3;54;550;13180;49038;38221;1826;1572;1883;104387;1109;701;2316;0.0;0;0.0
2025-07;20250701;1;59;295;8189;65497;21580;1021;2278;646;98860;0;0;0;0.0;0;0.0
2025-07;20250701;5;61;645;27321;99183;76372;3086;7026;3596;213633;738;460;2294;0.0;0;0.0
2025-07;20250701;4;62;173;5066;26407;17887;523;1040;62;51096;146;29;626;0.0;0;0.0
2025-07;20250701;2;67;95;3124;22385;11014;95;595;92;37308;176;78;386;0.0;0;0.0
2025-07;20250701;3;71;349;8087;42583;31820;756;3258;231;86853;272;87;1008;0.0;0;0.0
2025-07;20250701;3;39;236;8914;32580;13456;666;4113;116;59965;294;82;878;0.0;0;0.0
2025-07;20250701;2;41;370;12839;60876;14058;1339;4761;223;94243;538;255;1166;0.0;0;0.0
2025-07;20250701;2;49;353;11387;47036;29394;2570;695;8686;91435;0;0;0;0.0;0;0.0
2025-07;20250701;4;60;201;8496;23020;22064;1129;1962;196;56872;334;107;877;0.0;0;0.0
2025-07;20250701;2;38;183;5415;30309;19547;1011;933;78;57398;0;0;0;0.0;0;0.0
2025-07;20250701;1;40;181;3558;18524;14677;598;1;156;37539;251;88;491;0.0;0;0.0
2025-07;20250701;1;45;77;2894;15606;15569;625;394;10;35165;193;75;430;0.0;0;0.0
2025-07;20250701;1;53;155;7585;26749;8211;1010;536;5337;44246;0;0;0;0.0;0;0.0
2025-07;20250701;3;56;531;9703;73588;41469;3391;2474;1589;131156;1448;720;3075;0.0;0;0.0
2025-07;20250701;1;63;112;6111;34822;30608;826;6674;423;79153;560;242;1295;0.0;0;0.0
2025-07;20250701;3;68;182;5340;31593;16707;571;4101;133;58494;287;122;606;0.0;0;0.0
2025-07;20250701;4;69;133;4231;23221;23086;1040;1617;0;53328;0;0;0;0.0;0;0.0
2025-07;20250701;1;70;198;6410;40953;13967;557;1177;12;63262;359;127;753;0.0;0;0.0
2025-06;20250601;3;36;214;7050;28570;18416;812;2173;2662;57235;370;197;1049;0.0;0;0.0
2025-06;20250601;2;42;478;8073;43494;17839;803;2414;356;73101;467;217;1356;0.0;0;0.0
2025-06;20250601;3;43;387;8071;32117;20026;706;1939;202;63246;632;306;1311;0.0;0;0.0
2025-06;20250601;2;49;305;9763;40004;25215;2138;692;7364;78117;0;0;0;0.0;0;0.0
2025-06;20250601;1;53;130;6524;22885;6815;823;462;4473;37639;0;0;0;0.0;0;0.0
2025-06;20250601;1;59;255;7019;55987;18574;870;1931;524;84636;0;0;0;0.0;0;0.0
2025-06;20250601;4;62;161;4336;22417;15288;442;878;53;43522;146;29;622;0.0;0;0.0
2025-06;20250601;3;32;191;8346;25631;33216;568;74;0;68026;0;0;0;0.0;0;0.0
2025-06;20250601;2;38;158;4650;25724;16915;821;804;63;49072;0;0;0;0.0;0;0.0
2025-06;20250601;3;39;211;7770;27624;11899;551;3539;103;51594;297;83;877;0.0;0;0.0
2025-06;20250601;2;48;748;18312;69649;27923;1111;3482;1612;121225;1419;810;3765;0.0;0;0.0
2025-06;20250601;1;50;308;12265;58481;15671;660;145;119;87530;597;300;1182;0.0;0;0.0
2025-06;20250601;1;57;592;11464;45549;17803;3158;0;44047;78566;0;0;0;0.0;0;0.0
2025-06;20250601;4;69;113;3598;19714;19493;876;1370;0;45164;0;0;0;0.0;0;0.0
2025-06;20250601;3;71;302;7009;36147;27377;661;2769;199;74265;262;97;1013;0.0;0;0.0
2025-06;20250601;1;75;494;14273;48441;19395;555;7926;15170;91084;672;293;1449;0.0;0;0.0
2025-06;20250601;1;40;156;3041;15712;12607;493;1;136;32010;243;94;486;0.0;0;0.0
2025-06;20250601;1;46;460;8211;47536;35409;508;3937;569;96061;845;430;1685;0.0;0;0.0
2025-06;20250601;3;52;118;4569;22823;15003;583;97;7033;43193;424;209;657;0.0;0;0.0
2025-06;20250601;3;54;451;11371;41961;32538;1514;1347;1568;89182;1078;748;2321;0.0;0;0.0
2025-06;20250601;1;55;323;6533;37097;13824;1052;1290;8442;60119;1121;668;2192;0.0;0;0.0
2025-06;20250601;3;56;450;8374;63042;35625;2858;2124;1271;112473;1438;743;3076;0.0;0;0.0
2025-06;20250601;1;58;266;9914;68087;28431;591;3474;6;110763;559;303;1618;0.0;0;0.0
2025-06;20250601;1;63;90;5276;29470;25832;686;5646;370;67000;554;249;1284;0.0;0;0.0
2025-06;20250601;2;67;82;2625;18718;9362;78;502;78;31367;170;85;383;0.0;0;0.0
2025-06;20250601;2;35;64;2363;16060;13669;683;866;37;33705;137;60;547;0.0;0;0.0
2025-06;20250601;2;37;55;2492;21439;8587;121;1151;79;33845;161;108;602;0.0;0;0.0
2025-06;20250601;3;44;351;12628;34226;57015;1753;2087;2722;108060;710;388;1543;0.0;0;0.0
2025-06;20250601;3;51;173;5335;27664;25310;1431;1937;4469;61850;938;504;1862;0.0;0;0.0
2025-06;20250601;4;60;175;7272;19644;19131;979;1609;173;48810;331;114;879;0.0;0;0.0
2025-06;20250601;5;61;585;23449;82396;65137;2515;6062;2111;180144;727;474;2287;0.0;0;0.0
2025-06;20250601;1;64;279;8129;38476;21872;557;1199;18;70512;0;0;0;0.0;0;0.0
2025-06;20250601;4;66;135;5883;29793;19844;693;533;167;56881;0;0;0;0.0;0;0.0
2025-06;20250601;1;70;159;5506;34733;11964;480;1014;12;53856;350;134;748;0.0;0;0.0
2025-06;20250601;3;74;233;8827;37360;22163;906;933;2165;70422;243;111;881;0.0;0;0.0
2025-06;20250601;2;41;321;11023;51964;12105;1139;4050;185;80602;530;268;1159;0.0;0;0.0
2025-06;20250601;1;45;69;2492;13343;13064;506;352;10;29826;182;81;417;0.0;0;0.0
2025-06;20250601;3;65;158;5542;32724;27493;909;2033;431;68859;270;159;847;0.0;0;0.0
2025-06;20250601;3;68;159;4638;27434;14994;496;3548;85;51269;284;127;611;0.0;0;0.0
2025-06;20250601;1;72;175;4288;34920;7649;410;2021;169;49463;0;0;0;0.0;0;0.0
2025-05;20250501;1;40;132;2549;13083;10634;387;1;105;26786;241;94;479;0.0;0;0.0
2025-05;20250501;1;55;279;5521;30648;11355;872;1100;7081;49775;1119;685;2190;0.0;0;0.0
2025-05;20250501;1;59;206;5902;46697;15577;727;1576;416;70685;0;0;0;0.0;0;0.0
2025-05;20250501;5;61;485;19518;67964;53877;2072;5003;1752;148919;730;481;2297;0.0;0;0.0
2025-05;20250501;1;64;237;6724;31837;18122;460;980;15;58360;0;0;0;0.0;0;0.0
2025-05;20250501;2;67;72;2240;15410;7816;64;420;63;26022;171;85;374;0.0;0;0.0
2025-05;20250501;2;42;404;6767;36036;14956;691;1958;294;60812;465;227;1337;0.0;0;0.0
2025-05;20250501;3;44;303;10937;29297;49035;1466;1779;848;92817;707;399;1544;0.0;0;0.0
2025-05;20250501;3;51;145;4577;23197;21150;1205;1650;3815;51924;908;533;1863;0.0;0;0.0
2025-05;20250501;3;52;97;3836;18996;12733;512;75;5698;36249;421;216;648;0.0;0;0.0
2025-05;20250501;1;53;104;5493;18960;5559;643;382;3675;31141;0;0;0;0.0;0;0.0
2025-05;20250501;1;58;224;8364;56518;23768;512;2853;3;92239;560;310;1614;0.0;0;0.0
2025-05;20250501;1;63;73;4474;24500;21353;547;4702;325;55649;535;261;1276;0.0;0;0.0
2025-05;20250501;3;74;199;7462;31183;18677;727;789;1827;59037;243;112;879;0.0;0;0.0
2025-05;20250501;1;75;415;11924;40084;16079;468;6510;12476;75480;673;298;1449;0.0;0;0.0
2025-05;20250501;2;37;45;2093;17705;7378;100;971;72;28292;163;114;600;0.0;0;0.0
2025-05;20250501;2;38;140;3981;21508;14243;690;671;58;41233;0;0;0;0.0;0;0.0
2025-05;20250501;3;39;179;6492;22953;10386;446;2990;86;43446;300;83;878;0.0;0;0.0
2025-05;20250501;1;46;385;6919;39571;29307;411;3254;459;79847;834;446;1689;0.0;0;0.0
2025-05;20250501;3;56;384;7087;52842;29633;2422;1715;970;94083;1435;755;3093;0.0;0;0.0
2025-05;20250501;3;68;144;3948;23018;13350;420;3033;10;43913;282;130;613;0.0;0;0.0
2025-05;20250501;4;69;94;2994;16397;16177;726;1138;0;37526;0;0;0;0.0;0;0.0
2025-05;20250501;1;72;155;3582;29327;6383;342;1662;142;41451;0;0;0;0.0;0;0.0
2025-05;20250501;2;35;50;1968;13331;11493;604;741;28;28187;138;60;540;0.0;0;0.0
2025-05;20250501;2;41;279;9320;43240;10189;960;3310;150;67298;531;269;1152;0.0;0;0.0
2025-05;20250501;3;43;322;6867;26944;16784;585;1651;156;53153;621;324;1312;0.0;0;0.0
2025-05;20250501;1;45;63;2101;11148;10790;387;287;9;24776;181;81;417;0.0;0;0.0
2025-05;20250501;2;48;616;15463;58025;23035;961;2925;1535;101025;1388;849;3769;0.0;0;0.0
2025-05;20250501;1;50;271;10336;48587;13479;558;130;97;73361;598;303;1180;0.0;0;0.0
2025-05;20250501;4;66;111;4919;24547;16802;596;448;148;47423;0;0;0;0.0;0;0.0
2025-05;20250501;3;32;157;7193;21250;28186;471;65;0;57322;0;0;0;0.0;0;0.0
2025-05;20250501;3;36;176;5994;23836;15483;694;1806;2076;47989;369;205;1046;0.0;0;0.0
2025-05;20250501;2;49;246;8116;33194;20810;1731;689;6057;64786;0;0;0;0.0;0;0.0
2025-05;20250501;3;54;365;9621;34986;26694;1249;1114;1270;74029;1075;756;2319;0.0;0;0.0
2025-05;20250501;1;57;496;9533;37795;14704;2644;0;37074;65172;0;0;0;0.0;0;0.0
2025-05;20250501;4;60;146;6092;16177;16174;810;1289;142;40688;329;121;879;0.0;0;0.0
2025-05;20250501;4;62;133;3578;18504;12803;362;794;47;36174;151;30;622;0.0;0;0.0
2025-05;20250501;3;65;135;4745;27125;22959;722;1668;359;57354;270;163;848;0.0;0;0.0
2025-05;20250501;1;70;134;4664;28793;9927;398;842;0;44758;351;136;748;0.0;0;0.0
2025-05;20250501;3;71;248;5973;29735;22935;561;2285;174;61737;265;101;1003;0.0;0;0.0
2025-04;20250401;3;39;148;5188;17944;8716;352;2324;72;34672;287;101;874;0.0;0;0.0
2025-04;20250401;1;45;54;1714;8984;8435;292;224;5;19703;180;81;416;0.0;0;0.0
2025-04;20250401;2;48;499;12497;45892;18158;755;2273;1494;80074;1394;870;3773;0.0;0;0.0
2025-04;20250401;3;52;85;2985;15003;9975;411;57;4445;28516;423;220;650;0.0;0;0.0
2025-04;20250401;4;60;115;4927;12679;12677;620;956;116;31974;333;127;879;0.0;0;0.0
2025-04;20250401;4;62;107;2849;14731;10149;281;732;42;28849;151;35;619;0.0;0;0.0
2025-04;20250401;3;65;111;3867;21445;18672;551;1334;285;45980;270;165;849;0.0;0;0.0
2025-04;20250401;2;67;63;1806;12180;6263;43;335;48;20690;172;89;372;0.0;0;0.0
2025-04;20250401;1;75;340;9468;31638;12774;370;5087;9984;59677;675;298;1442;0.0;0;0.0
2025-04;20250401;2;41;238;7422;34278;8145;736;2660;109;53479;533;272;1146;0.0;0;0.0
2025-04;20250401;1;50;212;8283;38743;11060;443;92;68;58833;600;304;1179;0.0;0;0.0
2025-04;20250401;1;53;83;4405;15183;4264;437;303;2863;24675;0;0;0;0.0;0;0.0
2025-04;20250401;4;69;74;2383;13038;12819;574;904;0;29792;0;0;0;0.0;0;0.0
2025-04;20250401;3;32;109;5807;16690;22702;367;55;0;45730;0;0;0;0.0;0;0.0
2025-04;20250401;2;35;44;1581;10448;9118;479;596;21;22266;138;61;537;0.0;0;0.0
2025-04;20250401;2;42;322;5446;28603;12030;533;1493;228;48427;465;235;1322;0.0;0;0.0
2025-04;20250401;3;44;249;8790;22987;39429;1191;1397;591;74043;711;406;1543;0.0;0;0.0
2025-04;20250401;2;49;198;6480;26257;16708;1324;685;4773;51652;0;0;0;0.0;0;0.0
2025-04;20250401;1;57;395;7546;29841;11491;2088;0;29547;51361;0;0;0;0.0;0;0.0
2025-04;20250401;3;56;294;5711;41659;23491;1925;1342;651;74422;1440;766;3100;0.0;0;0.0
2025-04;20250401;3;71;197;4822;23475;18536;472;1787;134;49289;263;102;1003;0.0;0;0.0
2025-04;20250401;1;72;126;2876;23542;5138;278;1323;115;33283;0;0;0;0.0;0;0.0
2025-04;20250401;2;37;31;1658;13995;6005;75;811;65;22575;163;115;593;0.0;0;0.0
2025-04;20250401;2;38;111;3244;17341;11511;550;513;53;33270;0;0;0;0.0;0;0.0
2025-04;20250401;1;46;307;5547;31245;23181;335;2538;359;63153;834;448;1687;0.0;0;0.0
2025-04;20250401;3;51;111;3659;18639;16953;964;1284;3042;41610;909;536;1862;0.0;0;0.0
2025-04;20250401;1;58;184;6652;45149;19039;418;2252;2;73694;563;314;1611;0.0;0;0.0
2025-04;20250401;1;63;56;3592;19467;16900;428;3678;281;44121;537;263;1274;0.0;0;0.0
2025-04;20250401;4;66;89;3922;19407;13307;461;335;126;37521;0;0;0;0.0;0;0.0
2025-04;20250401;1;70;107;3786;22856;7854;305;688;0;35596;352;137;748;0.0;0;0.0
2025-04;20250401;3;74;167;6022;24943;14974;586;638;1425;47330;246;116;876;0.0;0;0.0
2025-04;20250401;3;36;151;4804;18763;12326;519;1388;1797;37951;369;208;1046;0.0;0;0.0
2025-04;20250401;1;40;112;2053;10269;8624;321;0;75;21379;243;95;482;0.0;0;0.0
2025-04;20250401;3;43;261;5538;21246;13528;467;1272;310;42312;627;330;1308;0.0;0;0.0
2025-04;20250401;3;54;291;7709;27858;20750;950;874;1041;58432;1072;771;2317;0.0;0;0.0
2025-04;20250401;1;55;220;4449;23842;9052;685;899;5549;39147;1121;699;2181;0.0;0;0.0
2025-04;20250401;1;59;170;4729;37085;12482;608;1227;333;56301;0;0;0;0.0;0;0.0
2025-04;20250401;5;61;392;15528;53557;42755;1636;3921;1418;117789;728;486;2310;0.0;0;0.0
2025-04;20250401;1;64;193;5340;24987;14611;364;790;8;46285;0;0;0;0.0;0;0.0
2025-04;20250401;3;68;118;3268;18793;11464;345;2254;4;36242;277;142;610;0.0;0;0.0
2025-03;20250301;3;36;122;3675;14240;9652;356;1057;1416;29102;371;207;1041;0.0;0;0.0
2025-03;20250301;2;37;23;1282;10607;4832;47;636;22;17427;161;115;589;0.0;0;0.0
2025-03;20250301;1;40;89;1606;7870;6560;242;0;58;16367;243;95;478;0.0;0;0.0
2025-03;20250301;2;42;235;4152;21765;9195;399;1059;171;36805;463;235;1313;0.0;0;0.0
2025-03;20250301;2;48;386;9625;34690;13767;563;1673;1423;60704;1394;872;3780;0.0;0;0.0
2025-03;20250301;2;49;149;4880;19785;12694;928;671;3583;39107;0;0;0;0.0;0;0.0
2025-03;20250301;3;51;89;2782;14105;13105;736;958;2240;31775;907;540;1861;0.0;0;0.0
2025-03;20250301;3;52;70;2257;11314;7593;312;37;3106;21583;423;222;636;0.0;0;0.0
2025-03;20250301;1;53;66;3368;11390;3201;267;208;2146;18500;0;0;0;0.0;0;0.0
2025-03;20250301;3;54;216;5851;21023;15127;692;666;792;43575;1076;774;2320;0.0;0;0.0
2025-03;20250301;1;59;129;3565;27945;9485;457;920;248;42501;0;0;0;0.0;0;0.0
2025-03;20250301;1;64;157;3942;18813;11098;285;570;8;34865;0;0;0;0.0;0;0.0
2025-03;20250301;3;65;81;2982;16208;14407;414;1024;231;35116;273;166;847;0.0;0;0.0
2025-03;20250301;4;69;56;1816;9942;9788;439;689;0;22730;0;0;0;0.0;0;0.0
2025-03;20250301;3;39;113;3946;13432;6958;272;1715;62;26436;287;101;874;0.0;0;0.0
2025-03;20250301;1;46;231;4165;23447;17286;249;1894;259;47272;837;452;1630;0.0;0;0.0
2025-03;20250301;3;32;86;4372;12467;17346;273;45;0;34589;0;0;0;0.0;0;0.0
2025-03;20250301;2;41;190;5663;26064;6280;538;2006;77;40741;535;274;1140;0.0;0;0.0
2025-03;20250301;3;44;196;6686;17423;30576;860;1037;159;56778;710;408;1547;0.0;0;0.0
2025-03;20250301;1;55;167;3374;17599;6736;517;713;4083;29106;1117;701;2183;0.0;0;0.0
2025-03;20250301;4;62;78;2193;11203;7883;191;649;36;22197;151;35;619;0.0;0;0.0
2025-03;20250301;1;63;48;2716;14815;12727;298;2662;218;33266;541;263;1270;0.0;0;0.0
2025-03;20250301;4;66;63;2922;14689;10592;360;261;66;28887;0;0;0;0.0;0;0.0
2025-03;20250301;2;67;50;1368;9149;4949;31;240;39;15787;172;90;373;0.0;0;0.0
2025-03;20250301;1;70;82;2892;17563;5770;216;482;0;27005;351;138;748;0.0;0;0.0
2025-03;20250301;2;38;89;2435;13153;9012;426;369;47;25484;0;0;0;0.0;0;0.0
2025-03;20250301;1;45;45;1310;6768;6329;214;165;5;14831;182;82;419;0.0;0;0.0
2025-03;20250301;4;60;85;3738;9659;9870;443;713;93;24508;331;127;879;0.0;0;0.0
2025-03;20250301;5;61;296;11764;40587;32501;1244;2918;1100;89310;733;489;2321;0.0;0;0.0
2025-03;20250301;3;71;145;3653;17331;14425;353;1350;104;37257;266;103;1006;0.0;0;0.0
2025-03;20250301;2;35;31;1181;7802;6990;371;466;14;16841;139;61;537;0.0;0;0.0
2025-03;20250301;3;43;200;4176;15911;10422;359;862;243;31930;626;331;1306;0.0;0;0.0
2025-03;20250301;1;50;167;6330;29080;8630;345;61;42;44613;605;305;1170;0.0;0;0.0
2025-03;20250301;1;57;298;5729;22235;8640;1549;0;22896;38451;0;0;0;0.0;0;0.0
2025-03;20250301;3;56;230;4307;31053;18069;1405;968;410;56032;1448;768;3112;0.0;0;0.0
2025-03;20250301;1;58;140;4990;34436;14657;311;1662;1;56196;568;316;1608;0.0;0;0.0
2025-03;20250301;3;68;95;2583;14469;9635;285;1741;3;28808;281;143;609;0.0;0;0.0
2025-03;20250301;1;72;92;2221;18068;3883;222;957;49;25443;0;0;0;0.0;0;0.0
2025-03;20250301;3;74;129;4575;19104;11461;429;444;1066;36142;248;116;872;0.0;0;0.0
2025-03;20250301;1;75;280;7165;23824;9830;303;3816;7342;45218;681;302;1433;0.0;0;0.0
2025-02;20250201;3;32;58;2862;8156;11560;181;35;0;22852;0;0;0;0.0;0;0.0
2025-02;20250201;2;35;23;783;5277;4816;229;321;9;11449;138;61;537;0.0;0;0.0
2025-02;20250201;3;44;130;4328;11665;21278;610;685;123;38696;712;411;1546;0.0;0;0.0
2025-02;20250201;3;51;57;1812;9102;9126;473;637;1448;21207;905;542;1851;0.0;0;0.0
2025-02;20250201;3;52;46;1498;7440;5168;220;24;1973;14396;427;222;633;0.0;0;0.0
2025-02;20250201;5;61;182;7891;27284;21836;792;1953;793;59938;737;488;2328;0.0;0;0.0
2025-02;20250201;3;65;55;2063;11004;9840;292;723;161;23977;274;167;848;0.0;0;0.0
2025-02;20250201;2;67;31;887;6153;3384;20;149;39;10624;173;90;374;0.0;0;0.0
2025-02;20250201;3;74;71;2921;12404;7463;297;277;699;23433;249;116;873;0.0;0;0.0
2025-02;20250201;3;36;76;2362;9510;6512;205;718;1095;19383;372;211;1040;0.0;0;0.0
2025-02;20250201;1;40;63;1063;5224;4449;154;0;45;10953;242;95;473;0.0;0;0.0
2025-02;20250201;2;42;159;2838;14367;6118;266;672;138;24420;466;236;1310;0.0;0;0.0
2025-02;20250201;1;45;24;861;4425;4140;149;104;3;9703;180;82;417;0.0;0;0.0
2025-02;20250201;2;48;286;6477;22910;9314;391;1083;1364;40461;1398;873;3788;0.0;0;0.0
2025-02;20250201;2;49;104;3253;13119;8585;558;660;2378;26279;0;0;0;0.0;0;0.0
2025-02;20250201;1;50;100;3656;17017;5271;215;35;27;26294;606;308;1169;0.0;0;0.0
2025-02;20250201;1;53;44;2279;7533;1986;134;132;1414;12108;0;0;0;0.0;0;0.0
2025-02;20250201;1;55;115;2219;11413;4459;352;516;2576;19074;1117;707;2176;0.0;0;0.0
2025-02;20250201;3;68;63;1787;9959;7220;210;1200;1;20439;283;143;614;0.0;0;0.0
2025-02;20250201;1;72;67;1493;12193;2709;160;622;33;17244;0;0;0;0.0;0;0.0
2025-02;20250201;2;38;61;1585;8884;6239;277;249;35;17295;0;0;0;0.0;0;0.0
2025-02;20250201;2;41;122;3709;17172;4220;366;1351;53;26940;540;273;1136;0.0;0;0.0
2025-02;20250201;1;46;139;2722;15121;11262;164;1219;185;30627;836;453;1621;0.0;0;0.0
2025-02;20250201;3;54;136;3857;13835;9690;417;422;485;28357;1077;781;2306;0.0;0;0.0
2025-02;20250201;1;57;202;3718;14514;5635;1014;0;15560;25083;0;0;0;0.0;0;0.0
2025-02;20250201;1;58;99;3359;22951;9809;203;1148;0;37569;568;320;1611;0.0;0;0.0
2025-02;20250201;1;63;30;1829;9784;8189;197;1744;145;21773;541;264;1261;0.0;0;0.0
2025-02;20250201;1;70;54;1896;11518;3685;142;301;0;17596;352;143;758;0.0;0;0.0
2025-02;20250201;1;75;188;4716;15452;6508;213;2493;4948;29570;686;302;1432;0.0;0;0.0
2025-02;20250201;3;39;76;2717;8994;5359;256;1132;48;18534;286;101;875;0.0;0;0.0
2025-02;20250201;1;59;81;2359;18247;6283;287;629;147;27886;0;0;0;0.0;0;0.0
2025-02;20250201;4;62;55;1464;7324;5308;113;625;0;14889;151;35;617;0.0;0;0.0
2025-02;20250201;1;64;103;2541;12291;7571;167;386;5;23059;0;0;0;0.0;0;0.0
2025-02;20250201;4;66;47;1990;9866;7512;248;154;47;19817;0;0;0;0.0;0;0.0
2025-02;20250201;4;69;37;1200;6568;6450;289;455;0;14999;0;0;0;0.0;0;0.0
2025-02;20250201;2;37;17;854;7049;3398;36;441;16;11795;160;115;591;0.0;0;0.0
2025-02;20250201;3;43;127;2746;10449;6906;234;546;179;21008;629;333;1311;0.0;0;0.0
2025-02;20250201;3;56;153;2815;19988;12236;895;625;268;36712;1458;770;3125;0.0;0;0.0
2025-02;20250201;4;60;54;2474;6452;6645;298;464;65;16387;330;127;871;0.0;0;0.0
2025-02;20250201;3;71;95;2383;11111;9886;246;898;59;24619;268;104;1004;0.0;0;0.0
2025-01;20250101;1;46;64;1396;7811;5574;72;645;82;15562;835;457;1622;0.0;0;0.0
2025-01;20250101;2;48;147;3489;11548;4800;202;601;1289;20787;1383;880;3798;0.0;0;0.0
2025-01;20250101;5;61;108;4264;14281;11278;370;1003;375;31304;735;494;2333;0.0;0;0.0
2025-01;20250101;1;64;59;1340;6427;3766;82;211;2;11885;0;0;0;0.0;0;0.0
2025-01;20250101;4;66;29;1057;5332;4000;132;70;31;10620;0;0;0;0.0;0;0.0
2025-01;20250101;3;71;50;1300;5793;5240;116;450;37;12949;267;103;985;0.0;0;0.0
2025-01;20250101;2;38;32;847;4653;3445;153;130;25;9260;0;0;0;0.0;0;0.0
2025-01;20250101;2;41;72;1910;8799;2235;171;710;20;13897;544;275;1135;0.0;0;0.0
2025-01;20250101;2;49;61;1743;6623;4332;211;652;1215;13622;0;0;0;0.0;0;0.0
2025-01;20250101;1;50;59;2147;9702;3002;135;22;15;15067;603;309;1175;0.0;0;0.0
2025-01;20250101;1;55;57;1157;5843;2244;186;286;1418;9773;1123;716;2168;0.0;0;0.0
2025-01;20250101;1;58;51;1807;11825;5112;106;615;0;19516;568;322;1604;0.0;0;0.0
2025-01;20250101;3;68;33;983;5088;3768;106;598;0;10576;285;145;609;0.0;0;0.0
2025-01;20250101;1;70;30;1005;5876;1868;59;163;0;9001;354;144;743;0.0;0;0.0
2025-01;20250101;2;35;16;428;2818;2577;107;181;6;6127;140;62;538;0.0;0;0.0
2025-01;20250101;3;36;40;1256;4961;3198;108;367;610;9930;370;211;1037;0.0;0;0.0
2025-01;20250101;3;44;69;2293;6292;11606;314;363;88;20937;718;413;1534;0.0;0;0.0
2025-01;20250101;1;45;13;451;2328;1948;74;46;2;4860;178;83;411;0.0;0;0.0
2025-01;20250101;3;51;33;957;4469;4967;258;313;732;10997;905;549;1838;0.0;0;0.0
2025-01;20250101;1;59;36;1225;9207;3308;132;317;76;14225;0;0;0;0.0;0;0.0
2025-01;20250101;4;62;32;770;3781;2970;64;357;0;7974;153;36;621;0.0;0;0.0
2025-01;20250101;1;72;32;764;6477;1413;82;339;24;9107;0;0;0;0.0;0;0.0
2025-01;20250101;2;37;9;464;3698;1875;15;260;10;6321;161;116;591;0.0;0;0.0
2025-01;20250101;3;39;42;1477;4546;2472;89;585;24;9211;286;104;877;0.0;0;0.0
2025-01;20250101;2;42;81;1464;7236;3234;137;332;67;12484;462;237;1294;0.0;0;0.0
2025-01;20250101;3;43;61;1493;5390;3542;111;304;138;10901;631;336;1317;0.0;0;0.0
2025-01;20250101;3;52;23;832;3865;2630;109;9;988;7468;434;226;655;0.0;0;0.0
2025-01;20250101;3;54;68;2024;7070;4761;207;221;275;14351;1075;783;2313;0.0;0;0.0
2025-01;20250101;2;67;18;483;3235;1783;12;70;10;5601;172;91;375;0.0;0;0.0
2025-01;20250101;1;75;103;2564;7955;3322;104;1311;2598;15359;687;302;1418;0.0;0;0.0
2025-01;20250101;3;32;30;1578;4085;5995;99;14;0;11801;0;0;0;0.0;0;0.0
2025-01;20250101;1;40;34;525;2629;2279;79;0;15;5546;241;95;472;0.0;0;0.0
2025-01;20250101;1;53;26;1169;3880;979;62;66;720;6182;0;0;0;0.0;0;0.0
2025-01;20250101;1;57;91;1971;7475;2776;469;0;7774;12782;0;0;0;0.0;0;0.0
2025-01;20250101;3;56;83;1448;10189;6357;477;316;155;18870;1469;773;3141;0.0;0;0.0
2025-01;20250101;4;60;34;1332;3340;3476;142;252;48;8576;328;129;874;0.0;0;0.0
2025-01;20250101;1;63;19;1028;5024;4108;84;909;90;11172;537;267;1265;0.0;0;0.0
2025-01;20250101;3;65;30;1026;5615;5082;144;385;90;12282;276;167;847;0.0;0;0.0
2025-01;20250101;4;69;19;624;3417;3374;151;237;0;7822;0;0;0;0.0;0;0.0
2025-01;20250101;3;74;39;1486;6270;3781;158;143;343;11877;251;118;873;0.0;0;0.0
2024-12;20241201;1;40;275;6121;30137;28723;1161;5;1324;66422;242;80;469;0.0;0;0.0
2024-12;20241201;2;49;506;17646;69753;47497;2580;7380;15760;145362;0;0;0;0.0;0;0.0
2024-12;20241201;1;50;633;24225;110747;57703;1859;769;361;195936;607;255;1173;0.0;0;0.0
2024-12;20241201;1;57;1031;24214;94644;43006;7381;0;95315;170276;0;0;0;0.0;0;0.0
2024-12;20241201;3;56;707;9356;74081;51366;4994;804;110018;141308;1466;669;3134;0.0;0;0.0
2024-12;20241201;1;58;472;19442;141515;62986;1432;6576;9;232423;571;283;1585;0.0;0;0.0
2024-12;20241201;5;61;1165;50916;168559;138667;4750;13276;3426;377333;732;409;2345;0.0;0;0.0
2024-12;20241201;1;63;196;11258;61983;64785;1945;10540;1076;150707;538;229;1250;0.0;0;0.0
2024-12;20241201;1;64;526;15506;82573;68523;1194;2949;43;171271;0;0;0;0.0;0;0.0
2024-12;20241201;2;67;109;5099;41028;23257;149;1149;182;70791;173;83;368;0.0;0;0.0
2024-12;20241201;3;68;388;12780;67508;47229;1796;2455;12;132156;285;127;609;0.0;0;0.0
2024-12;20241201;1;70;328;11359;66478;44530;853;2933;6;126481;354;119;750;0.0;0;0.0
2024-12;20241201;1;53;282;13243;44342;21734;1358;1229;9315;82188;0;0;0;0.0;0;0.0
2024-12;20241201;4;69;103;4721;22588;22569;237;1450;52794;51668;0;0;0;0.0;0;0.0
2024-12;20241201;3;32;371;18462;53973;81703;1538;524;16;156571;0;0;0;0.0;0;0.0
2024-12;20241201;2;37;142;4600;43451;19487;239;3280;66;71199;164;95;577;0.0;0;0.0
2024-12;20241201;3;43;774;17021;55577;62728;4211;2094;1860;142405;633;288;1318;0.0;0;0.0
2024-12;20241201;1;46;871;17780;100625;83428;1254;7948;1580;211906;836;376;1616;0.0;0;0.0
2024-12;20241201;3;65;317;10637;61280;58466;2192;4571;6835;137463;274;150;853;0.0;0;0.0
2024-12;20241201;4;66;310;11399;61452;40756;1524;998;446;116439;0;0;0;0.0;0;0.0
2024-12;20241201;3;71;594;14728;72335;60307;1449;4082;436;153495;268;103;984;0.0;0;0.0
2024-12;20241201;1;72;323;8354;64262;28245;803;4145;237;106132;0;0;0;0.0;0;0.0
2024-12;20241201;2;38;338;8767;51619;37434;2306;1836;144;102300;0;0;0;0.0;0;0.0
2024-12;20241201;2;41;590;22107;97006;46082;2574;8670;402;177029;545;226;1134;0.0;0;0.0
2024-12;20241201;2;42;796;16149;77717;53579;1725;4287;879;154253;474;205;1288;0.0;0;0.0
2024-12;20241201;1;45;105;4313;25856;33267;1560;629;52;65730;179;72;408;0.0;0;0.0
2024-12;20241201;2;35;118;4556;34578;29745;1234;2212;161;72443;139;52;538;0.0;0;0.0
2024-12;20241201;3;36;359;15612;53812;32974;1086;4099;7995;107942;372;189;1022;0.0;0;0.0
2024-12;20241201;3;39;350;16105;55682;39258;1258;1303;307;113956;283;98;880;0.0;0;0.0
2024-12;20241201;3;44;716;25614;75961;139205;4484;4741;2354;250721;720;351;1529;0.0;0;0.0
2024-12;20241201;2;48;1609;42713;140019;66432;2854;9444;28866;263071;1387;774;3766;0.0;0;0.0
2024-12;20241201;3;51;262;10877;47511;59889;2926;3921;9208;125386;913;467;1840;0.0;0;0.0
2024-12;20241201;3;52;306;12951;58517;34318;1364;1187;1738;108643;426;185;657;0.0;0;0.0
2024-12;20241201;3;54;889;22082;84776;78399;4675;2590;2718;193411;1083;675;2331;0.0;0;0.0
2024-12;20241201;1;55;618;12954;71950;32049;2468;5788;20978;125827;1134;599;2171;0.0;0;0.0
2024-12;20241201;1;59;469;13905;103829;55075;2163;4581;2482;180022;0;0;0;0.0;0;0.0
2024-12;20241201;4;60;360;16023;37015;35903;2425;1387;823;93113;329;116;874;0.0;0;0.0
2024-12;20241201;4;62;277;8675;40359;39272;1051;2341;0;91975;151;34;619;0.0;0;0.0
2024-12;20241201;3;74;451;18156;75389;74805;2569;4241;1194;175611;255;103;850;0.0;0;0.0
2024-12;20241201;1;75;1001;28642;94333;55003;1570;17273;14893;197822;689;255;1402;0.0;0;0.0
2024-11;20241101;3;68;358;11566;61862;42648;1679;2029;12;120142;288;127;612;0.0;0;0.0
2024-11;20241101;1;72;288;7692;57712;26750;751;3819;216;97012;0;0;0;0.0;0;0.0
2024-11;20241101;3;74;407;16505;68859;69837;2399;3979;958;161986;256;103;846;0.0;0;0.0
2024-11;20241101;3;39;304;14463;50809;36563;1174;952;284;104265;286;98;884;0.0;0;0.0
2024-11;20241101;2;49;459;16059;63475;43507;2345;6736;14501;132581;0;0;0;0.0;0;0.0
2024-11;20241101;1;58;440;17730;129555;57949;1331;6021;8;213026;577;283;1581;0.0;0;0.0
2024-11;20241101;1;59;422;12670;94377;50025;2005;4210;2397;163709;0;0;0;0.0;0;0.0
2024-11;20241101;1;63;183;10178;56788;59627;1844;9590;1010;138210;532;232;1242;0.0;0;0.0
2024-11;20241101;3;65;288;9545;55995;53170;2029;4115;6742;125142;279;150;856;0.0;0;0.0
2024-11;20241101;4;69;97;4205;20443;20664;220;1298;48288;46927;0;0;0;0.0;0;0.0
2024-11;20241101;3;32;341;16542;48211;70596;1088;218;1;136996;0;0;0;0.0;0;0.0
2024-11;20241101;3;36;322;14067;48848;29588;975;3705;7446;97505;377;190;1020;0.0;0;0.0
2024-11;20241101;1;40;246;5539;27465;26240;1080;5;1296;60575;241;80;466;0.0;0;0.0
2024-11;20241101;1;46;798;16212;91898;76665;1174;7244;1450;193991;842;377;1603;0.0;0;0.0
2024-11;20241101;1;50;568;22173;101015;53380;1757;751;325;179644;608;258;1162;0.0;0;0.0
2024-11;20241101;3;52;275;11779;53991;31618;1267;1127;1312;100057;426;186;663;0.0;0;0.0
2024-11;20241101;3;56;641;8584;67849;47750;4572;742;100565;130138;1468;675;3144;0.0;0;0.0
2024-11;20241101;2;67;98;4690;37777;21460;132;1063;163;65220;172;83;363;0.0;0;0.0
2024-11;20241101;1;70;299;10335;60147;41869;781;2790;6;116221;354;120;745;0.0;0;0.0
2024-11;20241101;3;71;528;13285;65957;54276;1324;3659;382;139029;268;103;985;0.0;0;0.0
2024-11;20241101;1;75;879;26166;84525;51600;1473;15825;13871;180468;693;257;1398;0.0;0;0.0
2024-11;20241101;2;37;126;4227;40013;17789;223;3049;61;65427;166;97;578;0.0;0;0.0
2024-11;20241101;2;38;313;7982;47237;34141;2177;1651;135;93501;0;0;0;0.0;0;0.0
2024-11;20241101;2;41;545;19993;88466;43158;2389;7856;366;162407;544;227;1132;0.0;0;0.0
2024-11;20241101;3;43;691;15222;50365;58647;4104;1838;1903;130867;632;290;1320;0.0;0;0.0
2024-11;20241101;1;45;93;3898;23371;31000;1472;590;45;60424;175;74;413;0.0;0;0.0
2024-11;20241101;2;48;1471;38947;129248;61490;2673;8656;26505;242485;1391;775;3763;0.0;0;0.0
2024-11;20241101;3;51;232;9770;43150;54493;2712;3567;8497;113924;920;470;1840;0.0;0;0.0
2024-11;20241101;1;53;261;12130;40394;20656;1296;1134;8605;75871;0;0;0;0.0;0;0.0
2024-11;20241101;3;54;804;19827;77234;72544;4426;2358;2456;177193;1094;679;2346;0.0;0;0.0
2024-11;20241101;1;55;570;11844;66123;29663;2308;5296;19468;115804;1133;601;2167;0.0;0;0.0
2024-11;20241101;1;57;929;22291;87421;40011;6858;0;86446;157510;0;0;0;0.0;0;0.0
2024-11;20241101;5;61;1068;46718;154984;127990;4422;12280;3109;347462;737;411;2352;0.0;0;0.0
2024-11;20241101;4;62;248;7956;36499;36505;979;1954;0;84141;152;35;621;0.0;0;0.0
2024-11;20241101;4;66;278;10348;56379;37336;1389;894;415;106624;0;0;0;0.0;0;0.0
2024-11;20241101;2;35;105;4156;31732;27092;1134;2044;151;66263;139;53;536;0.0;0;0.0
2024-11;20241101;2;42;732;14731;70823;50093;1605;3954;809;141938;476;206;1289;0.0;0;0.0
2024-11;20241101;3;44;635;23199;69903;126911;4181;4305;2252;229134;724;353;1541;0.0;0;0.0
2024-11;20241101;4;60;333;14643;34054;32597;2278;1157;757;85062;330;118;874;0.0;0;0.0
2024-11;20241101;1;64;471;14034;74956;63878;1112;2722;42;157173;0;0;0;0.0;0;0.0
2024-10;20241001;1;40;215;4987;24803;23634;978;4;1275;54621;239;82;467;0.0;0;0.0
2024-10;20241001;2;42;663;13500;64545;46522;1486;3595;752;130311;483;206;1289;0.0;0;0.0
2024-10;20241001;1;50;514;20133;92112;49250;1613;734;307;164356;550;245;1055;0.0;0;0.0
2024-10;20241001;3;51;207;8879;39189;49116;2476;3264;7721;103131;927;473;1837;0.0;0;0.0
2024-10;20241001;1;57;843;20474;79678;36407;6103;0;77816;143505;0;0;0;0.0;0;0.0
2024-10;20241001;4;62;223;7231;33161;33068;906;1736;0;76325;151;35;614;0.0;0;0.0
2024-10;20241001;1;70;266;9409;54535;38303;703;2569;6;105785;354;121;742;0.0;0;0.0
2024-10;20241001;3;43;636;13618;45504;53829;3921;1497;1755;119005;634;291;1322;0.0;0;0.0
2024-10;20241001;3;54;731;17673;69390;65895;4077;2128;2224;159894;1097;680;2330;0.0;0;0.0
2024-10;20241001;1;63;166;9162;51614;54080;1651;8663;908;125336;538;233;1220;0.0;0;0.0
2024-10;20241001;3;71;480;12020;59804;49209;1204;3370;353;126087;268;103;987;0.0;0;0.0
2024-10;20241001;2;41;500;18092;80276;39906;2188;7066;335;148028;582;254;1233;0.0;0;0.0
2024-10;20241001;1;46;718;14707;83356;69607;1076;6606;1318;176070;844;379;1589;0.0;0;0.0
2024-10;20241001;3;52;259;10667;49245;28668;1155;1041;1253;91035;422;187;664;0.0;0;0.0
2024-10;20241001;1;55;518;10777;60308;27053;2097;4745;17928;105498;1139;606;2155;0.0;0;0.0
2024-10;20241001;1;59;384;11543;85529;45219;1804;3851;2314;148330;0;0;0;0.0;0;0.0
2024-10;20241001;4;60;300;13409;30945;29186;2083;967;706;76890;332;120;873;0.0;0;0.0
2024-10;20241001;5;61;987;42567;141978;118072;4049;11295;2880;318948;739;411;2352;0.0;0;0.0
2024-10;20241001;4;66;250;9507;51198;33973;1277;796;392;97001;0;0;0;0.0;0;0.0
2024-10;20241001;1;72;269;7068;52261;24324;677;3477;191;88076;0;0;0;0.0;0;0.0
2024-10;20241001;3;32;305;14923;43740;64165;976;195;1;124304;0;0;0;0.0;0;0.0
2024-10;20241001;3;36;284;12765;43990;26313;874;3285;6877;87511;379;192;1026;0.0;0;0.0
2024-10;20241001;2;37;116;3849;36707;16115;203;2742;56;59732;165;97;578;0.0;0;0.0
2024-10;20241001;3;39;269;13122;46048;34087;1054;831;274;95411;283;101;878;0.0;0;0.0
2024-10;20241001;3;44;579;20975;63464;114909;3779;3940;2181;207646;730;355;1533;0.0;0;0.0
2024-10;20241001;1;45;86;3539;21077;28631;1371;547;32;55251;178;75;407;0.0;0;0.0
2024-10;20241001;2;48;1339;35373;117963;55982;2449;7973;24171;221079;1393;778;3747;0.0;0;0.0
2024-10;20241001;2;49;418;14667;54617;41527;1562;5688;14598;118479;0;0;0;0.0;0;0.0
2024-10;20241001;1;53;227;11038;36501;19014;1235;1061;7832;69076;0;0;0;0.0;0;0.0
2024-10;20241001;3;56;586;7856;61525;43665;4102;685;90878;118419;1472;678;3131;0.0;0;0.0
2024-10;20241001;3;68;322;10252;58441;41535;2127;1841;530;114518;290;127;614;0.0;0;0.0
2024-10;20241001;4;69;77;3800;18521;18783;202;1191;43896;42574;0;0;0;0.0;0;0.0
2024-10;20241001;2;35;94;3840;29016;24796;1046;1787;87;60579;137;54;536;0.0;0;0.0
2024-10;20241001;2;38;286;7306;43104;31224;2011;1502;118;85433;0;0;0;0.0;0;0.0
2024-10;20241001;1;58;397;16152;118360;52884;1232;5466;8;194491;578;285;1584;0.0;0;0.0
2024-10;20241001;1;64;436;12905;68666;59261;1015;2510;40;144793;0;0;0;0.0;0;0.0
2024-10;20241001;3;65;266;8542;50775;48218;1874;3708;6642;113383;276;149;841;0.0;0;0.0
2024-10;20241001;2;67;90;4260;34590;19585;112;953;143;59590;172;83;359;0.0;0;0.0
2024-10;20241001;3;74;377;14777;62361;62709;2156;3608;827;145988;255;103;847;0.0;0;0.0
2024-10;20241001;1;75;792;23845;76923;46668;1356;14348;12904;163932;680;268;1397;0.0;0;0.0
2024-09;20240901;2;38;261;6610;38717;28256;1838;1362;107;77044;0;0;0;0.0;0;0.0
2024-09;20240901;1;50;477;18125;82658;45165;1461;709;290;148595;549;253;1062;0.0;0;0.0
2024-09;20240901;3;54;641;15708;61841;59344;3696;1843;1920;143073;1094;683;2257;0.0;0;0.0
2024-09;20240901;1;55;472;9783;54045;24315;1893;4216;16064;94724;1146;616;2147;0.0;0;0.0
2024-09;20240901;1;59;349;10339;76268;40078;1581;3477;2366;132092;0;0;0;0.0;0;0.0
2024-09;20240901;3;68;273;9071;52255;36884;1874;1650;456;102007;291;132;596;0.0;0;0.0
2024-09;20240901;4;69;72;3408;16626;16941;191;1072;39401;38310;0;0;0;0.0;0;0.0
2024-09;20240901;2;49;376;13132;50799;35749;1827;5467;11810;107350;0;0;0;0.0;0;0.0
2024-09;20240901;3;52;227;9626;44158;25355;1050;945;1145;81361;418;190;658;0.0;0;0.0
2024-09;20240901;1;57;740;18432;71655;32707;5330;0;69420;128864;0;0;0;0.0;0;0.0
2024-09;20240901;3;56;532;7077;54827;39056;3579;603;81187;105674;1483;683;3080;0.0;0;0.0
2024-09;20240901;4;60;265;12149;27778;25897;1914;800;666;68803;333;120;852;0.0;0;0.0
2024-09;20240901;1;63;147;8253;46470;48289;1441;7667;823;112267;540;233;1213;0.0;0;0.0
2024-09;20240901;1;75;714;21599;67236;42740;1180;12917;11317;146386;675;279;1401;0.0;0;0.0
2024-09;20240901;2;37;102;3494;32925;14366;185;2497;56;53569;166;97;575;0.0;0;0.0
2024-09;20240901;2;42;596;12258;57914;41823;1326;3138;666;117055;480;207;1284;0.0;0;0.0
2024-09;20240901;3;43;570;12186;41033;49126;3733;1209;518;107857;635;292;1325;0.0;0;0.0
2024-09;20240901;2;48;1199;32035;106164;49583;2133;7180;21900;198294;1392;782;3756;0.0;0;0.0
2024-09;20240901;1;53;208;9915;32524;17103;1131;936;7010;61817;0;0;0;0.0;0;0.0
2024-09;20240901;4;62;204;6688;30172;29821;831;1564;0;69280;154;35;616;0.0;0;0.0
2024-09;20240901;1;64;399;11578;61704;53346;914;2197;35;130138;0;0;0;0.0;0;0.0
2024-09;20240901;2;67;83;3848;31269;17614;102;861;133;53777;173;84;357;0.0;0;0.0
2024-09;20240901;1;70;239;8485;48977;34452;647;2344;6;95144;353;123;752;0.0;0;0.0
2024-09;20240901;3;71;436;10834;53682;43718;1085;2872;312;112627;265;107;987;0.0;0;0.0
2024-09;20240901;3;74;351;13231;55688;55968;1924;3238;734;130400;251;104;848;0.0;0;0.0
2024-09;20240901;2;35;87;3476;26261;22447;948;1543;78;54762;136;54;535;0.0;0;0.0
2024-09;20240901;3;36;258;11525;39209;22965;752;2875;6119;77584;365;202;1029;0.0;0;0.0
2024-09;20240901;1;40;192;4459;22265;21147;887;2;1240;48952;237;85;467;0.0;0;0.0
2024-09;20240901;3;51;185;7999;35151;43684;2212;2893;6814;92124;920;479;1837;0.0;0;0.0
2024-09;20240901;5;61;886;38273;127787;107207;3663;10241;2610;288057;745;411;2330;0.0;0;0.0
2024-09;20240901;3;65;243;7546;45086;42766;1700;3298;6135;100639;275;149;844;0.0;0;0.0
2024-09;20240901;1;72;245;6391;47185;21802;606;3148;168;79377;0;0;0;0.0;0;0.0
2024-09;20240901;3;32;275;13247;39014;57293;837;168;1;110834;0;0;0;0.0;0;0.0
2024-09;20240901;3;39;233;11851;41148;30950;934;724;257;85840;276;110;865;0.0;0;0.0
2024-09;20240901;2;41;457;16214;71734;35648;1968;6262;310;132283;577;262;1237;0.0;0;0.0
2024-09;20240901;3;44;521;18687;56725;102474;3391;3544;2108;185342;714;370;1521;0.0;0;0.0
2024-09;20240901;1;45;78;3168;18908;26254;1299;501;29;50208;176;75;401;0.0;0;0.0
2024-09;20240901;1;46;658;13148;75059;62659;952;5925;1190;158401;841;385;1589;0.0;0;0.0
2024-09;20240901;1;58;357;14523;107127;47830;1122;4912;8;175871;579;288;1584;0.0;0;0.0
2024-09;20240901;4;66;230;8619;46049;30668;1108;703;351;87377;0;0;0;0.0;0;0.0
2024-08;20240801;2;38;238;5993;34658;25490;1673;1240;94;69292;0;0;0;0.0;0;0.0
2024-08;20240801;3;39;207;10644;36908;27802;846;643;99;77050;275;113;851;0.0;0;0.0
2024-08;20240801;2;42;539;10996;51890;37828;1195;2786;611;105234;469;209;1275;0.0;0;0.0
2024-08;20240801;2;49;346;11795;45585;32597;1639;4855;10512;96817;0;0;0;0.0;0;0.0
2024-08;20240801;3;51;165;7216;31395;39114;1961;2614;5982;82465;885;512;1800;0.0;0;0.0
2024-08;20240801;1;53;189;8917;29159;15216;977;801;6192;55259;0;0;0;0.0;0;0.0
2024-08;20240801;1;58;325;13022;96837;43291;1030;4392;7;158897;559;293;1584;0.0;0;0.0
2024-08;20240801;1;59;307;9233;67904;35885;1405;3130;2182;117864;0;0;0;0.0;0;0.0
2024-08;20240801;1;64;371;10396;55335;47957;816;1938;31;116813;0;0;0;0.0;0;0.0
2024-08;20240801;1;70;218;7651;44003;31076;579;2080;6;85607;346;126;744;0.0;0;0.0
2024-08;20240801;3;71;395;9816;48093;39071;976;2615;276;100966;264;110;984;0.0;0;0.0
2024-08;20240801;1;75;644;19369;59893;38281;1095;11412;10105;130694;670;280;1405;0.0;0;0.0
2024-08;20240801;3;36;245;10421;34653;20430;666;2531;5322;68946;360;206;1021;0.0;0;0.0
2024-08;20240801;2;41;411;14509;64223;32131;1760;5500;281;118534;577;264;1244;0.0;0;0.0
2024-08;20240801;3;44;457;16533;50198;91610;2997;3117;2048;164912;714;374;1513;0.0;0;0.0
2024-08;20240801;1;45;66;2841;16898;23907;1213;447;28;45372;170;76;404;0.0;0;0.0
2024-08;20240801;2;48;1062;28932;95015;44468;1858;6382;19798;177717;1344;833;3764;0.0;0;0.0
2024-08;20240801;3;54;552;13831;54738;53093;3307;1636;1665;127157;1092;703;2199;0.0;0;0.0
2024-08;20240801;3;56;487;6372;48886;34838;3053;527;73362;94163;1479;685;3067;0.0;0;0.0
2024-08;20240801;1;72;218;5727;42468;19651;532;2839;153;71435;0;0;0;0.0;0;0.0
2024-08;20240801;3;74;309;11856;49978;50454;1739;2867;655;117203;243;109;848;0.0;0;0.0
2024-08;20240801;1;40;172;3958;19953;19040;803;1;1220;43927;236;88;468;0.0;0;0.0
2024-08;20240801;1;55;426;8779;48176;21506;1687;3720;14347;84294;1137;623;2148;0.0;0;0.0
2024-08;20240801;1;57;668;16471;64196;29271;4642;0;62659;115248;0;0;0;0.0;0;0.0
2024-08;20240801;4;66;218;7750;41337;27960;990;597;332;78852;0;0;0;0.0;0;0.0
2024-08;20240801;4;69;66;3062;14827;15379;178;946;35430;34458;0;0;0;0.0;0;0.0
2024-08;20240801;2;35;73;3126;23709;20429;841;1405;71;49583;137;54;534;0.0;0;0.0
2024-08;20240801;1;46;590;11711;67274;56725;851;5317;1079;142468;804;413;1582;0.0;0;0.0
2024-08;20240801;4;60;230;10957;24701;22938;1690;719;637;61235;332;120;857;0.0;0;0.0
2024-08;20240801;5;61;786;34146;114076;96325;3299;9133;2309;257765;740;418;2303;0.0;0;0.0
2024-08;20240801;4;62;185;6030;27094;26651;744;1376;0;62080;153;35;611;0.0;0;0.0
2024-08;20240801;1;63;129;7410;41643;43429;1284;6845;768;100740;528;235;1201;0.0;0;0.0
2024-08;20240801;2;67;74;3475;28150;15920;95;787;124;48501;166;90;355;0.0;0;0.0
2024-08;20240801;3;68;234;8047;46782;33052;1679;1429;409;91223;292;134;590;0.0;0;0.0
2024-08;20240801;3;32;244;11741;34767;51179;734;155;1;98820;0;0;0;0.0;0;0.0
2024-08;20240801;2;37;98;3100;29597;13092;160;2264;53;48311;167;99;577;0.0;0;0.0
2024-08;20240801;3;43;502;10876;36584;44054;3382;1049;459;96447;635;293;1325;0.0;0;0.0
2024-08;20240801;1;50;429;16298;74054;41520;1358;685;266;134344;535;261;1066;0.0;0;0.0
2024-08;20240801;3;52;210;8748;39641;22684;909;866;1048;73058;399;192;637;0.0;0;0.0
2024-08;20240801;3;65;223;6710;39854;38249;1588;2983;5632;89607;271;157;844;0.0;0;0.0
2024-07;20240701;2;38;211;5180;29842;22295;1459;1080;74;60067;0;0;0;0.0;0;0.0
2024-07;20240701;2;48;949;25722;83202;38896;1593;5460;17331;155822;1343;839;3752;0.0;0;0.0
2024-07;20240701;2;49;303;10347;39837;28974;1387;4180;9154;85028;0;0;0;0.0;0;0.0
2024-07;20240701;1;53;167;7881;25539;13256;847;699;5352;48389;0;0;0;0.0;0;0.0
2024-07;20240701;3;54;473;12366;48129;46639;2876;1443;1483;111926;1075;723;2187;0.0;0;0.0
2024-07;20240701;3;56;424;5615;42398;29983;2489;466;64830;81375;1467;702;3072;0.0;0;0.0
2024-07;20240701;1;59;272;8243;59568;31332;1199;2743;1787;103357;0;0;0;0.0;0;0.0
2024-07;20240701;1;64;330;8993;47553;41402;703;1634;29;100615;0;0;0;0.0;0;0.0
2024-07;20240701;3;32;227;10457;30708;45125;620;143;1;87280;0;0;0;0.0;0;0.0
2024-07;20240701;1;40;153;3514;17419;16937;699;1;1192;38723;235;89;470;0.0;0;0.0
2024-07;20240701;2;41;362;12928;56567;28556;1548;4687;252;104648;576;266;1243;0.0;0;0.0
2024-07;20240701;1;45;60;2487;14809;20933;1103;391;23;39783;170;76;402;0.0;0;0.0
2024-07;20240701;1;46;536;10328;58828;49910;721;4771;955;125094;806;414;1566;0.0;0;0.0
2024-07;20240701;1;50;382;14298;65359;37810;1208;666;256;119723;536;263;1062;0.0;0;0.0
2024-07;20240701;1;58;277;11296;83022;37488;885;3812;6;136780;556;301;1579;0.0;0;0.0
2024-07;20240701;3;65;193;6029;35344;33900;1405;2644;4726;79515;269;159;841;0.0;0;0.0
2024-07;20240701;1;72;192;4959;36436;16977;481;2410;138;61455;0;0;0;0.0;0;0.0
2024-07;20240701;3;39;183;9540;32413;24640;755;566;76;68097;272;112;852;0.0;0;0.0
2024-07;20240701;3;43;450;9691;32269;39084;3020;937;421;85451;632;293;1323;0.0;0;0.0
2024-07;20240701;1;55;370;7806;42174;18438;1437;3271;12711;73496;1127;636;2145;0.0;0;0.0
2024-07;20240701;1;57;591;14380;56070;25276;3947;0;56394;100264;0;0;0;0.0;0;0.0
2024-07;20240701;4;60;211;9894;21853;20396;1469;635;601;54458;327;123;857;0.0;0;0.0
2024-07;20240701;4;69;55;2622;12725;13523;164;797;30736;29886;0;0;0;0.0;0;0.0
2024-07;20240701;3;74;269;10513;43839;44945;1527;2534;560;103627;245;111;849;0.0;0;0.0
2024-07;20240701;2;37;81;2709;25761;11672;135;2004;52;42362;164;103;574;0.0;0;0.0
2024-07;20240701;2;42;474;9783;45652;33691;1057;2434;530;93091;458;219;1269;0.0;0;0.0
2024-07;20240701;3;51;157;6512;27860;34875;1673;2258;5236;73335;883;511;1787;0.0;0;0.0
2024-07;20240701;4;62;162;5280;23753;23280;617;1219;0;54311;154;35;608;0.0;0;0.0
2024-07;20240701;1;63;111;6610;36814;38453;1078;6003;683;89069;516;248;1190;0.0;0;0.0
2024-07;20240701;4;66;202;6846;36381;25024;880;529;307;69862;0;0;0;0.0;0;0.0
2024-07;20240701;2;67;60;2960;24396;14049;82;685;116;42232;165;90;353;0.0;0;0.0
2024-07;20240701;3;68;212;7192;41456;29446;1448;1246;364;81000;287;137;589;0.0;0;0.0
2024-07;20240701;1;70;194;6784;39030;27766;497;1807;5;76078;344;129;740;0.0;0;0.0
2024-07;20240701;3;71;338;8708;42004;34155;850;2208;252;88263;265;112;982;0.0;0;0.0
2024-07;20240701;1;75;583;17009;52138;31680;949;9932;8949;112291;667;283;1396;0.0;0;0.0
2024-07;20240701;2;35;63;2765;20771;18003;734;1204;64;43540;136;54;533;0.0;0;0.0
2024-07;20240701;3;36;219;9353;30321;18052;572;2233;4808;60750;360;207;1018;0.0;0;0.0
2024-07;20240701;3;44;405;14743;44077;80818;2527;2722;1943;145292;696;391;1507;0.0;0;0.0
2024-07;20240701;3;52;189;7824;35328;20460;814;764;959;65379;392;200;634;0.0;0;0.0
2024-07;20240701;5;61;679;29679;97008;82465;2907;7963;1867;220701;742;416;2271;0.0;0;0.0
2024-06;20240601;2;37;73;2287;21980;10210;118;1753;44;36421;165;109;569;0.0;0;0.0
2024-06;20240601;3;39;159;8292;27585;21337;668;466;74;58507;275;115;857;0.0;0;0.0
2024-06;20240601;1;40;136;2983;14843;14686;593;1;1173;33242;236;90;467;0.0;0;0.0
2024-06;20240601;2;42;411;8405;39226;29308;912;2041;443;80303;470;221;1274;0.0;0;0.0
2024-06;20240601;1;45;53;2125;12702;17837;1017;341;23;34075;173;76;399;0.0;0;0.0
2024-06;20240601;1;50;327;12204;55894;33692;1081;638;224;103836;534;269;1050;0.0;0;0.0
2024-06;20240601;3;52;166;6850;30405;17885;708;674;795;56688;396;202;634;0.0;0;0.0
2024-06;20240601;3;54;395;10760;40724;39484;2406;1225;1262;94994;1077;749;2220;0.0;0;0.0
2024-06;20240601;1;57;503;12268;47671;21476;3341;0;49726;85259;0;0;0;0.0;0;0.0
2024-06;20240601;5;61;556;25137;80952;70230;2472;6840;1560;186187;751;422;2287;0.0;0;0.0
2024-06;20240601;3;71;287;7473;35688;29158;727;1825;213;75158;268;116;989;0.0;0;0.0
2024-06;20240601;3;32;194;9009;26299;38761;524;121;1;74908;0;0;0;0.0;0;0.0
2024-06;20240601;2;38;180;4463;25128;19069;1299;921;296;51060;0;0;0;0.0;0;0.0
2024-06;20240601;3;44;352;12720;37816;69703;2156;2305;1025;125052;707;396;1519;0.0;0;0.0
2024-06;20240601;2;49;252;8911;33096;25028;949;3470;8901;71706;0;0;0;0.0;0;0.0
2024-06;20240601;1;55;320;6728;35923;15482;1216;2785;10953;62454;1119;664;2146;0.0;0;0.0
2024-06;20240601;3;56;342;4905;36655;25923;2016;426;57738;70267;1488;716;3092;0.0;0;0.0
2024-06;20240601;1;58;236;9585;70167;32081;767;3288;5;116124;564;305;1582;0.0;0;0.0
2024-06;20240601;1;64;292;7672;40386;35198;571;1415;21;85534;0;0;0;0.0;0;0.0
2024-06;20240601;4;66;179;5879;31117;21613;740;432;292;59960;0;0;0;0.0;0;0.0
2024-06;20240601;1;72;167;4310;30966;14669;431;2028;115;52571;0;0;0;0.0;0;0.0
2024-06;20240601;1;75;500;14423;44084;26993;818;8464;7686;95282;677;289;1368;0.0;0;0.0
2024-06;20240601;2;35;46;2343;17811;15628;655;1036;57;37519;139;54;536;0.0;0;0.0
2024-06;20240601;3;36;197;8152;25744;15242;493;1890;3954;51718;367;212;1024;0.0;0;0.0
2024-06;20240601;1;46;450;8826;50462;42796;596;4129;806;107259;809;418;1560;0.0;0;0.0
2024-06;20240601;3;68;185;6266;35678;25429;1216;1052;301;69826;288;139;606;0.0;0;0.0
2024-06;20240601;2;41;327;11201;48288;24990;1343;3947;214;90096;583;268;1250;0.0;0;0.0
2024-06;20240601;3;51;131;5728;23940;30011;1440;1926;4442;63176;894;523;1807;0.0;0;0.0
2024-06;20240601;1;59;232;7074;50758;27092;984;2473;1697;88613;0;0;0;0.0;0;0.0
2024-06;20240601;4;62;139;4517;20089;19951;516;0;1008;45212;155;35;611;0.0;0;0.0
2024-06;20240601;1;63;93;5824;31416;32923;900;5081;609;76237;519;251;1179;0.0;0;0.0
2024-06;20240601;3;65;153;5275;30452;29346;1228;2338;4208;68792;269;163;848;0.0;0;0.0
2024-06;20240601;2;67;54;2488;20665;12348;76;607;100;36238;167;91;357;0.0;0;0.0
2024-06;20240601;3;43;371;8453;27777;33678;2592;790;374;73661;641;299;1333;0.0;0;0.0
2024-06;20240601;2;48;813;22367;71205;33492;1330;4594;14746;133801;1343;858;3741;0.0;0;0.0
2024-06;20240601;1;53;145;6742;21586;11307;729;621;4520;41130;0;0;0;0.0;0;0.0
2024-06;20240601;4;60;174;8519;18635;17580;1269;535;574;46712;323;135;859;0.0;0;0.0
2024-06;20240601;4;69;51;2219;10534;11538;137;671;26195;25150;0;0;0;0.0;0;0.0
2024-06;20240601;1;70;165;5868;33734;24003;430;1518;5;65718;352;129;732;0.0;0;0.0
2024-06;20240601;3;74;230;9059;37350;38788;1337;2156;471;88920;255;112;855;0.0;0;0.0
2024-05;20240501;2;35;43;1917;14824;13004;562;842;47;31192;138;55;536;0.0;0;0.0
2024-05;20240501;3;39;140;7058;22896;17954;586;367;71;49001;277;117;858;0.0;0;0.0
2024-05;20240501;1;40;113;2465;12142;12557;517;1;1139;27795;236;91;465;0.0;0;0.0
2024-05;20240501;3;44;284;10726;31556;58384;1861;1869;898;104680;707;398;1519;0.0;0;0.0
2024-05;20240501;3;54;321;9127;33639;32588;1990;1041;1018;78706;1073;753;2235;0.0;0;0.0
2024-05;20240501;3;56;279;4099;30193;21155;1627;354;48717;57707;1492;720;3102;0.0;0;0.0
2024-05;20240501;1;58;203;8077;57722;26488;620;2732;4;95842;565;307;1582;0.0;0;0.0
2024-05;20240501;1;59;197;5867;41736;22856;845;2143;1607;73644;0;0;0;0.0;0;0.0
2024-05;20240501;4;66;155;4965;25815;18124;596;329;217;49984;0;0;0;0.0;0;0.0
2024-05;20240501;2;67;49;2065;17182;10289;58;506;81;30149;166;91;360;0.0;0;0.0
2024-05;20240501;3;71;242;6254;29352;23990;618;1498;185;61954;269;117;989;0.0;0;0.0
2024-05;20240501;2;38;153;3775;20676;15844;1125;788;43;42361;0;0;0;0.0;0;0.0
2024-05;20240501;2;42;360;7039;32840;24772;777;1751;359;67539;472;226;1272;0.0;0;0.0
2024-05;20240501;3;51;120;4904;20055;25186;1201;1635;3788;53101;898;526;1809;0.0;0;0.0
2024-05;20240501;1;63;79;4857;26188;27207;737;4215;352;63283;508;252;1163;0.0;0;0.0
2024-05;20240501;1;64;246;6409;33278;29458;494;1158;19;71043;0;0;0;0.0;0;0.0
2024-05;20240501;4;69;43;1827;8678;9633;123;558;21734;20862;0;0;0;0.0;0;0.0
2024-05;20240501;1;72;142;3611;25554;12377;369;1648;93;43701;0;0;0;0.0;0;0.0
2024-05;20240501;3;32;173;7715;22152;32223;405;92;1;62760;0;0;0;0.0;0;0.0
2024-05;20240501;2;37;63;1902;18045;8543;103;1446;39;30102;166;109;568;0.0;0;0.0
2024-05;20240501;1;46;385;7361;41822;35437;500;3387;649;88892;810;419;1552;0.0;0;0.0
2024-05;20240501;1;50;278;10197;46829;29200;942;611;196;88057;531;270;1053;0.0;0;0.0
2024-05;20240501;1;53;120;5648;17921;9342;622;522;3733;34175;0;0;0;0.0;0;0.0
2024-05;20240501;3;68;162;5319;29551;21386;1051;875;246;58344;287;142;605;0.0;0;0.0
2024-05;20240501;1;70;136;4931;28266;20050;347;1298;5;55028;352;129;736;0.0;0;0.0
2024-05;20240501;1;75;394;11788;36431;21937;544;6475;7330;77569;681;290;1397;0.0;0;0.0
2024-05;20240501;3;36;174;6920;21555;12906;419;1606;3467;43580;368;214;1027;0.0;0;0.0
2024-05;20240501;2;41;285;9460;40099;21086;1156;3313;176;75399;588;271;1252;0.0;0;0.0
2024-05;20240501;1;45;48;1779;10374;14936;905;307;18;28349;172;78;396;0.0;0;0.0
2024-05;20240501;2;48;690;18808;58909;27987;1134;3877;12226;111405;1344;869;3744;0.0;0;0.0
2024-05;20240501;3;52;134;5836;25543;15223;603;598;689;47937;384;207;624;0.0;0;0.0
2024-05;20240501;4;60;149;7089;15236;14631;1087;439;486;38631;322;136;858;0.0;0;0.0
2024-05;20240501;3;43;300;7204;23355;28269;2291;667;313;62086;618;328;1334;0.0;0;0.0
2024-05;20240501;2;49;211;7473;27731;20930;796;2914;7474;60055;0;0;0;0.0;0;0.0
2024-05;20240501;1;55;273;5636;29922;12784;1010;2333;8993;51958;1123;668;2146;0.0;0;0.0
2024-05;20240501;1;57;424;10177;39577;17478;2730;0;41866;70386;0;0;0;0.0;0;0.0
2024-05;20240501;5;61;463;20849;66198;58562;2068;5782;1263;153922;754;423;2295;0.0;0;0.0
2024-05;20240501;4;62;119;3755;16593;16398;413;0;813;37278;154;35;611;0.0;0;0.0
2024-05;20240501;3;65;113;4558;25356;24666;1068;2063;3336;57824;273;167;850;0.0;0;0.0
2024-05;20240501;3;74;185;7565;30890;32663;1127;1780;400;74210;257;114;856;0.0;0;0.0
2024-04;20240401;2;41;227;7439;30924;16460;907;2558;150;58515;590;270;1254;0.0;0;0.0
2024-04;20240401;3;44;227;8523;24523;45278;1477;1442;856;81470;713;403;1523;0.0;0;0.0
2024-04;20240401;2;49;165;5855;21734;16412;624;2283;5855;47073;0;0;0;0.0;0;0.0
2024-04;20240401;3;51;98;3894;15788;19562;921;1267;2939;41530;894;537;1809;0.0;0;0.0
2024-04;20240401;3;52;118;4746;20174;12117;487;488;428;38130;383;212;620;0.0;0;0.0
2024-04;20240401;3;54;262;7303;25977;25143;1541;833;804;61059;1064;762;2243;0.0;0;0.0
2024-04;20240401;3;56;228;3244;23284;16470;1308;283;38187;44817;1447;773;3103;0.0;0;0.0
2024-04;20240401;4;62;97;2946;12960;12912;312;617;0;29844;153;40;612;0.0;0;0.0
2024-04;20240401;1;63;69;3883;20486;20901;562;3352;266;49253;513;252;1157;0.0;0;0.0
2024-04;20240401;1;64;201;5081;25914;23093;414;897;19;55600;0;0;0;0.0;0;0.0
2024-04;20240401;4;66;118;3885;19885;14023;493;261;240;38665;0;0;0;0.0;0;0.0
2024-04;20240401;4;69;28;1457;6676;7456;99;426;16853;16142;0;0;0;0.0;0;0.0
2024-04;20240401;3;74;147;6095;24094;25506;876;1344;310;58062;260;116;850;0.0;0;0.0
2024-04;20240401;2;38;119;2714;14602;11072;783;545;30;29835;0;0;0;0.0;0;0.0
2024-04;20240401;2;42;302;5635;25940;19780;638;1427;291;53722;472;233;1284;0.0;0;0.0
2024-04;20240401;1;45;40;1414;8048;11710;772;252;15;22236;172;78;394;0.0;0;0.0
2024-04;20240401;1;50;221;8162;37277;24269;794;587;182;71310;533;270;1055;0.0;0;0.0
2024-04;20240401;1;53;97;4476;13959;7356;495;414;2915;26797;0;0;0;0.0;0;0.0
2024-04;20240401;4;60;119;5590;12121;11704;859;343;442;30736;323;139;856;0.0;0;0.0
2024-04;20240401;5;61;356;16395;50565;46108;1674;4653;925;119751;743;447;2304;0.0;0;0.0
2024-04;20240401;3;65;98;3673;19786;19437;868;1718;2673;45580;275;171;854;0.0;0;0.0
2024-04;20240401;2;67;41;1626;13556;8059;54;404;65;23740;167;94;360;0.0;0;0.0
2024-04;20240401;3;32;148;6243;17341;24656;302;74;1;48764;0;0;0;0.0;0;0.0
2024-04;20240401;2;35;29;1519;11456;9859;438;637;34;23938;137;55;537;0.0;0;0.0
2024-04;20240401;2;37;46;1476;13794;6767;73;1137;27;23293;165;112;566;0.0;0;0.0
2024-04;20240401;1;40;95;1918;9354;10145;434;1;1117;21947;236;92;456;0.0;0;0.0
2024-04;20240401;1;46;318;5912;32955;27831;367;2652;515;70035;813;420;1548;0.0;0;0.0
2024-04;20240401;2;48;539;14825;45649;22053;908;3066;9652;87040;1350;887;3749;0.0;0;0.0
2024-04;20240401;1;57;330;8108;31177;13420;2088;0;32593;55123;0;0;0;0.0;0;0.0
2024-04;20240401;1;72;121;2852;19893;9738;293;1231;76;34128;0;0;0;0.0;0;0.0
2024-04;20240401;1;75;337;9445;28258;17193;564;5649;4731;61446;685;293;1402;0.0;0;0.0
2024-04;20240401;3;36;147;5519;16439;9931;325;1273;2753;33634;370;215;1032;0.0;0;0.0
2024-04;20240401;3;39;118;5660;17859;13949;479;273;63;38338;278;118;847;0.0;0;0.0
2024-04;20240401;3;43;234;5769;17896;21867;1857;542;231;48165;621;331;1338;0.0;0;0.0
2024-04;20240401;1;55;223;4548;23452;9939;799;1860;7015;40821;1123;685;2143;0.0;0;0.0
2024-04;20240401;1;59;165;4631;32325;18439;683;1793;1480;58036;0;0;0;0.0;0;0.0
2024-04;20240401;3;71;206;4950;22872;18468;475;1150;136;48121;267;118;990;0.0;0;0.0
2024-04;20240401;1;58;165;6409;44875;20563;466;2156;4;74634;566;310;1578;0.0;0;0.0
2024-04;20240401;3;68;128;4290;23064;16879;819;709;188;45889;290;144;607;0.0;0;0.0
2024-04;20240401;1;70;109;3961;22144;15447;250;1012;3;42923;354;130;734;0.0;0;0.0
2024-03;20240301;2;37;39;1077;9931;4999;56;841;20;16943;167;112;566;0.0;0;0.0
2024-03;20240301;3;44;170;6342;17749;32895;1117;1014;482;59287;712;403;1529;0.0;0;0.0
2024-03;20240301;1;46;236;4495;24424;20499;254;1939;370;51847;820;422;1548;0.0;0;0.0
2024-03;20240301;2;48;405;11115;33372;16230;667;2245;7066;64034;1355;892;3752;0.0;0;0.0
2024-03;20240301;3;54;202;5537;18697;17996;1085;609;568;44126;1067;762;2265;0.0;0;0.0
2024-03;20240301;1;55;169;3440;17172;7131;600;1348;5218;29860;1130;688;2140;0.0;0;0.0
2024-03;20240301;4;69;19;1051;4856;5398;67;310;12243;11701;0;0;0;0.0;0;0.0
2024-03;20240301;3;32;112;4795;12771;17804;219;61;1;35762;0;0;0;0.0;0;0.0
2024-03;20240301;3;36;114;4160;11896;7177;235;984;1965;24566;370;218;1032;0.0;0;0.0
2024-03;20240301;1;45;28;1091;5927;8699;650;204;10;16599;172;78;392;0.0;0;0.0
2024-03;20240301;1;50;166;6194;28173;19473;591;560;168;55157;536;271;1058;0.0;0;0.0
2024-03;20240301;3;52;84;3633;14895;8860;399;363;328;28234;386;214;620;0.0;0;0.0
2024-03;20240301;1;59;124;3436;23388;14001;511;1481;1320;42941;0;0;0;0.0;0;0.0
2024-03;20240301;1;63;60;2896;15113;15285;371;2482;196;36207;513;254;1153;0.0;0;0.0
2024-03;20240301;1;64;153;3770;18972;16908;288;671;14;40762;0;0;0;0.0;0;0.0
2024-03;20240301;4;66;87;2856;14530;10498;360;204;147;28535;0;0;0;0.0;0;0.0
2024-03;20240301;1;70;83;2966;16356;11342;175;711;2;31633;354;130;726;0.0;0;0.0
2024-03;20240301;2;35;26;1128;8623;7193;324;488;25;17782;138;55;538;0.0;0;0.0
2024-03;20240301;1;57;236;6081;22832;9673;1491;0;23865;40313;0;0;0;0.0;0;0.0
2024-03;20240301;1;58;0;0;0;0;0;0;0;0;566;310;1580;0.0;0;0.0
2024-03;20240301;3;65;80;2780;14657;14206;658;1308;2044;33689;278;173;858;0.0;0;0.0
2024-03;20240301;3;74;117;4607;17698;18745;633;940;224;42740;259;117;852;0.0;0;0.0
2024-03;20240301;2;38;101;2210;11742;8919;612;478;20;24062;0;0;0;0.0;0;0.0
2024-03;20240301;2;41;172;5585;22405;12103;650;1816;119;42731;588;271;1253;0.0;0;0.0
2024-03;20240301;3;43;188;4358;12942;15985;1361;391;166;35225;623;332;1337;0.0;0;0.0
2024-03;20240301;3;51;79;2955;11559;14313;692;952;2109;30550;892;541;1799;0.0;0;0.0
2024-03;20240301;1;53;75;3334;10159;5289;369;315;2082;19541;0;0;0;0.0;0;0.0
2024-03;20240301;3;56;155;2418;17166;12088;952;210;27631;32989;1453;777;3111;0.0;0;0.0
2024-03;20240301;5;61;260;12040;36613;33754;1287;3454;579;87408;745;448;2307;0.0;0;0.0
2024-03;20240301;4;62;78;2209;9550;9533;226;0;446;21596;151;40;611;0.0;0;0.0
2024-03;20240301;2;67;34;1231;10050;5888;37;295;41;17535;167;94;362;0.0;0;0.0
2024-03;20240301;1;72;91;2138;14665;7284;221;904;66;25303;0;0;0;0.0;0;0.0
2024-03;20240301;1;75;265;6964;20472;12023;414;4184;3531;44322;686;297;1388;0.0;0;0.0
2024-03;20240301;3;39;91;4133;12856;10346;368;190;68;27984;275;119;847;0.0;0;0.0
2024-03;20240301;1;40;75;1425;6818;7609;331;1;888;16259;237;92;457;0.0;0;0.0
2024-03;20240301;2;42;234;4195;19403;14919;471;1083;210;40305;470;234;1289;0.0;0;0.0
2024-03;20240301;2;49;121;4301;15950;12022;458;1679;4306;34531;0;0;0;0.0;0;0.0
2024-03;20240301;4;60;90;4076;8817;8461;606;252;304;22302;322;140;858;0.0;0;0.0
2024-03;20240301;3;68;95;3304;17093;12558;579;561;125;34190;289;146;608;0.0;0;0.0
2024-03;20240301;3;71;157;3683;16729;13289;340;811;102;35009;269;118;991;0.0;0;0.0
2024-02;20240201;3;36;75;2727;7472;4444;153;688;1272;15559;372;219;1038;0.0;0;0.0
2024-02;20240201;2;41;115;3564;14079;7595;401;1182;70;26936;591;272;1257;0.0;0;0.0
2024-02;20240201;2;42;157;2710;12410;9691;308;753;127;26029;464;235;1291;0.0;0;0.0
2024-02;20240201;2;48;258;7244;21303;10435;445;1463;4815;41148;1361;892;3757;0.0;0;0.0
2024-02;20240201;2;49;79;2824;10461;7867;301;1104;2831;22636;0;0;0;0.0;0;0.0
2024-02;20240201;1;55;114;2247;10749;4649;413;928;3373;19100;1131;690;2135;0.0;0;0.0
2024-02;20240201;1;57;147;3969;14706;6051;949;0;14828;25822;0;0;0;0.0;0;0.0
2024-02;20240201;4;62;51;1483;6315;6189;162;285;0;14485;152;40;613;0.0;0;0.0
2024-02;20240201;1;63;35;1918;9734;9613;231;1661;120;23192;513;256;1141;0.0;0;0.0
2024-02;20240201;4;66;59;1819;9442;6897;235;137;104;18589;0;0;0;0.0;0;0.0
2024-02;20240201;2;38;79;1495;7640;5760;381;309;15;15664;0;0;0;0.0;0;0.0
2024-02;20240201;1;40;56;914;4384;4881;213;1;565;10449;236;92;459;0.0;0;0.0
2024-02;20240201;1;46;153;2956;15542;13250;179;1324;187;33404;821;423;1533;0.0;0;0.0
2024-02;20240201;1;50;103;4107;17992;12516;391;387;51;35496;536;274;1060;0.0;0;0.0
2024-02;20240201;3;52;52;2336;9711;5592;268;274;204;18233;384;213;619;0.0;0;0.0
2024-02;20240201;3;54;137;3618;11768;10944;712;398;353;27577;1069;766;2275;0.0;0;0.0
2024-02;20240201;1;58;96;3226;21201;9675;208;1020;1;35426;572;310;1578;0.0;0;0.0
2024-02;20240201;3;65;52;1777;9587;9273;447;699;1430;21835;276;173;859;0.0;0;0.0
2024-02;20240201;2;67;22;808;6514;3648;23;198;25;11213;164;94;361;0.0;0;0.0
2024-02;20240201;3;68;68;2177;10923;7939;336;367;81;21810;292;147;616;0.0;0;0.0
2024-02;20240201;3;71;100;2363;10775;8216;216;465;63;22135;269;118;994;0.0;0;0.0
2024-02;20240201;1;72;56;1405;9692;4776;135;590;45;16654;0;0;0;0.0;0;0.0
2024-02;20240201;3;32;78;3225;8051;11201;145;33;1;22733;0;0;0;0.0;0;0.0
2024-02;20240201;2;37;29;672;6323;3256;41;532;11;10853;165;113;571;0.0;0;0.0
2024-02;20240201;3;43;119;2835;8275;10198;915;252;111;22594;628;332;1336;0.0;0;0.0
2024-02;20240201;3;56;99;1605;11310;8075;676;121;18314;21886;1456;781;3107;0.0;0;0.0
2024-02;20240201;1;59;91;2340;15274;9445;341;1036;124;28527;0;0;0;0.0;0;0.0
2024-02;20240201;3;74;81;3010;11115;11849;429;609;137;27093;260;117;841;0.0;0;0.0
2024-02;20240201;1;75;184;4424;12595;7133;286;2692;2432;27314;687;297;1393;0.0;0;0.0
2024-02;20240201;2;35;17;761;5673;4588;212;320;19;11571;138;55;531;0.0;0;0.0
2024-02;20240201;3;39;55;2631;7904;6409;237;133;19;17369;275;119;848;0.0;0;0.0
2024-02;20240201;3;44;96;4164;11357;20926;765;642;120;37950;715;404;1536;0.0;0;0.0
2024-02;20240201;1;53;60;2151;6551;3279;248;174;1314;12463;0;0;0;0.0;0;0.0
2024-02;20240201;5;61;181;7656;23524;21788;872;2231;365;56252;752;449;2314;0.0;0;0.0
2024-02;20240201;1;70;54;1928;10614;7127;124;466;1;20313;353;134;737;0.0;0;0.0
2024-02;20240201;1;45;21;688;3818;5539;435;145;6;10646;172;80;387;0.0;0;0.0
2024-02;20240201;3;51;63;1957;7431;8989;430;625;1344;19495;895;541;1798;0.0;0;0.0
2024-02;20240201;4;60;60;2594;5683;5295;406;165;243;14203;325;140;859;0.0;0;0.0
2024-02;20240201;1;64;110;2472;12350;10832;173;425;10;26362;0;0;0;0.0;0;0.0
2024-02;20240201;4;69;10;676;3048;3431;45;213;16853;7423;0;0;0;0.0;0;0.0
2024-01;20240101;3;32;42;1618;3844;5298;63;15;0;10880;0;0;0;0.0;0;0.0
2024-01;20240101;2;38;36;885;3999;3143;187;137;9;8387;0;0;0;0.0;0;0.0
2024-01;20240101;1;40;39;512;2283;2367;87;1;246;5289;235;95;461;0.0;0;0.0
2024-01;20240101;2;48;143;3788;10403;5048;203;801;2485;20386;1359;893;3748;0.0;0;0.0
2024-01;20240101;1;50;65;2247;9493;6913;233;253;45;19204;534;280;1067;0.0;0;0.0
2024-01;20240101;3;51;35;1013;3726;4113;209;325;627;9421;896;546;1798;0.0;0;0.0
2024-01;20240101;3;52;33;1178;4758;2681;117;150;89;8917;382;209;626;0.0;0;0.0
2024-01;20240101;4;60;33;1159;1926;1372;126;88;2699;4704;324;142;857;0.0;0;0.0
2024-01;20240101;3;71;56;1240;5368;3923;116;251;31;10954;270;119;997;0.0;0;0.0
2024-01;20240101;1;75;106;2248;6093;3233;116;1332;973;13128;684;299;1392;0.0;0;0.0
2024-01;20240101;2;41;60;1847;6910;3835;179;619;44;13450;588;276;1259;0.0;0;0.0
2024-01;20240101;1;53;37;1154;3196;1570;109;108;647;6174;0;0;0;0.0;0;0.0
2024-01;20240101;1;55;62;1245;5226;2276;184;524;1721;9517;1128;695;2135;0.0;0;0.0
2024-01;20240101;1;57;84;2091;7063;3015;460;0;7165;12713;0;0;0;0.0;0;0.0
2024-01;20240101;4;66;30;966;4858;3757;132;73;68;9816;0;0;0;0.0;0;0.0
2024-01;20240101;2;67;12;453;3308;1718;16;102;6;5609;165;95;359;0.0;0;0.0
2024-01;20240101;1;70;28;1019;5344;3302;80;203;0;9976;352;138;738;0.0;0;0.0
2024-01;20240101;2;37;18;352;3320;1711;18;250;6;5669;161;113;569;0.0;0;0.0
2024-01;20240101;3;44;54;2143;5446;10116;363;291;73;18413;706;408;1529;0.0;0;0.0
2024-01;20240101;2;49;44;1562;5532;4098;130;545;1193;11911;0;0;0;0.0;0;0.0
2024-01;20240101;1;63;19;1003;4899;4595;112;854;66;11482;509;259;1141;0.0;0;0.0
2024-01;20240101;1;72;32;775;5023;2672;81;318;26;8901;0;0;0;0.0;0;0.0
2024-01;20240101;2;35;10;418;2991;2199;94;162;11;5874;137;56;528;0.0;0;0.0
2024-01;20240101;3;36;45;1421;3747;2159;55;357;589;7784;371;220;1038;0.0;0;0.0
2024-01;20240101;2;42;96;1435;6259;4928;147;400;60;13265;477;235;1289;0.0;0;0.0
2024-01;20240101;1;45;12;353;1932;2714;209;76;3;5296;172;80;386;0.0;0;0.0
2024-01;20240101;1;46;81;1480;7856;6517;92;706;105;16732;817;428;1500;0.0;0;0.0
2024-01;20240101;3;56;50;842;5499;3902;370;58;8803;10721;1457;783;3117;0.0;0;0.0
2024-01;20240101;1;58;50;1736;10886;5001;91;544;0;18308;568;313;1578;0.0;0;0.0
2024-01;20240101;5;61;85;3933;11966;11169;459;1071;201;28683;756;451;2319;0.0;0;0.0
2024-01;20240101;4;62;32;777;3286;3209;76;154;9;7534;151;40;614;0.0;0;0.0
2024-01;20240101;3;65;23;953;4848;4457;254;332;826;10867;275;175;859;0.0;0;0.0
2024-01;20240101;3;74;41;1593;5670;5802;217;318;76;13641;258;118;844;0.0;0;0.0
2024-01;20240101;3;39;32;1331;3864;3078;116;68;10;8489;278;121;849;0.0;0;0.0
2024-01;20240101;3;43;66;1441;3936;4771;493;135;57;10842;636;336;1331;0.0;0;0.0
2024-01;20240101;3;54;65;1863;5660;5093;353;186;162;13220;1071;768;2278;0.0;0;0.0
2024-01;20240101;1;59;52;1284;7559;4551;127;528;66;14101;0;0;0;0.0;0;0.0
2024-01;20240101;1;64;63;1306;6346;5452;76;241;7;13484;0;0;0;0.0;0;0.0
2024-01;20240101;3;68;41;1076;5477;3683;165;192;41;10634;295;149;622;0.0;0;0.0
2024-01;20240101;4;69;7;376;1522;1808;24;128;4357;3865;0;0;0;0.0;0;0.0
2023-12;20231201;4;66;318;11597;58694;39066;1321;913;783;111909;0;0;0;0.0;0;0.0
2023-12;20231201;2;8;147;4713;42138;19424;252;3443;70;70117;117;71;474;0.0;0;0.0
2023-12;20231201;3;1;303;11862;66368;61693;2044;4771;9858;147041;0;0;0;0.0;0;0.0
2023-12;20231201;3;16;292;11764;48168;62790;3219;4183;8668;130416;621;349;1502;0.0;0;0.0
2023-12;20231201;3;3;650;15123;73959;59193;1231;3642;560;153798;0;0;0;0.0;0;0.0
2023-12;20231201;3;28;658;23972;73471;138159;4603;5480;4872;246343;451;250;1177;0.0;0;0.0
2023-12;20231201;2;23;1550;41218;141849;72790;2711;8966;2476;269084;1059;604;3252;0.0;0;0.0
2023-12;20231201;3;22;467;17036;69089;76348;2364;3310;996;168614;157;89;675;0.0;0;0.0
2023-12;20231201;3;33;325;13207;64454;41435;1556;1397;687;122374;275;152;465;0.0;0;0.0
2023-12;20231201;3;27;753;17752;57134;66822;5455;1666;906;149582;435;213;1086;0.0;0;0.0
2023-12;20231201;1;29;137;4372;24266;34445;2458;840;74;66518;73;38;236;0.0;0;0.0
2023-12;20231201;1;64;495;15050;80224;71524;1008;2609;157;170910;0;0;0;0.0;0;0.0
2023-12;20231201;5;13;1105;51641;159367;142939;5682;14340;2616;375074;464;329;1836;0.0;0;0.0
2023-12;20231201;2;38;356;8402;48994;35823;2261;1950;150;97786;0;0;0;0.0;0;0.0
2023-12;20231201;2;35;167;4713;35828;25937;1170;1691;101;69506;139;57;533;0.0;0;0.0
2023-12;20231201;1;12;1164;25312;98210;42750;6002;0;94229;173438;0;0;0;0.0;0;0.0
2023-12;20231201;1;2;657;24794;108924;86641;3042;2349;1816;226407;0;0;0;0.0;0;0.0
2023-12;20231201;1;11;603;12955;71679;33024;2166;5716;21614;126143;881;461;1796;0.0;0;0.0
2023-12;20231201;1;31;891;17556;98209;84354;1361;9302;1463;211673;600;282;1207;0.0;0;0.0
2023-12;20231201;1;53;285;12801;43286;23669;1442;1429;9702;82912;0;0;0;0.0;0;0.0
2023-12;20231201;1;72;295;7854;57565;30805;902;4157;268;101578;0;0;0;0.0;0;0.0
2023-12;20231201;3;9;644;9582;69022;56116;4508;891;107356;140763;1133;542;2680;0.0;0;0.0
2023-12;20231201;3;10;858;21937;79631;72642;5206;2462;13178;182736;902;579;2081;0.0;0;0.0
2023-12;20231201;3;32;394;18220;52024;80337;1373;193;0;152541;0;0;0;0.0;0;0.0
2023-12;20231201;1;21;300;11395;65685;46424;1252;2371;10;127427;192;66;463;0.0;0;0.0
2023-12;20231201;4;69;106;4622;20584;21409;278;1192;48897;48191;0;0;0;0.0;0;0.0
2023-12;20231201;4;73;241;8432;38472;39160;770;2381;102;89456;150;35;612;0.0;0;0.0
2023-12;20231201;2;15;788;17741;84442;65220;2266;4329;786;174786;277;144;977;0.0;0;0.0
2023-12;20231201;2;20;614;22171;94230;52348;3286;7249;841;179898;315;160;854;0.0;0;0.0
2023-12;20231201;2;5;531;17491;70707;50792;2223;7099;15780;148843;378;205;1047;0.0;0;0.0
2023-12;20231201;3;17;335;14780;54751;31629;717;5763;10618;107975;255;139;878;0.0;0;0.0
2023-12;20231201;3;34;421;13601;69237;47988;2342;2369;595;135958;209;95;458;0.0;0;0.0
2023-12;20231201;3;25;324;15253;53308;48405;1698;905;321;119893;171;72;653;0.0;0;0.0
2023-12;20231201;1;7;929;28014;84854;50572;1321;16175;19515;181865;0;0;0;0.0;0;0.0
2023-12;20231201;1;30;209;11737;62598;63534;1638;10407;976;150123;0;0;0;0.0;0;0.0
2023-11;20231101;4;66;297;10578;53766;35362;1201;843;473;102047;0;0;0;0.0;0;0.0
2023-11;20231101;3;1;271;10805;60753;56635;1857;4369;9116;134690;0;0;0;0.0;0;0.0
2023-11;20231101;3;9;584;8756;63447;51827;4138;796;96832;129548;1139;542;2695;0.0;0;0.0
2023-11;20231101;3;17;313;13088;50283;28986;675;5345;9768;98690;253;142;880;0.0;0;0.0
2023-11;20231101;1;21;265;10259;59995;42515;1172;2136;10;116342;191;66;467;0.0;0;0.0
2023-11;20231101;1;7;833;25594;78739;47435;1224;14894;18041;168719;0;0;0;0.0;0;0.0
2023-11;20231101;2;8;130;4203;38304;17521;229;3153;64;63540;118;72;475;0.0;0;0.0
2023-11;20231101;2;23;1368;36802;129636;67389;2558;8112;2168;245865;1064;607;3255;0.0;0;0.0
2023-11;20231101;2;35;155;4279;32826;23629;1077;1559;89;63525;139;59;536;0.0;0;0.0
2023-11;20231101;3;33;292;11887;59491;38487;1464;1249;642;112870;278;158;484;0.0;0;0.0
2023-11;20231101;3;25;285;13667;48942;44197;1601;844;270;109536;174;74;652;0.0;0;0.0
2023-11;20231101;3;28;607;21902;68400;127582;4338;5236;2195;228065;452;253;1183;0.0;0;0.0
2023-11;20231101;3;27;692;16122;52640;61433;5075;1541;803;137503;439;215;1081;0.0;0;0.0
2023-11;20231101;1;64;437;13766;73855;65329;914;2410;119;156711;0;0;0;0.0;0;0.0
2023-11;20231101;4;73;212;7644;35053;35242;699;2113;89;80963;151;35;615;0.0;0;0.0
2023-11;20231101;5;13;991;46957;145936;130638;5307;13223;2390;343052;463;334;1847;0.0;0;0.0
2023-11;20231101;2;38;316;7686;44765;32397;2113;1818;131;89095;0;0;0;0.0;0;0.0
2023-11;20231101;3;10;783;19739;73185;66490;4862;2265;12965;167324;905;583;2085;0.0;0;0.0
2023-11;20231101;3;3;591;13596;67588;53908;1132;3342;488;140157;0;0;0;0.0;0;0.0
2023-11;20231101;1;11;548;11613;65861;30846;2018;5225;20209;116111;882;463;1799;0.0;0;0.0
2023-11;20231101;1;30;191;10492;57059;58262;1541;9612;855;137157;0;0;0;0.0;0;0.0
2023-11;20231101;2;15;706;16284;78115;60081;2115;4061;697;161362;277;145;967;0.0;0;0.0
2023-11;20231101;3;16;266;10567;44029;57748;2989;3861;8099;119460;622;354;1507;0.0;0;0.0
2023-11;20231101;3;22;405;15201;62697;69644;2165;2993;807;153105;155;89;675;0.0;0;0.0
2023-11;20231101;3;34;384;12371;63334;43614;2205;2151;535;124059;213;95;463;0.0;0;0.0
2023-11;20231101;1;2;597;22556;99633;79790;2869;2117;1627;207562;0;0;0;0.0;0;0.0
2023-11;20231101;1;72;256;7146;52229;28411;832;3774;239;92648;0;0;0;0.0;0;0.0
2023-11;20231101;4;69;96;4213;18760;19510;253;1087;44445;43919;0;0;0;0.0;0;0.0
2023-11;20231101;2;20;548;20073;86822;48291;3092;6633;744;165459;317;161;852;0.0;0;0.0
2023-11;20231101;2;5;476;15787;64549;46087;2057;6509;14533;135465;382;207;1047;0.0;0;0.0
2023-11;20231101;3;32;290;16146;47585;74625;1323;187;0;140156;0;0;0;0.0;0;0.0
2023-11;20231101;1;12;1063;23201;90354;39628;5577;0;85871;159823;0;0;0;0.0;0;0.0
2023-11;20231101;1;31;802;15917;89510;77388;1250;8519;1277;193386;599;282;1219;0.0;0;0.0
2023-11;20231101;1;29;122;3968;22018;31373;2216;754;66;60451;73;38;233;0.0;0;0.0
2023-11;20231101;1;53;257;11621;39784;21803;1368;1321;8966;76154;0;0;0;0.0;0;0.0
2023-10;20231001;4;73;186;6984;32101;32072;635;1950;77;73928;151;36;616;0.0;0;0.0
2023-10;20231001;2;38;286;7197;41245;29675;1943;1690;120;82036;0;0;0;0.0;0;0.0
2023-10;20231001;1;29;117;3617;20261;28713;2002;665;62;55375;73;38;232;0.0;0;0.0
2023-10;20231001;1;64;401;12512;67296;59647;841;2169;111;142866;0;0;0;0.0;0;0.0
2023-10;20231001;4;69;88;3854;17163;17850;232;994;40791;40181;0;0;0;0.0;0;0.0
2023-10;20231001;2;15;650;15029;71939;55087;1938;3658;618;148301;278;145;966;0.0;0;0.0
2023-10;20231001;2;20;492;18272;79656;44238;2836;5988;698;151482;312;163;852;0.0;0;0.0
2023-10;20231001;2;5;432;14222;58850;41908;1899;5936;13373;123247;387;210;1047;0.0;0;0.0
2023-10;20231001;3;16;236;9374;39966;52539;2759;3478;7405;108352;627;356;1502;0.0;0;0.0
2023-10;20231001;3;33;272;10661;54815;35377;1337;1069;609;103531;281;158;487;0.0;0;0.0
2023-10;20231001;1;21;237;9438;54473;38538;1090;1947;9;105723;192;66;469;0.0;0;0.0
2023-10;20231001;1;2;542;20603;91148;73042;2661;1924;1608;189920;0;0;0;0.0;0;0.0
2023-10;20231001;1;30;174;9312;51867;52692;1419;8765;751;124229;0;0;0;0.0;0;0.0
2023-10;20231001;1;53;231;10659;36486;20059;1273;1196;8220;69904;0;0;0;0.0;0;0.0
2023-10;20231001;4;66;271;9723;48995;31897;1087;786;354;92759;0;0;0;0.0;0;0.0
2023-10;20231001;3;32;309;14128;43456;68232;1183;143;0;127451;0;0;0;0.0;0;0.0
2023-10;20231001;3;27;657;14566;48512;56257;4646;1391;714;126029;443;216;1078;0.0;0;0.0
2023-10;20231001;1;12;965;21223;82895;36623;5104;0;76178;146810;0;0;0;0.0;0;0.0
2023-10;20231001;1;72;231;6476;47298;26309;784;3471;223;84569;0;0;0;0.0;0;0.0
2023-10;20231001;2;23;1232;33075;118255;61488;2362;7357;1936;223769;1067;608;3255;0.0;0;0.0
2023-10;20231001;3;22;372;13647;57072;63171;1987;2714;703;138963;158;89;679;0.0;0;0.0
2023-10;20231001;3;10;715;17668;66930;60397;4481;2078;12780;152269;907;583;2073;0.0;0;0.0
2023-10;20231001;3;3;543;12270;61979;49644;1010;3057;459;128503;0;0;0;0.0;0;0.0
2023-10;20231001;3;34;349;11043;57677;39222;2021;1959;496;112271;214;95;468;0.0;0;0.0
2023-10;20231001;3;25;251;12311;44889;40343;1450;773;246;100017;172;74;652;0.0;0;0.0
2023-10;20231001;3;28;551;19885;62967;117011;3972;4956;1814;209342;452;253;1161;0.0;0;0.0
2023-10;20231001;1;7;756;23564;72748;44060;1133;13568;17460;155829;0;0;0;0.0;0;0.0
2023-10;20231001;1;11;502;10591;60114;28537;1908;4811;18370;106463;882;466;1796;0.0;0;0.0
2023-10;20231001;1;31;732;14473;81759;70664;1174;7814;1158;176616;601;283;1226;0.0;0;0.0
2023-10;20231001;5;13;905;42847;133496;119261;4827;12084;2167;313420;465;334;1851;0.0;0;0.0
2023-10;20231001;2;8;121;3840;34874;15857;212;2878;56;57782;119;72;475;0.0;0;0.0
2023-10;20231001;2;35;137;3901;29850;21329;1007;1381;83;57605;143;59;538;0.0;0;0.0
2023-10;20231001;3;1;252;9914;55934;51833;1638;3998;8396;123569;0;0;0;0.0;0;0.0
2023-10;20231001;3;9;526;7939;57825;47607;3773;702;86007;118372;1145;542;2701;0.0;0;0.0
2023-10;20231001;3;17;286;11805;46142;26355;626;4840;8961;90054;257;142;877;0.0;0;0.0
2023-09;20230901;3;1;236;8983;50816;46573;1445;3542;7667;111595;0;0;0;0.0;0;0.0
2023-09;20230901;1;11;447;9508;54058;26127;1717;4334;16377;96191;887;469;1800;0.0;0;0.0
2023-09;20230901;4;73;174;6382;28949;28757;546;1867;0;66675;151;36;615;0.0;0;0.0
2023-09;20230901;5;13;825;38740;120733;107828;4422;10961;1911;283509;467;336;1849;0.0;0;0.0
2023-09;20230901;2;8;111;3439;31412;14086;189;2548;53;51785;119;72;473;0.0;0;0.0
2023-09;20230901;2;5;385;12745;52971;37621;1726;5329;12105;110777;388;210;1046;0.0;0;0.0
2023-09;20230901;2;35;131;3566;27204;19128;891;1233;76;52153;143;59;540;0.0;0;0.0
2023-09;20230901;3;3;480;11041;56008;44909;916;2769;424;116123;0;0;0;0.0;0;0.0
2023-09;20230901;3;33;245;9568;49726;32062;1233;900;570;93734;282;158;476;0.0;0;0.0
2023-09;20230901;1;12;872;19149;74591;33224;4653;0;67616;132489;0;0;0;0.0;0;0.0
2023-09;20230901;1;21;219;8524;48893;34436;973;1725;9;94770;193;66;452;0.0;0;0.0
2023-09;20230901;4;69;79;3473;15468;16086;210;896;36719;36212;0;0;0;0.0;0;0.0
2023-09;20230901;3;9;462;7068;51721;43127;3452;632;76378;106462;1144;547;2653;0.0;0;0.0
2023-09;20230901;3;16;211;8381;35631;47268;2448;3057;6698;96996;630;358;1482;0.0;0;0.0
2023-09;20230901;3;32;271;12569;39037;61380;1063;128;0;114448;0;0;0;0.0;0;0.0
2023-09;20230901;3;34;317;9798;51669;34680;1799;1764;441;100027;216;95;455;0.0;0;0.0
2023-09;20230901;3;28;495;17811;56961;105129;3542;4488;1148;188426;457;254;1148;0.0;0;0.0
2023-09;20230901;3;27;583;13119;43655;50167;4126;1236;639;112886;443;218;1075;0.0;0;0.0
2023-09;20230901;1;64;365;11173;60496;53792;763;1920;103;128509;0;0;0;0.0;0;0.0
2023-09;20230901;2;20;460;16541;72105;39996;2556;5350;480;137008;312;163;848;0.0;0;0.0
2023-09;20230901;2;23;1097;29443;106223;55240;2153;6517;1721;200673;1072;611;3252;0.0;0;0.0
2023-09;20230901;3;22;343;12341;51737;57009;1762;2470;654;125662;159;89;679;0.0;0;0.0
2023-09;20230901;3;10;645;15969;60449;54652;4118;1867;12523;137700;913;583;2042;0.0;0;0.0
2023-09;20230901;3;25;231;11166;40678;36288;1332;703;230;90398;173;74;643;0.0;0;0.0
2023-09;20230901;1;30;153;8136;45776;46224;1237;7662;665;109188;0;0;0;0.0;0;0.0
2023-09;20230901;1;29;107;3322;18473;26016;1765;577;56;50260;73;38;234;0.0;0;0.0
2023-09;20230901;1;53;213;9581;32951;18128;1149;1095;7430;63117;0;0;0;0.0;0;0.0
2023-09;20230901;4;66;249;8689;43903;28557;995;705;381;83098;0;0;0;0.0;0;0.0
2023-09;20230901;2;15;584;13568;65208;49727;1733;3265;565;134085;277;145;963;0.0;0;0.0
2023-09;20230901;2;38;259;6620;37438;26837;1742;1538;82;74434;0;0;0;0.0;0;0.0
2023-09;20230901;3;17;256;10591;41848;23715;572;4308;8140;81290;258;142;880;0.0;0;0.0
2023-09;20230901;1;2;485;18596;81872;65677;2431;1672;1559;170733;0;0;0;0.0;0;0.0
2023-09;20230901;1;7;668;21376;65704;39961;1027;12011;16147;140747;0;0;0;0.0;0;0.0
2023-09;20230901;1;31;648;12986;73441;63856;1077;6972;1022;158980;603;284;1229;0.0;0;0.0
2023-09;20230901;1;72;214;5910;42582;23996;726;3133;195;76561;0;0;0;0.0;0;0.0
2023-08;20230801;2;15;525;12018;58305;44501;1517;2856;490;119722;278;145;957;0.0;0;0.0
2023-08;20230801;2;20;407;14683;64450;35851;2245;4743;415;122379;315;163;850;0.0;0;0.0
2023-08;20230801;2;5;341;11334;47304;33711;1550;4760;10756;99000;388;210;1047;0.0;0;0.0
2023-08;20230801;3;16;189;7417;31483;42207;2175;2671;5942;86142;635;359;1467;0.0;0;0.0
2023-08;20230801;3;10;575;14163;53789;49027;3681;1664;12235;122899;915;585;1987;0.0;0;0.0
2023-08;20230801;1;64;330;9981;54162;48248;685;1707;101;115113;0;0;0;0.0;0;0.0
2023-08;20230801;2;38;240;5903;33373;24174;1563;1367;74;66620;0;0;0;0.0;0;0.0
2023-08;20230801;3;17;227;9399;37667;21399;511;3865;7287;73068;261;143;875;0.0;0;0.0
2023-08;20230801;3;22;306;11114;46724;50976;1544;2273;605;112937;159;91;680;0.0;0;0.0
2023-08;20230801;3;3;427;9857;50191;40351;818;2437;374;104081;0;0;0;0.0;0;0.0
2023-08;20230801;3;33;225;8656;44822;29521;1117;751;531;85092;284;158;481;0.0;0;0.0
2023-08;20230801;3;34;295;8753;46067;31231;1596;1591;389;89533;216;96;448;0.0;0;0.0
2023-08;20230801;1;2;430;16599;72964;58967;2166;1440;1540;152566;0;0;0;0.0;0;0.0
2023-08;20230801;1;31;582;11663;65369;56997;974;6219;896;141804;598;283;1236;0.0;0;0.0
2023-08;20230801;1;53;201;8618;29320;15926;1003;986;6609;56054;0;0;0;0.0;0;0.0
2023-08;20230801;5;13;760;34494;108133;96701;4009;9952;1716;254049;472;338;1814;0.0;0;0.0
2023-08;20230801;3;32;233;11143;34773;54797;948;106;0;102000;0;0;0;0.0;0;0.0
2023-08;20230801;3;28;455;15851;50826;93664;3095;4020;968;167911;452;255;1146;0.0;0;0.0
2023-08;20230801;1;12;789;17134;66598;29668;4165;0;60558;118354;0;0;0;0.0;0;0.0
2023-08;20230801;1;30;143;7386;41681;42184;1135;6932;618;99461;0;0;0;0.0;0;0.0
2023-08;20230801;4;66;221;7808;39235;25928;882;633;336;74707;0;0;0;0.0;0;0.0
2023-08;20230801;4;69;71;3126;13921;14478;188;806;33030;32590;0;0;0;0.0;0;0.0
2023-08;20230801;2;8;102;3118;28058;12682;163;2254;48;46377;120;73;475;0.0;0;0.0
2023-08;20230801;2;35;120;3235;24770;17121;786;1100;73;47132;144;59;539;0.0;0;0.0
2023-08;20230801;3;25;211;10000;36406;32617;1223;608;217;81065;174;75;638;0.0;0;0.0
2023-08;20230801;1;11;396;8484;47981;23086;1546;3844;14509;85337;887;471;1802;0.0;0;0.0
2023-08;20230801;1;29;97;2946;16533;23347;1545;526;50;44994;73;38;237;0.0;0;0.0
2023-08;20230801;4;73;156;5691;25907;25618;474;1664;0;59510;153;37;616;0.0;0;0.0
2023-08;20230801;2;23;975;26042;95166;49750;1934;5656;1482;179523;1069;615;3254;0.0;0;0.0
2023-08;20230801;3;1;215;8131;45588;41786;1292;3164;6718;100176;0;0;0;0.0;0;0.0
2023-08;20230801;3;9;412;6220;45824;38309;3143;557;68298;94465;1147;547;2632;0.0;0;0.0
2023-08;20230801;3;27;506;11706;39166;44435;3661;1090;523;100564;448;219;1061;0.0;0;0.0
2023-08;20230801;1;21;202;7627;43663;30748;864;1517;7;84621;195;66;454;0.0;0;0.0
2023-08;20230801;1;7;597;19182;58743;35534;893;10581;14697;125530;0;0;0;0.0;0;0.0
2023-08;20230801;1;72;183;5304;38186;21443;644;2807;179;68567;0;0;0;0.0;0;0.0
2023-07;20230701;4;73;134;4976;22594;22260;387;1435;0;51786;154;37;611;0.0;0;0.0
2023-07;20230701;3;10;501;12571;47223;43049;3200;1448;11971;107992;915;590;1999;0.0;0;0.0
2023-07;20230701;1;21;188;6754;38472;26831;717;1370;6;74332;196;67;466;0.0;0;0.0
2023-07;20230701;1;7;528;16691;51052;30925;759;9248;12674;109203;0;0;0;0.0;0;0.0
2023-07;20230701;1;31;491;10235;56912;49728;846;5379;737;123591;597;285;1192;0.0;0;0.0
2023-07;20230701;1;29;85;2594;14386;20403;1328;448;38;39244;73;38;238;0.0;0;0.0
2023-07;20230701;2;38;205;5005;28275;20837;1360;1177;62;56859;0;0;0;0.0;0;0.0
2023-07;20230701;3;17;196;8090;33260;19013;427;3418;6207;64404;263;143;864;0.0;0;0.0
2023-07;20230701;3;34;261;7784;40519;27856;1391;1378;349;79189;218;96;456;0.0;0;0.0
2023-07;20230701;4;66;197;6885;34196;22884;724;557;297;65443;0;0;0;0.0;0;0.0
2023-07;20230701;2;8;89;2714;24076;11046;140;1915;37;39980;120;74;473;0.0;0;0.0
2023-07;20230701;2;15;466;10367;50341;38318;1314;2409;424;103215;279;146;949;0.0;0;0.0
2023-07;20230701;2;20;355;12920;56106;31341;1952;4037;356;106711;314;164;849;0.0;0;0.0
2023-07;20230701;2;5;284;9811;40646;29344;1324;4130;9160;85539;389;211;1049;0.0;0;0.0
2023-07;20230701;3;3;379;8655;43760;35411;704;2116;324;91025;0;0;0;0.0;0;0.0
2023-07;20230701;3;25;186;8802;31688;28781;1076;537;146;71070;175;75;641;0.0;0;0.0
2023-07;20230701;3;28;401;14019;44343;82157;2697;3532;856;147149;449;255;1150;0.0;0;0.0
2023-07;20230701;3;27;445;10429;34252;38435;3151;955;466;87667;450;219;1058;0.0;0;0.0
2023-07;20230701;1;11;332;7457;41554;19839;1388;3332;12514;73902;887;473;1804;0.0;0;0.0
2023-07;20230701;1;30;119;6400;36481;37150;983;6006;559;87139;0;0;0;0.0;0;0.0
2023-07;20230701;1;72;155;4459;32356;18143;553;2413;158;58079;0;0;0;0.0;0;0.0
2023-07;20230701;4;69;62;2734;11896;12325;166;674;28404;27857;0;0;0;0.0;0;0.0
2023-07;20230701;5;13;637;29491;91799;82502;3599;8674;1463;216702;470;348;1790;0.0;0;0.0
2023-07;20230701;2;23;819;22679;82846;43536;1677;4739;1286;156296;1072;618;3247;0.0;0;0.0
2023-07;20230701;3;1;186;7307;40173;36780;1125;2764;5873;88335;0;0;0;0.0;0;0.0
2023-07;20230701;3;22;269;9811;40726;44359;1302;2061;523;98528;160;91;682;0.0;0;0.0
2023-07;20230701;1;12;690;14998;57716;25841;3632;0;54034;102877;0;0;0;0.0;0;0.0
2023-07;20230701;1;53;180;7471;25278;13507;875;875;5698;48186;0;0;0;0.0;0;0.0
2023-07;20230701;1;64;279;8514;46281;40790;580;1365;93;97809;0;0;0;0.0;0;0.0
2023-07;20230701;2;35;102;2812;21505;15036;660;966;58;41081;145;59;539;0.0;0;0.0
2023-07;20230701;3;9;370;5422;39637;33116;2727;462;60840;81734;1150;547;2644;0.0;0;0.0
2023-07;20230701;3;16;165;6540;27279;37290;1881;2239;5189;75394;636;359;1479;0.0;0;0.0
2023-07;20230701;3;32;209;9899;30370;47878;840;89;0;89285;0;0;0;0.0;0;0.0
2023-07;20230701;3;33;200;7649;39344;26834;944;582;483;75553;284;158;492;0.0;0;0.0
2023-07;20230701;1;2;372;14424;63241;51848;1917;1207;1514;133009;0;0;0;0.0;0;0.0
2023-06;20230601;4;66;165;5950;29117;19484;599;485;249;55800;0;0;0;0.0;0;0.0
2023-06;20230601;5;13;535;24785;76627;69657;3113;7385;1210;182102;472;352;1798;0.0;0;0.0
2023-06;20230601;2;20;304;11098;47633;26760;1654;3457;302;90906;311;165;844;0.0;0;0.0
2023-06;20230601;3;9;321;4657;33634;28196;2362;384;52876;69554;1164;552;2656;0.0;0;0.0
2023-06;20230601;3;10;423;10841;40152;36827;2740;1245;10403;92228;918;597;2018;0.0;0;0.0
2023-06;20230601;1;7;464;14236;43296;26335;625;7767;11081;92723;0;0;0;0.0;0;0.0
2023-06;20230601;1;11;285;6387;35390;16680;1189;2801;10712;62732;893;475;1813;0.0;0;0.0
2023-06;20230601;1;53;169;6432;21301;11335;754;780;4830;40771;0;0;0;0.0;0;0.0
2023-06;20230601;1;72;136;3831;27507;15422;464;2054;131;49414;0;0;0;0.0;0;0.0
2023-06;20230601;4;69;51;2319;10061;10462;139;576;24356;23608;0;0;0;0.0;0;0.0
2023-06;20230601;2;5;245;8329;34417;24993;1118;3501;7737;72603;388;219;1049;0.0;0;0.0
2023-06;20230601;2;38;170;4241;23819;17952;1158;1020;51;48360;0;0;0;0.0;0;0.0
2023-06;20230601;2;35;87;2417;18359;12830;541;848;51;35082;150;59;541;0.0;0;0.0
2023-06;20230601;3;17;167;6879;28675;16548;368;2966;5145;55603;263;145;866;0.0;0;0.0
2023-06;20230601;3;33;179;6661;33911;24007;817;477;443;66052;285;160;494;0.0;0;0.0
2023-06;20230601;3;34;235;6713;34843;24376;1197;1140;299;68504;218;96;464;0.0;0;0.0
2023-06;20230601;3;27;390;9110;29399;32620;2699;784;399;75002;453;223;1053;0.0;0;0.0
2023-06;20230601;1;31;422;8735;48328;42264;706;4576;639;105031;596;291;1232;0.0;0;0.0
2023-06;20230601;1;64;243;7217;39529;34347;469;1087;92;82892;0;0;0;0.0;0;0.0
2023-06;20230601;1;21;165;5753;32866;23040;607;1190;4;63621;194;68;465;0.0;0;0.0
2023-06;20230601;1;2;311;12352;53491;44692;1639;1021;1330;113506;0;0;0;0.0;0;0.0
2023-06;20230601;1;30;102;5547;31306;31505;813;5123;469;74396;0;0;0;0.0;0;0.0
2023-06;20230601;1;29;77;2191;12152;17408;1121;396;1;33345;74;39;236;0.0;0;0.0
2023-06;20230601;2;15;396;8834;42789;32662;1123;1983;353;87787;279;147;950;0.0;0;0.0
2023-06;20230601;3;1;161;6386;34572;32105;931;2338;5036;76493;0;0;0;0.0;0;0.0
2023-06;20230601;3;3;331;7457;37479;30644;566;1819;278;78296;0;0;0;0.0;0;0.0
2023-06;20230601;3;25;162;7680;26946;24683;936;454;137;60861;175;79;643;0.0;0;0.0
2023-06;20230601;1;12;594;12924;49290;21773;3116;0;46883;87697;0;0;0;0.0;0;0.0
2023-06;20230601;4;73;109;4227;19445;19078;340;1201;0;44400;153;37;612;0.0;0;0.0
2023-06;20230601;2;8;78;2354;20389;9514;121;1625;33;34081;120;74;474;0.0;0;0.0
2023-06;20230601;2;23;678;19184;71027;37443;1459;3826;1070;133617;1079;632;3259;0.0;0;0.0
2023-06;20230601;3;16;138;5664;23527;32122;1644;1906;4469;65001;632;361;1493;0.0;0;0.0
2023-06;20230601;3;22;236;8583;35131;37993;1080;1719;394;84742;161;93;680;0.0;0;0.0
2023-06;20230601;3;32;188;8590;25996;41265;722;82;0;76843;0;0;0;0.0;0;0.0
2023-06;20230601;3;28;355;12327;37971;70774;2271;3062;708;126760;451;256;1152;0.0;0;0.0
2023-05;20230501;4;66;137;4975;24130;16474;507;413;197;46636;0;0;0;0.0;0;0.0
2023-05;20230501;5;13;431;20328;62815;58495;2638;6122;1017;150829;472;362;1812;0.0;0;0.0
2023-05;20230501;3;28;310;10511;31717;59238;1859;2507;562;106142;452;257;1151;0.0;0;0.0
2023-05;20230501;3;27;342;7780;24725;27192;2297;626;352;62962;450;224;1056;0.0;0;0.0
2023-05;20230501;1;31;349;7324;40322;35249;584;3756;524;87584;560;321;1222;0.0;0;0.0
2023-05;20230501;3;9;264;3843;27436;22960;1942;313;43767;56758;1158;565;2659;0.0;0;0.0
2023-05;20230501;3;16;118;4830;19777;27048;1337;1561;3730;54671;619;378;1497;0.0;0;0.0
2023-05;20230501;3;32;158;7362;21590;34628;607;69;0;64414;0;0;0;0.0;0;0.0
2023-05;20230501;3;33;157;5704;28453;20689;687;377;367;56067;284;164;497;0.0;0;0.0
2023-05;20230501;1;12;494;10780;40738;17945;2596;0;39548;72553;0;0;0;0.0;0;0.0
2023-05;20230501;1;7;394;11788;36053;21937;513;6449;9065;77134;0;0;0;0.0;0;0.0
2023-05;20230501;1;30;84;4369;24674;24724;635;3916;365;58402;0;0;0;0.0;0;0.0
2023-05;20230501;1;29;68;1845;10189;14456;892;335;1;27785;72;40;236;0.0;0;0.0
2023-05;20230501;1;72;117;3208;22689;12960;369;1683;108;41026;0;0;0;0.0;0;0.0
2023-05;20230501;4;69;44;1934;8306;8833;125;465;20410;19707;0;0;0;0.0;0;0.0
2023-05;20230501;2;15;338;7358;35752;27078;913;1595;274;73034;278;151;945;0.0;0;0.0
2023-05;20230501;2;23;555;15987;58845;31419;1195;3183;901;111184;1083;652;3258;0.0;0;0.0
2023-05;20230501;2;5;212;6883;28637;20909;906;2934;6413;60481;387;222;1045;0.0;0;0.0
2023-05;20230501;3;1;142;5553;28807;26958;782;1990;4303;64232;0;0;0;0.0;0;0.0
2023-05;20230501;3;17;150;5703;24060;14163;306;2184;4288;46566;261;151;865;0.0;0;0.0
2023-05;20230501;3;22;205;7209;29596;31624;881;1545;333;71060;161;94;676;0.0;0;0.0
2023-05;20230501;3;3;287;6282;31203;25862;443;1328;224;65405;0;0;0;0.0;0;0.0
2023-05;20230501;3;25;135;6529;22255;20710;767;369;117;50765;173;81;644;0.0;0;0.0
2023-05;20230501;1;11;233;5297;29288;13620;969;2368;9188;51775;859;520;1813;0.0;0;0.0
2023-05;20230501;2;8;67;1977;16964;8138;106;1382;27;28634;120;76;472;0.0;0;0.0
2023-05;20230501;2;38;148;3545;19916;15290;951;882;43;40732;0;0;0;0.0;0;0.0
2023-05;20230501;2;35;79;2008;15121;10781;427;730;46;29146;149;60;543;0.0;0;0.0
2023-05;20230501;3;34;202;5633;28716;20931;982;924;235;57388;219;98;466;0.0;0;0.0
2023-05;20230501;1;21;147;4768;27345;19507;526;996;3;53289;191;71;463;0.0;0;0.0
2023-05;20230501;1;2;261;10344;44582;38381;1433;858;193;95859;0;0;0;0.0;0;0.0
2023-05;20230501;1;64;211;6003;33294;28545;386;903;81;69342;0;0;0;0.0;0;0.0
2023-05;20230501;4;73;89;3527;16196;15922;277;961;36;36972;154;39;610;0.0;0;0.0
2023-05;20230501;2;20;251;9305;39473;22432;1402;2812;251;75675;311;167;840;0.0;0;0.0
2023-05;20230501;3;10;352;9182;33307;30505;2298;1020;8537;76664;921;607;2032;0.0;0;0.0
2023-05;20230501;1;53;131;5419;17647;9375;614;643;4002;33829;0;0;0;0.0;0;0.0
2023-04;20230401;2;23;419;12664;45977;24678;906;2501;694;87145;1043;701;3261;0.0;0;0.0
2023-04;20230401;3;10;290;7315;25998;23501;1792;796;6690;59692;879;671;2042;0.0;0;0.0
2023-04;20230401;3;3;243;5046;24477;20369;335;1032;182;51502;0;0;0;0.0;0;0.0
2023-04;20230401;3;33;132;4626;22662;16481;560;296;226;44757;277;172;510;0.0;0;0.0
2023-04;20230401;1;21;130;3812;21644;15194;409;771;2;41960;192;71;463;0.0;0;0.0
2023-04;20230401;1;11;189;4294;22868;10595;760;1885;7340;40591;861;529;1814;0.0;0;0.0
2023-04;20230401;1;30;70;3739;20817;20636;507;3253;296;49022;0;0;0;0.0;0;0.0
2023-04;20230401;1;31;292;5800;31531;27527;456;2862;402;68468;558;324;1225;0.0;0;0.0
2023-04;20230401;1;72;105;2593;17997;10313;286;1318;83;32612;0;0;0;0.0;0;0.0
2023-04;20230401;5;13;342;16107;48659;46900;2085;4784;797;118877;468;370;1816;0.0;0;0.0
2023-04;20230401;2;20;200;7455;30736;17693;1092;2126;195;59302;301;176;837;0.0;0;0.0
2023-04;20230401;2;38;117;2848;15741;12176;756;714;36;32352;0;0;0;0.0;0;0.0
2023-04;20230401;3;17;124;4544;18843;11237;254;1803;3190;36805;261;159;864;0.0;0;0.0
2023-04;20230401;3;22;169;5812;23571;24476;677;1214;293;55919;161;100;671;0.0;0;0.0
2023-04;20230401;3;25;111;5262;17388;16349;636;270;97;40016;173;87;644;0.0;0;0.0
2023-04;20230401;1;29;55;1448;8121;11530;694;275;1;22123;71;41;237;0.0;0;0.0
2023-04;20230401;1;64;169;4804;26411;22735;286;700;78;55105;0;0;0;0.0;0;0.0
2023-04;20230401;3;9;212;3161;22182;18280;1581;237;35166;45653;1117;623;2676;0.0;0;0.0
2023-04;20230401;3;32;128;5900;16829;27373;493;58;0;50781;0;0;0;0.0;0;0.0
2023-04;20230401;1;7;332;9511;28632;17402;412;5001;6745;61290;0;0;0;0.0;0;0.0
2023-04;20230401;1;53;106;4360;13729;7260;453;517;3164;26425;0;0;0;0.0;0;0.0
2023-04;20230401;4;69;36;1561;6413;7047;102;356;16206;15515;0;0;0;0.0;0;0.0
2023-04;20230401;4;73;68;2832;12770;12433;221;762;0;29086;154;39;609;0.0;0;0.0
2023-04;20230401;2;15;282;5836;28019;21352;723;1223;206;57435;265;164;943;0.0;0;0.0
2023-04;20230401;2;5;163;5435;22461;16482;720;2259;5105;47520;377;239;1044;0.0;0;0.0
2023-04;20230401;3;1;120;4521;22528;21471;637;1451;3422;50728;0;0;0;0.0;0;0.0
2023-04;20230401;3;16;98;3882;15520;21122;1088;1235;2938;42945;603;406;1504;0.0;0;0.0
2023-04;20230401;3;34;154;4458;22261;16579;770;704;175;44926;218;105;466;0.0;0;0.0
2023-04;20230401;3;28;257;8593;24882;46427;1454;1939;393;83552;427;286;1141;0.0;0;0.0
2023-04;20230401;4;66;120;4026;19057;13353;398;311;154;37265;0;0;0;0.0;0;0.0
2023-04;20230401;2;8;58;1586;13264;6573;92;1086;24;22659;121;80;470;0.0;0;0.0
2023-04;20230401;2;35;63;1603;11653;8490;341;589;37;22739;144;62;543;0.0;0;0.0
2023-04;20230401;3;27;272;6207;19181;21433;1803;473;259;49369;427;250;1057;0.0;0;0.0
2023-04;20230401;1;12;397;8673;32011;13851;2072;0;30697;57004;0;0;0;0.0;0;0.0
2023-04;20230401;1;2;221;8084;35066;30613;1164;675;142;75823;0;0;0;0.0;0;0.0
2023-03;20230301;5;13;262;11976;36094;35543;1623;3636;611;89134;471;375;1819;0.0;0;0.0
2023-03;20230301;2;35;51;1217;8578;6559;264;451;28;17120;146;62;545;0.0;0;0.0
2023-03;20230301;3;17;94;3512;14114;8803;197;1385;2474;28105;267;159;867;0.0;0;0.0
2023-03;20230301;3;32;104;4556;12464;20557;365;49;0;38095;0;0;0;0.0;0;0.0
2023-03;20230301;3;34;111;3403;16836;12659;548;520;128;34077;218;105;471;0.0;0;0.0
2023-03;20230301;1;7;259;7225;21784;13135;303;3708;4910;46414;0;0;0;0.0;0;0.0
2023-03;20230301;1;53;82;3243;10306;5353;320;393;2392;19697;0;0;0;0.0;0;0.0
2023-03;20230301;4;69;32;1194;4863;5298;79;244;12359;11710;0;0;0;0.0;0;0.0
2023-03;20230301;4;73;53;2147;9623;9534;172;548;0;22077;154;41;609;0.0;0;0.0
2023-03;20230301;2;5;130;4132;16917;12423;509;1676;3860;35787;379;245;1045;0.0;0;0.0
2023-03;20230301;3;10;213;5533;19254;17348;1365;595;5085;44308;883;677;2052;0.0;0;0.0
2023-03;20230301;3;25;87;4105;12970;12507;499;197;77;30365;177;88;638;0.0;0;0.0
2023-03;20230301;3;27;219;4771;14411;16087;1406;357;199;37251;432;252;1060;0.0;0;0.0
2023-03;20230301;1;21;104;2938;16440;11468;285;563;2;31798;194;71;462;0.0;0;0.0
2023-03;20230301;1;2;163;6152;26464;23147;899;521;121;57346;0;0;0;0.0;0;0.0
2023-03;20230301;2;15;224;4451;21076;15988;541;884;167;43164;270;164;936;0.0;0;0.0
2023-03;20230301;2;20;154;5618;22994;13421;799;1545;146;44531;301;176;836;0.0;0;0.0
2023-03;20230301;3;16;79;3042;11708;15995;851;932;2269;32607;608;406;1507;0.0;0;0.0
2023-03;20230301;3;22;124;4472;17903;18596;510;909;231;42514;160;100;671;0.0;0;0.0
2023-03;20230301;1;12;302;6556;23939;10283;1518;0;23287;42598;0;0;0;0.0;0;0.0
2023-03;20230301;1;11;137;3251;16905;7708;564;1394;5547;29959;867;538;1823;0.0;0;0.0
2023-03;20230301;1;31;226;4373;23620;20564;358;2091;317;51232;559;324;1213;0.0;0;0.0
2023-03;20230301;1;64;139;3619;19997;17472;188;481;75;41896;0;0;0;0.0;0;0.0
2023-03;20230301;4;66;101;3123;14404;10332;303;238;125;28501;0;0;0;0.0;0;0.0
2023-03;20230301;2;8;48;1225;9993;5132;77;791;19;17266;121;82;466;0.0;0;0.0
2023-03;20230301;3;1;81;3522;16976;16659;527;1109;2401;38874;0;0;0;0.0;0;0.0
2023-03;20230301;3;33;110;3585;17373;13193;432;224;152;34917;279;176;507;0.0;0;0.0
2023-03;20230301;3;28;191;6632;18773;35461;1107;1424;307;63588;431;288;1135;0.0;0;0.0
2023-03;20230301;1;30;53;2864;15713;15585;375;2444;235;37034;0;0;0;0.0;0;0.0
2023-03;20230301;1;29;41;1126;6286;8729;531;187;1;16900;73;41;237;0.0;0;0.0
2023-03;20230301;1;72;79;1992;13574;8011;232;966;68;24854;0;0;0;0.0;0;0.0
2023-03;20230301;2;23;319;9730;34604;18747;685;1934;488;66019;1054;701;3266;0.0;0;0.0
2023-03;20230301;2;38;80;2186;11763;9364;567;533;25;24493;0;0;0;0.0;0;0.0
2023-03;20230301;3;9;159;2365;16456;13704;1207;150;26645;34041;1122;626;2697;0.0;0;0.0
2023-03;20230301;3;3;182;3904;18374;15466;253;742;140;38921;0;0;0;0.0;0;0.0
2023-02;20230201;4;69;20;780;3145;3386;59;160;7947;7550;0;0;0;0.0;0;0.0
2023-02;20230201;2;20;103;3677;14683;8448;506;995;83;28412;302;176;834;0.0;0;0.0
2023-02;20230201;3;16;50;1986;7551;10519;544;621;1466;21271;618;412;1519;0.0;0;0.0
2023-02;20230201;3;10;150;3602;12441;11257;929;403;3247;28782;892;681;2067;0.0;0;0.0
2023-02;20230201;3;32;69;3029;7919;13164;230;33;0;24444;0;0;0;0.0;0;0.0
2023-02;20230201;1;7;179;4713;13970;8143;173;2362;3474;29540;364;191;891;0.0;0;0.0
2023-02;20230201;1;30;33;1961;10167;10042;238;1566;177;24007;0;0;0;0.0;0;0.0
2023-02;20230201;1;31;144;2940;15297;13209;237;1296;224;33123;561;326;1222;0.0;0;0.0
2023-02;20230201;2;8;34;821;6430;3361;55;522;12;11223;123;82;471;0.0;0;0.0
2023-02;20230201;2;23;232;6483;22361;12106;450;1241;293;42873;1057;705;3272;0.0;0;0.0
2023-02;20230201;3;1;58;2422;10891;11065;363;709;1703;25508;0;0;0;0.0;0;0.0
2023-02;20230201;3;33;77;2516;11693;9352;284;151;100;24073;295;178;515;0.0;0;0.0
2023-02;20230201;3;34;77;2251;10615;8182;345;334;70;21804;221;107;475;0.0;0;0.0
2023-02;20230201;3;25;62;2750;8227;8061;347;124;37;19571;178;89;640;0.0;0;0.0
2023-02;20230201;1;72;45;1333;8731;5343;145;622;52;16219;0;0;0;0.0;0;0.0
2023-02;20230201;4;66;72;2058;9181;6606;195;157;66;18269;0;0;0;0.0;0;0.0
2023-02;20230201;2;38;47;1466;7716;6142;382;367;12;16120;0;0;0;0.0;0;0.0
2023-02;20230201;3;9;104;1577;10733;8880;794;98;17151;22186;0;0;0;0.0;0;0.0
2023-02;20230201;3;3;126;2612;12023;10012;155;454;82;25382;177;100;843;0.0;0;0.0
2023-02;20230201;1;12;195;4303;15360;6691;973;0;14741;27522;0;0;0;0.0;0;0.0
2023-02;20230201;1;11;101;2240;11087;4928;365;934;3404;19655;869;544;1828;0.0;0;0.0
2023-02;20230201;4;73;34;1399;6146;6207;120;323;0;14229;0;0;0;0.0;0;0.0
2023-02;20230201;5;13;172;7690;22699;22708;1088;2366;394;56723;474;377;1818;0.0;0;0.0
2023-02;20230201;2;35;41;852;5581;4230;171;291;21;11166;147;62;546;0.0;0;0.0
2023-02;20230201;3;17;56;2301;9156;5780;115;903;1650;18311;270;160;865;0.0;0;0.0
2023-02;20230201;3;22;98;3024;11625;11874;319;574;150;27514;159;100;670;0.0;0;0.0
2023-02;20230201;1;21;66;1914;10749;7544;167;369;1;20809;195;71;467;0.0;0;0.0
2023-02;20230201;1;29;25;714;4168;5668;347;128;0;11050;73;41;236;0.0;0;0.0
2023-02;20230201;1;64;96;2407;12881;11384;119;299;10;27186;0;0;0;0.0;0;0.0
2023-02;20230201;2;15;144;2876;13521;10215;345;557;122;27658;271;164;938;0.0;0;0.0
2023-02;20230201;2;5;87;2830;11214;8046;298;1065;2557;23540;383;245;1047;0.0;0;0.0
2023-02;20230201;3;28;124;4430;12175;23317;728;924;222;41698;439;291;1150;0.0;0;0.0
2023-02;20230201;3;27;158;3255;9317;10169;990;221;101;24110;440;251;1066;0.0;0;0.0
2023-02;20230201;1;2;102;4073;17013;15082;573;347;89;37190;0;0;0;0.0;0;0.0
2023-02;20230201;1;53;58;2105;6661;3498;209;235;1471;12766;0;0;0;0.0;0;0.0
2023-01;20230101;3;9;57;813;5546;4548;428;47;8835;11439;0;0;0;0.0;0;0.0
2023-01;20230101;3;32;40;1604;4033;6570;112;18;0;12377;0;0;0;0.0;0;0.0
2023-01;20230101;1;64;46;1218;6678;5729;54;168;4;13893;0;0;0;0.0;0;0.0
2023-01;20230101;4;66;42;1046;4571;3447;106;87;34;9299;0;0;0;0.0;0;0.0
2023-01;20230101;4;69;13;407;1554;1732;33;78;3992;3817;0;0;0;0.0;0;0.0
2023-01;20230101;5;13;97;3919;11616;11387;577;1224;221;28820;477;378;1812;0.0;0;0.0
2023-01;20230101;2;15;66;1481;6949;5168;176;276;0;14116;272;164;938;0.0;0;0.0
2023-01;20230101;2;20;61;1954;7457;4312;252;480;39;14516;302;176;833;0.0;0;0.0
2023-01;20230101;3;1;28;1262;5574;5661;213;361;874;13099;0;0;0;0.0;0;0.0
2023-01;20230101;3;33;45;1289;5727;4779;157;82;48;12079;289;178;515;0.0;0;0.0
2023-01;20230101;1;21;32;1022;5408;3948;94;194;0;10698;191;71;457;0.0;0;0.0
2023-01;20230101;1;72;26;764;4611;2879;70;315;26;8665;0;0;0;0.0;0;0.0
2023-01;20230101;4;73;16;734;3005;3143;57;172;0;7127;0;0;0;0.0;0;0.0
2023-01;20230101;2;23;120;3419;11479;6426;222;650;144;22316;1061;708;3276;0.0;0;0.0
2023-01;20230101;3;3;67;1408;6148;5146;73;228;47;13070;174;101;842;0.0;0;0.0
2023-01;20230101;3;27;90;1695;4679;5243;511;102;51;12320;437;250;1064;0.0;0;0.0
2023-01;20230101;1;2;56;2126;8626;7774;293;200;63;19075;0;0;0;0.0;0;0.0
2023-01;20230101;1;7;104;2560;7204;4190;93;1188;1306;15339;363;191;891;0.0;0;0.0
2023-01;20230101;1;30;15;1068;5259;5047;118;838;83;12345;0;0;0;0.0;0;0.0
2023-01;20230101;2;8;16;455;3373;1803;35;288;5;5970;124;82;469;0.0;0;0.0
2023-01;20230101;2;5;55;1555;5764;4183;143;538;1382;12238;383;246;1050;0.0;0;0.0
2023-01;20230101;2;38;29;802;3924;3234;222;202;6;8413;0;0;0;0.0;0;0.0
2023-01;20230101;2;35;24;465;2923;2254;85;153;8;5904;142;65;546;0.0;0;0.0
2023-01;20230101;3;17;38;1242;4749;2991;54;448;846;9522;270;160;866;0.0;0;0.0
2023-01;20230101;3;22;48;1564;5808;5942;155;298;76;13815;161;100;670;0.0;0;0.0
2023-01;20230101;1;31;74;1533;7634;6665;123;629;104;16658;557;327;1210;0.0;0;0.0
2023-01;20230101;1;29;13;386;2052;2926;186;66;0;5629;74;42;234;0.0;0;0.0
2023-01;20230101;3;16;26;1039;3892;5379;266;322;867;10924;611;413;1512;0.0;0;0.0
2023-01;20230101;3;10;78;1830;6328;5725;497;191;1594;14649;881;690;2045;0.0;0;0.0
2023-01;20230101;3;34;38;1218;5353;4181;170;132;32;11092;219;107;469;0.0;0;0.0
2023-01;20230101;3;25;29;1353;4231;4209;169;55;17;10046;175;89;640;0.0;0;0.0
2023-01;20230101;3;28;74;2357;6170;12138;399;503;101;21641;436;291;1145;0.0;0;0.0
2023-01;20230101;1;12;110;2315;7900;3426;458;0;7476;14209;0;0;0;0.0;0;0.0
2023-01;20230101;1;14;61;1198;5686;2442;160;523;1757;10070;823;521;1644;0.0;0;0.0
2023-01;20230101;1;53;35;1081;3474;1853;104;152;703;6699;0;0;0;0.0;0;0.0
2022-12;20221201;4;69;113;4685;20508;21577;299;1295;47192;48477;0;0;0;0.0;0;0.0
2022-12;20221201;2;20;542;21466;87942;58933;3292;6646;553;178821;301;147;829;0.0;0;0.0
2022-12;20221201;3;3;745;14132;68769;65280;1164;3481;567;153571;177;97;843;0.0;0;0.0
2022-12;20221201;3;32;377;17605;49031;87127;1161;384;0;155685;0;0;0;0.0;0;0.0
2022-12;20221201;1;7;1059;25631;85503;59724;4414;14862;14249;191193;362;160;888;0.0;0;0.0
2022-12;20221201;1;31;869;18445;90844;85656;3635;2077;1388;201526;554;276;1170;0.0;0;0.0
2022-12;20221201;1;29;122;4709;25912;33873;1660;742;2;67018;76;38;234;0.0;0;0.0
2022-12;20221201;2;38;391;7775;47164;34801;2347;2895;93;95373;0;0;0;0.0;0;0.0
2022-12;20221201;3;16;296;10802;45313;72285;3360;4479;8205;136535;597;352;1525;0.0;0;0.0
2022-12;20221201;3;34;416;13229;65240;53968;1705;1983;332;136541;213;85;454;0.0;0;0.0
2022-12;20221201;3;25;341;14744;51240;54939;2179;698;561;124141;176;102;641;0.0;0;0.0
2022-12;20221201;3;28;674;24422;71883;144757;4610;7051;1365;253397;434;255;1149;0.0;0;0.0
2022-12;20221201;3;17;417;13613;60148;44640;1098;5503;10997;125419;272;141;873;0.0;0;0.0
2022-12;20221201;3;22;523;16470;69095;78550;1694;4755;1252;171087;163;111;665;0.0;0;0.0
2022-12;20221201;3;33;450;17223;77959;59730;1761;573;1487;157696;295;136;521;0.0;0;0.0
2022-12;20221201;1;30;201;10249;59672;64280;1493;9959;1019;145854;0;0;0;0.0;0;0.0
2022-12;20221201;4;66;317;11301;50975;38253;1414;926;2076;103186;0;0;0;0.0;0;0.0
2022-12;20221201;2;5;514;16229;67338;52993;1929;6258;16299;145261;385;211;1051;0.0;0;0.0
2022-12;20221201;2;35;144;4499;33657;25363;1268;1489;86;66420;142;61;547;0.0;0;0.0
2022-12;20221201;3;9;661;9683;67801;58394;3498;152;105548;140189;0;0;0;0.0;0;0.0
2022-12;20221201;1;14;602;12469;70046;33096;2618;5569;21983;124400;825;439;1650;0.0;0;0.0
2022-12;20221201;1;72;359;7467;53534;34332;920;7052;345;103664;0;0;0;0.0;0;0.0
2022-12;20221201;4;73;276;8304;34790;36189;797;3265;0;83621;0;0;0;0.0;0;0.0
2022-12;20221201;5;13;1039;43914;150313;155589;7143;13580;2350;371578;480;334;1819;0.0;0;0.0
2022-12;20221201;2;8;143;4391;39035;19754;302;3282;102;66907;121;85;468;0.0;0;0.0
2022-12;20221201;2;15;818;17599;84208;72784;2587;3540;0;181536;274;141;939;0.0;0;0.0
2022-12;20221201;2;23;1320;36632;138113;86563;3200;8291;2118;274119;1058;591;3271;0.0;0;0.0
2022-12;20221201;3;1;355;12833;61545;64285;1432;4294;10502;144744;0;0;0;0.0;0;0.0
2022-12;20221201;3;10;800;20632;75779;77731;7211;2638;22353;184791;877;584;2042;0.0;0;0.0
2022-12;20221201;3;27;751;15684;49864;70923;5324;1782;2086;144328;434;210;1060;0.0;0;0.0
2022-12;20221201;1;12;1135;24560;92635;45098;5032;0;97227;168460;0;0;0;0.0;0;0.0
2022-12;20221201;1;21;343;10612;64990;49673;1392;2120;14;129130;194;59;450;0.0;0;0.0
2022-12;20221201;1;2;669;24125;103725;92967;3879;2659;1081;228024;0;0;0;0.0;0;0.0
2022-12;20221201;1;53;274;11075;40915;26726;1740;1630;10927;82360;0;0;0;0.0;0;0.0
2022-12;20221201;1;64;576;15485;76743;67799;881;2130;131;163614;0;0;0;0.0;0;0.0
2022-11;20221101;4;66;279;10110;45993;34362;1299;851;2000;92894;0;0;0;0.0;0;0.0
2022-11;20221101;2;8;133;3995;35871;17810;273;3013;96;61095;122;87;469;0.0;0;0.0
2022-11;20221101;3;27;683;14122;45608;66527;5066;1667;5167;133673;436;212;1062;0.0;0;0.0
2022-11;20221101;1;12;1016;22231;84899;42364;4633;0;88880;155143;0;0;0;0.0;0;0.0
2022-11;20221101;4;69;104;4217;18860;19708;267;1190;42592;44346;0;0;0;0.0;0;0.0
2022-11;20221101;2;20;489;19358;80538;54003;3018;6159;504;163565;299;150;824;0.0;0;0.0
2022-11;20221101;2;5;461;14669;61478;47883;1789;5781;14839;132061;384;215;1052;0.0;0;0.0
2022-11;20221101;2;35;134;4034;30797;22950;1161;1347;74;60423;140;63;547;0.0;0;0.0
2022-11;20221101;3;10;726;18735;69655;72379;6799;2455;20852;170749;879;586;2061;0.0;0;0.0
2022-11;20221101;1;7;971;24001;78588;54352;4157;13527;12714;175596;359;160;849;0.0;0;0.0
2022-11;20221101;4;73;254;7523;31498;32919;742;3021;0;75957;0;0;0;0.0;0;0.0
2022-11;20221101;2;38;364;7043;42893;31147;2142;2693;84;86282;0;0;0;0.0;0;0.0
2022-11;20221101;3;16;269;9899;41761;67156;3141;4159;7602;126385;597;355;1524;0.0;0;0.0
2022-11;20221101;3;22;474;14861;63305;71719;1524;4400;1159;156283;164;111;664;0.0;0;0.0
2022-11;20221101;3;32;349;15895;44872;79944;1046;361;0;142467;0;0;0;0.0;0;0.0
2022-11;20221101;1;2;601;21997;94628;84392;3631;2480;924;207729;0;0;0;0.0;0;0.0
2022-11;20221101;5;13;937;40072;138563;143605;6652;12407;2103;342236;481;335;1825;0.0;0;0.0
2022-11;20221101;2;15;726;16078;77438;67185;2426;3249;0;167102;273;145;932;0.0;0;0.0
2022-11;20221101;3;1;328;11686;56451;58858;1323;3979;9133;132625;0;0;0;0.0;0;0.0
2022-11;20221101;3;9;596;8819;62424;53859;3151;152;96556;129001;0;0;0;0.0;0;0.0
2022-11;20221101;3;34;381;12046;60223;49767;1593;1801;305;125811;213;85;452;0.0;0;0.0
2022-11;20221101;1;21;299;9526;59297;45780;1286;1909;5;118097;192;59;454;0.0;0;0.0
2022-11;20221101;1;14;548;11316;64411;30713;2413;5091;20560;114492;827;440;1640;0.0;0;0.0
2022-11;20221101;1;31;808;16804;83235;78884;3476;1427;1267;184634;552;278;1164;0.0;0;0.0
2022-11;20221101;1;29;111;4251;23642;31070;1506;681;2;61261;78;38;236;0.0;0;0.0
2022-11;20221101;1;53;247;10036;37557;24811;1703;1546;10224;75900;0;0;0;0.0;0;0.0
2022-11;20221101;1;72;323;6676;47986;31025;845;6670;310;93525;0;0;0;0.0;0;0.0
2022-11;20221101;2;23;1192;33236;126729;79827;2939;7495;1962;251418;1061;595;3273;0.0;0;0.0
2022-11;20221101;3;17;379;12487;55743;42099;1053;5120;10169;116881;271;141;873;0.0;0;0.0
2022-11;20221101;3;3;657;12688;62683;59451;1080;3199;511;139758;178;98;843;0.0;0;0.0
2022-11;20221101;3;33;411;15804;72056;55101;1660;508;1445;145540;292;136;519;0.0;0;0.0
2022-11;20221101;3;25;312;13360;47042;50164;2030;643;523;113551;177;103;642;0.0;0;0.0
2022-11;20221101;3;28;610;22064;65452;132993;4309;6584;1241;232012;434;256;1153;0.0;0;0.0
2022-11;20221101;1;30;174;9191;54377;58747;1377;9195;911;133061;0;0;0;0.0;0;0.0
2022-11;20221101;1;64;520;14104;70015;61699;798;1964;131;149100;0;0;0;0.0;0;0.0
2022-10;20221001;1;64;461;12912;62779;54931;721;1762;131;133566;0;0;0;0.0;0;0.0
2022-10;20221001;5;13;849;36082;125519;130575;6107;11241;1914;310373;481;335;1829;0.0;0;0.0
2022-10;20221001;2;8;121;3584;32355;15454;233;2735;87;54482;121;87;469;0.0;0;0.0
2022-10;20221001;2;20;452;17118;72269;48219;2741;5608;363;146407;300;151;824;0.0;0;0.0
2022-10;20221001;2;23;1084;29904;114254;72223;2697;6727;1678;226889;1061;596;3279;0.0;0;0.0
2022-10;20221001;2;5;412;13119;55449;42684;1654;5319;13470;118637;388;215;1046;0.0;0;0.0
2022-10;20221001;2;38;329;6344;38576;27482;1905;2483;75;77119;0;0;0;0.0;0;0.0
2022-10;20221001;3;1;292;10437;50555;52036;1193;3590;8258;118103;0;0;0;0.0;0;0.0
2022-10;20221001;3;22;432;13135;56604;63512;1375;4065;985;139123;167;114;663;0.0;0;0.0
2022-10;20221001;3;32;315;13813;40540;72337;977;316;0;128298;0;0;0;0.0;0;0.0
2022-10;20221001;1;12;928;20175;77326;38741;4276;0;78765;141446;0;0;0;0.0;0;0.0
2022-10;20221001;1;7;854;20744;71388;49801;3624;11971;12011;158382;359;160;848;0.0;0;0.0
2022-10;20221001;1;53;221;8963;34120;22757;1556;1443;9390;69060;0;0;0;0.0;0;0.0
2022-10;20221001;2;35;119;3642;27484;20268;1061;1176;61;53750;146;65;545;0.0;0;0.0
2022-10;20221001;3;3;587;11226;56020;53101;995;2951;420;124880;179;99;840;0.0;0;0.0
2022-10;20221001;3;28;556;19401;58274;119180;3983;6074;1281;207468;437;255;1134;0.0;0;0.0
2022-10;20221001;1;31;742;15069;75380;71619;3362;774;1086;166946;553;278;1156;0.0;0;0.0
2022-10;20221001;4;66;247;9084;41213;30754;1193;759;1906;83250;0;0;0;0.0;0;0.0
2022-10;20221001;4;69;94;3681;17112;17617;245;1103;37624;39852;0;0;0;0.0;0;0.0
2022-10;20221001;4;73;231;6800;28203;29351;677;2759;0;68021;0;0;0;0.0;0;0.0
2022-10;20221001;2;15;643;14449;69835;60391;2258;2979;0;150555;271;145;930;0.0;0;0.0
2022-10;20221001;3;9;550;7908;55681;48631;2816;0;83719;115586;0;0;0;0.0;0;0.0
2022-10;20221001;3;33;380;14054;65072;49185;1526;456;1331;130673;290;136;532;0.0;0;0.0
2022-10;20221001;1;14;496;10235;58915;28121;2249;4643;18617;104659;829;441;1633;0.0;0;0.0
2022-10;20221001;1;2;544;19802;85134;74953;3381;2317;694;186131;0;0;0;0.0;0;0.0
2022-10;20221001;1;30;161;8163;49103;52286;1239;8382;767;119334;0;0;0;0.0;0;0.0
2022-10;20221001;1;29;98;3832;21250;27430;1351;615;2;54576;79;38;236;0.0;0;0.0
2022-10;20221001;1;72;294;5992;42921;28246;788;6157;282;84398;0;0;0;0.0;0;0.0
2022-10;20221001;3;16;241;8849;37789;60503;2712;3794;6875;113888;597;356;1526;0.0;0;0.0
2022-10;20221001;3;17;343;10956;49923;38427;1012;4642;9290;105303;272;141;874;0.0;0;0.0
2022-10;20221001;3;10;670;16721;63042;65943;6337;2211;19124;154924;878;589;2040;0.0;0;0.0
2022-10;20221001;3;34;335;10687;54387;44063;1443;1643;258;112558;215;85;456;0.0;0;0.0
2022-10;20221001;3;25;282;11898;42311;44347;1834;568;407;101240;178;103;642;0.0;0;0.0
2022-10;20221001;3;27;623;12457;40987;59845;4661;1519;4799;120092;438;212;1065;0.0;0;0.0
2022-10;20221001;1;21;266;8506;53402;41058;1201;1654;5;106087;192;59;456;0.0;0;0.0
2022-09;20220901;3;32;267;11870;35978;64176;903;268;0;113462;0;0;0;0.0;0;0.0
2022-09;20220901;3;27;553;10780;35984;52980;4259;1350;4487;105906;436;211;1068;0.0;0;0.0
2022-09;20220901;1;2;477;17624;75730;66184;3094;2144;582;165253;0;0;0;0.0;0;0.0
2022-09;20220901;1;29;87;3443;19026;24142;1192;561;2;48451;79;38;236;0.0;0;0.0
2022-09;20220901;4;66;228;8029;36197;27216;1074;679;1807;73423;0;0;0;0.0;0;0.0
2022-09;20220901;4;69;86;3212;15259;15760;222;1019;33289;35558;0;0;0;0.0;0;0.0
2022-09;20220901;3;9;502;7197;50601;44321;0;2547;74490;105168;0;0;0;0.0;0;0.0
2022-09;20220901;3;17;305;9755;44449;34213;901;4133;8271;93756;273;141;873;0.0;0;0.0
2022-09;20220901;1;12;837;18133;68933;34931;3846;0;68601;126680;0;0;0;0.0;0;0.0
2022-09;20220901;1;30;149;7245;43819;46124;1102;7603;602;106042;0;0;0;0.0;0;0.0
2022-09;20220901;2;20;401;15061;64078;43000;2402;5086;317;130028;298;151;826;0.0;0;0.0
2022-09;20220901;2;23;983;26637;101482;64210;2391;6089;1392;201792;1058;599;3279;0.0;0;0.0
2022-09;20220901;2;5;377;11678;49651;37990;1494;4789;12058;105979;390;215;1044;0.0;0;0.0
2022-09;20220901;3;3;513;9909;49525;46956;915;2667;356;110485;182;99;839;0.0;0;0.0
2022-09;20220901;3;33;331;12405;58061;43133;1375;408;1226;115713;291;136;531;0.0;0;0.0
2022-09;20220901;3;34;285;9365;47736;38479;1310;1474;212;98649;217;85;458;0.0;0;0.0
2022-09;20220901;3;28;494;17009;51496;105058;3597;5543;1018;183197;435;258;1109;0.0;0;0.0
2022-09;20220901;1;21;234;7630;47329;36414;1117;1467;5;94191;192;59;456;0.0;0;0.0
2022-09;20220901;1;7;779;19143;63908;44250;2596;10667;10534;141343;357;160;847;0.0;0;0.0
2022-09;20220901;1;31;677;13392;67170;64530;3181;184;956;149134;552;280;1157;0.0;0;0.0
2022-09;20220901;1;53;197;7977;30339;20668;1431;1333;8496;61945;0;0;0;0.0;0;0.0
2022-09;20220901;1;72;266;5374;38092;25603;698;5678;253;75711;0;0;0;0.0;0;0.0
2022-09;20220901;4;73;206;6119;25237;26034;599;2472;0;60667;0;0;0;0.0;0;0.0
2022-09;20220901;5;13;738;31836;112123;117002;5519;10045;1628;277263;484;336;1811;0.0;0;0.0
2022-09;20220901;2;38;292;5694;34520;24534;1724;2282;63;69046;0;0;0;0.0;0;0.0
2022-09;20220901;3;25;253;10463;37627;38849;1613;505;357;89310;176;103;645;0.0;0;0.0
2022-09;20220901;1;14;453;9094;52578;25431;2081;4145;16845;93782;830;443;1638;0.0;0;0.0
2022-09;20220901;2;8;111;3227;28655;13694;202;2434;74;48323;124;87;468;0.0;0;0.0
2022-09;20220901;2;15;581;12914;62051;53709;2035;2669;0;133959;273;145;926;0.0;0;0.0
2022-09;20220901;2;35;112;3294;24453;18112;947;1042;55;47960;148;65;544;0.0;0;0.0
2022-09;20220901;3;1;262;9142;44769;45739;1046;3217;7391;104175;0;0;0;0.0;0;0.0
2022-09;20220901;3;16;223;7842;33458;53776;2445;3479;6174;101223;597;356;1533;0.0;0;0.0
2022-09;20220901;3;22;379;11638;50142;55884;1220;3668;888;122931;167;114;662;0.0;0;0.0
2022-09;20220901;3;10;607;14824;55823;58667;5715;1972;17224;137608;888;592;2007;0.0;0;0.0
2022-09;20220901;1;64;406;11621;56081;48852;651;1571;131;119182;0;0;0;0.0;0;0.0
2022-08;20220801;4;66;212;7144;32014;24758;953;617;1743;65698;0;0;0;0.0;0;0.0
2022-08;20220801;4;73;189;5506;22688;23307;542;2232;0;54464;0;0;0;0.0;0;0.0
2022-08;20220801;2;20;356;13392;56835;38986;2115;4534;296;116218;289;153;823;0.0;0;0.0
2022-08;20220801;3;3;452;8886;44190;42234;809;2404;331;98975;180;99;837;0.0;0;0.0
2022-08;20220801;3;32;241;10434;32064;57259;798;235;0;101031;0;0;0;0.0;0;0.0
2022-08;20220801;3;34;236;8253;42391;34179;1138;1292;184;87489;215;85;443;0.0;0;0.0
2022-08;20220801;3;28;427;15036;45349;93020;3194;4979;1117;162005;430;261;1095;0.0;0;0.0
2022-08;20220801;3;27;502;9429;31782;47693;3800;1224;4244;94430;436;213;1064;0.0;0;0.0
2022-08;20220801;1;2;426;15580;67194;59194;2754;1982;533;147130;0;0;0;0.0;0;0.0
2022-08;20220801;1;29;80;3067;16944;21699;1044;513;2;43347;77;39;237;0.0;0;0.0
2022-08;20220801;1;53;180;7006;26954;18486;1226;1194;7635;55046;0;0;0;0.0;0;0.0
2022-08;20220801;2;23;861;23529;90328;57857;2143;5373;1213;180091;1060;607;3281;0.0;0;0.0
2022-08;20220801;3;1;236;8115;39867;40721;925;2861;6510;92725;0;0;0;0.0;0;0.0
2022-08;20220801;3;25;220;9238;33319;34775;1441;452;343;79445;177;104;647;0.0;0;0.0
2022-08;20220801;1;31;606;11908;59802;58107;2888;0;858;133311;543;288;1157;0.0;0;0.0
2022-08;20220801;2;38;258;5148;30749;22239;1543;2112;58;62049;0;0;0;0.0;0;0.0
2022-08;20220801;2;35;103;2956;21902;16322;844;919;54;43046;151;66;545;0.0;0;0.0
2022-08;20220801;3;9;445;6419;44435;39733;0;2285;66854;93317;0;0;0;0.0;0;0.0
2022-08;20220801;3;16;203;7033;29911;48557;2193;3136;5388;91033;605;356;1527;0.0;0;0.0
2022-08;20220801;3;17;276;8711;39637;31015;796;3718;7462;84153;275;142;874;0.0;0;0.0
2022-08;20220801;3;22;343;10412;44819;49907;1063;3271;835;109815;166;115;676;0.0;0;0.0
2022-08;20220801;1;21;206;6796;42069;32944;1006;1309;4;84330;188;59;460;0.0;0;0.0
2022-08;20220801;1;72;248;4819;34106;23108;628;5216;235;68125;0;0;0;0.0;0;0.0
2022-08;20220801;4;69;81;2869;13509;14272;188;913;29674;31832;0;0;0;0.0;0;0.0
2022-08;20220801;2;8;103;2874;25554;12345;187;2132;66;43195;123;87;469;0.0;0;0.0
2022-08;20220801;2;5;341;10413;44151;34052;1342;4322;10678;94621;385;217;1045;0.0;0;0.0
2022-08;20220801;3;10;550;13148;49607;52695;5086;1742;15487;122828;886;597;1957;0.0;0;0.0
2022-08;20220801;1;12;722;16130;61179;31213;3349;0;61679;112593;0;0;0;0.0;0;0.0
2022-08;20220801;1;7;712;16501;57955;40439;1606;9509;9553;126722;348;162;847;0.0;0;0.0
2022-08;20220801;1;30;132;6450;39257;41164;937;6746;506;94686;0;0;0;0.0;0;0.0
2022-08;20220801;5;13;665;28148;99709;104130;4903;8966;1441;246521;486;337;1817;0.0;0;0.0
2022-08;20220801;2;15;515;11419;55163;48029;1811;2383;0;119320;269;148;926;0.0;0;0.0
2022-08;20220801;3;33;288;11599;51529;38279;1194;355;1203;103244;293;136;515;0.0;0;0.0
2022-08;20220801;1;14;397;8030;46413;22824;1899;3696;14884;83259;820;459;1635;0.0;0;0.0
2022-08;20220801;1;64;351;10420;49787;43657;582;1401;131;106198;0;0;0;0.0;0;0.0
2022-07;20220701;2;38;230;4410;26279;19066;1299;1918;48;53202;0;0;0;0.0;0;0.0
2022-07;20220701;3;32;204;9246;28362;50548;677;205;0;89242;0;0;0;0.0;0;0.0
2022-07;20220701;1;21;186;6068;36776;29609;891;1121;3;74651;184;60;456;0.0;0;0.0
2022-07;20220701;1;2;393;13462;58508;52253;2414;1776;486;128806;0;0;0;0.0;0;0.0
2022-07;20220701;1;30;116;5704;34597;36147;801;5768;409;83133;0;0;0;0.0;0;0.0
2022-07;20220701;1;53;162;6253;23971;16479;1073;1072;5560;49010;0;0;0;0.0;0;0.0
2022-07;20220701;1;64;309;8990;42311;37572;518;1093;131;90793;0;0;0;0.0;0;0.0
2022-07;20220701;3;10;499;11518;43337;46772;4504;1529;13606;108159;861;638;1968;0.0;0;0.0
2022-07;20220701;3;33;253;10453;45851;34118;1034;312;835;92021;278;143;527;0.0;0;0.0
2022-07;20220701;1;12;627;14011;52787;27571;2900;0;55141;97896;0;0;0;0.0;0;0.0
2022-07;20220701;1;31;530;10342;52045;51298;2520;0;714;116735;524;302;1154;0.0;0;0.0
2022-07;20220701;4;73;165;4800;19778;20333;476;1983;0;47535;0;0;0;0.0;0;0.0
2022-07;20220701;5;13;581;24053;84553;89105;4318;7778;1232;210388;485;346;1810;0.0;0;0.0
2022-07;20220701;2;15;437;9873;47583;42105;1591;2034;0;103623;262;157;920;0.0;0;0.0
2022-07;20220701;3;9;394;5660;38503;34737;0;1964;60059;81258;0;0;0;0.0;0;0.0
2022-07;20220701;3;17;258;7732;34702;28154;699;3243;6534;74788;263;151;867;0.0;0;0.0
2022-07;20220701;3;22;309;9134;39191;43519;890;2858;753;95901;165;118;676;0.0;0;0.0
2022-07;20220701;3;25;187;8193;29202;30777;1219;396;334;69974;171;113;647;0.0;0;0.0
2022-07;20220701;1;7;622;15178;50793;35640;1137;8334;8397;111704;338;171;848;0.0;0;0.0
2022-07;20220701;4;69;76;2497;11647;12450;175;791;25441;27636;0;0;0;0.0;0;0.0
2022-07;20220701;2;8;91;2499;21984;10915;166;1827;54;37482;124;89;470;0.0;0;0.0
2022-07;20220701;2;5;294;9063;38255;30007;1148;3667;9110;82434;380;220;1036;0.0;0;0.0
2022-07;20220701;2;35;93;2581;18949;14340;764;797;52;37524;147;72;545;0.0;0;0.0
2022-07;20220701;3;1;215;7208;35042;36031;762;2499;5581;81757;0;0;0;0.0;0;0.0
2022-07;20220701;3;34;213;7336;37361;30369;972;1117;167;77368;215;87;449;0.0;0;0.0
2022-07;20220701;3;27;446;8318;28009;42364;3394;1040;3956;83571;441;216;1056;0.0;0;0.0
2022-07;20220701;1;29;70;2674;14813;19351;864;463;2;38235;76;41;238;0.0;0;0.0
2022-07;20220701;4;66;185;6220;27735;22216;833;549;1666;57738;0;0;0;0.0;0;0.0
2022-07;20220701;2;20;309;11769;49564;34825;1845;3928;260;102240;282;159;823;0.0;0;0.0
2022-07;20220701;2;23;748;20555;78527;50932;1785;4545;1057;157092;1014;665;3280;0.0;0;0.0
2022-07;20220701;3;16;188;6330;26587;43518;1876;2778;4503;81277;593;377;1528;0.0;0;0.0
2022-07;20220701;3;3;396;7810;38505;37266;702;2106;300;86785;172;105;841;0.0;0;0.0
2022-07;20220701;3;28;377;13374;39626;81570;2711;4401;1000;142059;421;273;1104;0.0;0;0.0
2022-07;20220701;1;14;334;7075;40496;19799;1657;3242;12738;72603;804;479;1636;0.0;0;0.0
2022-07;20220701;1;72;225;4061;29078;19904;543;4618;210;58429;0;0;0;0.0;0;0.0
2022-06;20220601;4;66;167;5346;23618;19383;719;500;1600;49733;0;0;0;0.0;0;0.0
2022-06;20220601;3;32;161;8026;24201;43004;541;173;0;76106;0;0;0;0.0;0;0.0
2022-06;20220601;3;25;164;7087;25180;26529;1079;338;317;60377;172;116;648;0.0;0;0.0
2022-06;20220601;1;14;280;6052;34365;16897;1364;2743;10793;61701;799;495;1632;0.0;0;0.0
2022-06;20220601;1;2;340;11323;49609;44849;2080;1565;447;109766;0;0;0;0.0;0;0.0
2022-06;20220601;1;30;100;4797;29664;31113;662;4847;341;71183;0;0;0;0.0;0;0.0
2022-06;20220601;1;31;442;8751;44497;44589;2185;0;623;100464;525;309;1149;0.0;0;0.0
2022-06;20220601;1;64;268;7628;35410;31415;432;979;131;76132;0;0;0;0.0;0;0.0
2022-06;20220601;4;69;69;2111;9794;10865;148;698;21488;23685;0;0;0;0.0;0;0.0
2022-06;20220601;4;73;140;4036;16850;17564;414;1759;0;40763;0;0;0;0.0;0;0.0
2022-06;20220601;2;15;360;8351;40432;36342;1364;1704;0;88553;261;160;922;0.0;0;0.0
2022-06;20220601;2;23;616;17478;67204;44084;1540;3810;879;134732;1020;678;3283;0.0;0;0.0
2022-06;20220601;3;9;316;4847;32578;29704;0;1739;52240;69184;0;0;0;0.0;0;0.0
2022-06;20220601;3;27;369;7064;23646;36710;2921;889;3547;71599;432;233;1057;0.0;0;0.0
2022-06;20220601;1;7;539;12140;43419;30856;1057;7226;7793;95237;339;173;848;0.0;0;0.0
2022-06;20220601;1;53;142;5331;20302;14182;930;931;4655;41818;0;0;0;0.0;0;0.0
2022-06;20220601;5;13;476;19987;69703;74230;3775;6644;1005;174815;477;357;1797;0.0;0;0.0
2022-06;20220601;2;20;269;9995;42058;30295;1602;3357;227;87576;285;162;824;0.0;0;0.0
2022-06;20220601;2;5;240;7722;32518;25834;992;3113;7677;70419;370;233;1038;0.0;0;0.0
2022-06;20220601;3;16;166;5491;23020;37827;1638;2423;3759;70565;591;396;1538;0.0;0;0.0
2022-06;20220601;3;3;337;6702;32890;32405;610;1845;270;74789;174;105;839;0.0;0;0.0
2022-06;20220601;1;29;55;2262;12500;16745;714;366;2;32642;76;42;238;0.0;0;0.0
2022-06;20220601;2;38;186;3700;22298;16453;1101;1652;31;45390;0;0;0;0.0;0;0.0
2022-06;20220601;3;1;185;6236;30049;31289;664;2124;4748;70547;0;0;0;0.0;0;0.0
2022-06;20220601;3;22;264;7871;33605;37476;753;2483;691;82452;165;120;680;0.0;0;0.0
2022-06;20220601;3;10;412;9840;37345;40249;3845;1286;11708;92977;867;655;1987;0.0;0;0.0
2022-06;20220601;3;33;221;9071;39703;29255;895;263;743;79408;278;150;542;0.0;0;0.0
2022-06;20220601;3;28;322;11482;34029;70304;2370;3710;713;122217;418;287;1110;0.0;0;0.0
2022-06;20220601;1;21;158;5089;31063;25964;769;945;1;63988;184;62;454;0.0;0;0.0
2022-06;20220601;2;8;82;2075;18799;9492;141;1540;45;32129;124;90;471;0.0;0;0.0
2022-06;20220601;2;35;79;2172;16054;12327;658;675;42;31965;147;76;542;0.0;0;0.0
2022-06;20220601;3;17;230;6726;29730;24766;597;2782;5583;64831;264;156;870;0.0;0;0.0
2022-06;20220601;3;34;181;6363;32315;26570;845;965;148;67239;212;94;452;0.0;0;0.0
2022-06;20220601;1;12;538;11997;44730;23784;2434;0;47573;83483;0;0;0;0.0;0;0.0
2022-06;20220601;1;72;180;3411;24614;17192;449;4143;183;49989;0;0;0;0.0;0;0.0
2022-05;20220501;4;69;50;1717;8150;9112;118;603;17742;19750;0;0;0;0.0;0;0.0
2022-05;20220501;2;20;227;8389;34918;25795;1339;2774;198;73442;286;164;820;0.0;0;0.0
2022-05;20220501;2;5;207;6440;26929;21615;801;2559;6665;58551;371;235;1039;0.0;0;0.0
2022-05;20220501;2;38;150;3099;18358;13838;896;1403;28;37744;0;0;0;0.0;0;0.0
2022-05;20220501;3;17;181;5641;24867;21005;505;2261;4703;54460;264;160;872;0.0;0;0.0
2022-05;20220501;3;3;283;5647;27235;27052;502;1586;213;62305;178;108;836;0.0;0;0.0
2022-05;20220501;3;33;191;7766;33388;24288;760;204;636;66597;317;151;553;0.0;0;0.0
2022-05;20220501;3;25;138;5859;21046;22031;889;281;242;50244;174;118;651;0.0;0;0.0
2022-05;20220501;1;21;128;4183;25957;22022;620;785;1;53695;185;63;455;0.0;0;0.0
2022-05;20220501;1;2;291;9419;41525;37737;1743;1418;411;92133;0;0;0;0.0;0;0.0
2022-05;20220501;1;30;86;4001;24869;26324;560;3923;291;59763;0;0;0;0.0;0;0.0
2022-05;20220501;1;31;374;7313;37169;37806;1795;0;527;84457;527;312;1128;0.0;0;0.0
2022-05;20220501;1;72;152;2809;20383;14355;377;3565;159;41641;0;0;0;0.0;0;0.0
2022-05;20220501;3;1;158;5323;25001;25960;563;1780;3948;58785;0;0;0;0.0;0;0.0
2022-05;20220501;3;16;153;4622;19416;31791;1348;2039;3150;59369;592;405;1541;0.0;0;0.0
2022-05;20220501;1;29;47;1873;10217;13973;576;298;2;26984;76;43;235;0.0;0;0.0
2022-05;20220501;1;64;219;6303;29356;26147;352;811;117;63188;0;0;0;0.0;0;0.0
2022-05;20220501;4;73;114;3345;13949;14827;368;1493;0;34096;0;0;0;0.0;0;0.0
2022-05;20220501;5;13;396;16334;56907;61117;3233;5510;805;143497;479;358;1804;0.0;0;0.0
2022-05;20220501;3;28;275;9644;28110;58542;1986;3092;743;101649;421;291;1103;0.0;0;0.0
2022-05;20220501;1;7;446;9498;36903;25248;989;6155;7478;79239;342;175;848;0.0;0;0.0
2022-05;20220501;1;53;115;4411;16859;11896;798;821;3827;34900;0;0;0;0.0;0;0.0
2022-05;20220501;2;15;302;6960;33150;30066;1135;1423;0;73036;268;161;923;0.0;0;0.0
2022-05;20220501;2;23;518;14653;56322;37214;1278;3165;721;113150;1025;682;3293;0.0;0;0.0
2022-05;20220501;2;35;68;1816;13408;10346;545;557;34;26740;152;76;539;0.0;0;0.0
2022-05;20220501;3;22;220;6555;28045;31462;636;2126;592;69044;165;120;680;0.0;0;0.0
2022-05;20220501;3;32;132;6708;20159;35984;465;146;0;63594;0;0;0;0.0;0;0.0
2022-05;20220501;3;27;292;5910;19606;30883;2445;762;3131;59898;441;239;1069;0.0;0;0.0
2022-05;20220501;1;14;228;5018;28395;14099;1145;2295;8942;51180;800;497;1632;0.0;0;0.0
2022-05;20220501;4;66;143;4502;19745;16494;594;440;1518;41918;0;0;0;0.0;0;0.0
2022-05;20220501;2;8;68;1688;15589;8046;128;1261;37;26780;125;91;468;0.0;0;0.0
2022-05;20220501;3;9;256;4053;26792;24317;1440;0;44386;56858;0;0;0;0.0;0;0.0
2022-05;20220501;3;10;327;8228;31234;33457;3178;1026;9586;77450;869;666;1990;0.0;0;0.0
2022-05;20220501;3;34;151;5338;27197;22397;729;784;117;56596;216;96;456;0.0;0;0.0
2022-05;20220501;1;12;444;9974;36964;19760;2028;0;40198;69170;0;0;0;0.0;0;0.0
2022-04;20220401;2;8;52;1338;12065;6190;104;981;25;20730;126;92;468;0.0;0;0.0
2022-04;20220401;2;5;159;5092;21059;16589;637;2020;5017;45556;372;237;1033;0.0;0;0.0
2022-04;20220401;3;22;169;5095;21633;23953;498;1770;462;53118;168;121;680;0.0;0;0.0
2022-04;20220401;3;25;108;4542;16243;16565;734;222;206;38414;175;120;651;0.0;0;0.0
2022-04;20220401;3;28;225;7611;21778;44731;1562;2472;440;78379;422;295;1100;0.0;0;0.0
2022-04;20220401;1;14;177;3879;21904;10903;895;1794;6991;39552;802;504;1628;0.0;0;0.0
2022-04;20220401;1;2;242;7217;31878;28452;1429;1196;296;70414;0;0;0;0.0;0;0.0
2022-04;20220401;1;7;347;7389;28482;19843;818;4839;5750;61718;343;175;843;0.0;0;0.0
2022-04;20220401;4;73;85;2655;10643;11395;276;1196;0;26250;0;0;0;0.0;0;0.0
2022-04;20220401;5;13;299;12585;43165;46326;2495;4364;537;109234;480;364;1807;0.0;0;0.0
2022-04;20220401;3;17;134;4409;19039;16161;416;1754;3689;41913;266;164;870;0.0;0;0.0
2022-04;20220401;3;27;248;4768;15454;24360;1902;572;2541;47304;441;240;1073;0.0;0;0.0
2022-04;20220401;1;31;302;5781;29217;29359;1460;0;371;66119;531;312;1129;0.0;0;0.0
2022-04;20220401;2;20;181;6483;26703;19314;1020;2184;147;55885;286;165;817;0.0;0;0.0
2022-04;20220401;2;23;411;11496;43847;28793;1003;2543;589;88093;1029;693;3300;0.0;0;0.0
2022-04;20220401;2;35;49;1414;10352;7974;399;418;29;20606;151;76;542;0.0;0;0.0
2022-04;20220401;3;1;127;4268;19345;19875;442;1442;3119;45499;0;0;0;0.0;0;0.0
2022-04;20220401;3;9;192;3194;20597;18899;1100;0;34553;43982;0;0;0;0.0;0;0.0
2022-04;20220401;3;10;252;6441;24512;25629;2454;805;7408;60093;875;681;1998;0.0;0;0.0
2022-04;20220401;3;3;224;4403;21009;20666;402;1224;156;47928;182;108;830;0.0;0;0.0
2022-04;20220401;1;12;356;7871;28851;15094;1562;0;30678;53734;0;0;0;0.0;0;0.0
2022-04;20220401;1;53;97;3471;12964;9103;643;546;3048;26824;0;0;0;0.0;0;0.0
2022-04;20220401;3;33;151;6210;26302;18541;596;160;555;51960;329;155;556;0.0;0;0.0
2022-04;20220401;1;30;69;3122;19515;20221;430;3037;218;46394;0;0;0;0.0;0;0.0
2022-04;20220401;1;64;183;5012;22604;19993;264;635;89;48691;0;0;0;0.0;0;0.0
2022-04;20220401;1;72;116;2216;15832;10973;298;2900;130;32335;0;0;0;0.0;0;0.0
2022-04;20220401;4;66;114;3551;15426;12616;465;369;1264;32541;0;0;0;0.0;0;0.0
2022-04;20220401;4;69;44;1316;6325;6893;107;495;13138;15180;0;0;0;0.0;0;0.0
2022-04;20220401;2;15;243;5568;25866;23794;905;1141;0;57517;269;164;926;0.0;0;0.0
2022-04;20220401;2;38;112;2475;14189;10544;717;1080;21;29117;0;0;0;0.0;0;0.0
2022-04;20220401;3;16;129;3587;15163;24578;1078;1641;2505;46176;591;408;1557;0.0;0;0.0
2022-04;20220401;3;32;92;5260;15491;27772;351;118;0;49084;0;0;0;0.0;0;0.0
2022-04;20220401;3;34;123;4184;21104;17234;543;643;94;43831;218;97;457;0.0;0;0.0
2022-04;20220401;1;21;106;3213;20017;16954;503;593;0;41386;185;64;455;0.0;0;0.0
2022-04;20220401;1;29;36;1445;7811;10596;441;235;2;20564;76;43;237;0.0;0;0.0
2022-03;20220301;4;66;98;2625;11469;9184;346;306;1089;24028;0;0;0;0.0;0;0.0
2022-03;20220301;4;69;32;967;4648;5066;78;364;9874;11155;0;0;0;0.0;0;0.0
2022-03;20220301;2;20;133;4827;19448;13731;693;1672;107;40504;289;165;819;0.0;0;0.0
2022-03;20220301;2;23;300;8680;32474;21342;746;1944;467;65486;1034;698;3306;0.0;0;0.0
2022-03;20220301;2;38;90;1832;10323;7737;525;805;13;21312;0;0;0;0.0;0;0.0
2022-03;20220301;3;3;172;3284;15346;15075;288;913;112;35078;182;110;840;0.0;0;0.0
2022-03;20220301;3;32;64;4001;11478;19948;261;85;0;35837;0;0;0;0.0;0;0.0
2022-03;20220301;3;27;195;3708;11779;18604;1533;441;933;36260;444;241;1075;0.0;0;0.0
2022-03;20220301;1;12;284;5972;21268;11055;1094;0;22523;39673;0;0;0;0.0;0;0.0
2022-03;20220301;1;14;131;2861;16055;8200;629;1389;5125;29265;804;505;1630;0.0;0;0.0
2022-03;20220301;1;72;84;1632;11549;8083;220;2299;107;23867;0;0;0;0.0;0;0.0
2022-03;20220301;2;8;35;1003;8862;4612;87;735;21;15334;126;92;468;0.0;0;0.0
2022-03;20220301;2;5;110;3740;15391;11775;477;1491;4140;32984;373;239;1034;0.0;0;0.0
2022-03;20220301;2;35;38;1022;7371;5951;294;313;22;14989;151;76;542;0.0;0;0.0
2022-03;20220301;3;22;142;3787;16281;17987;385;1427;287;40009;168;121;680;0.0;0;0.0
2022-03;20220301;3;10;194;4854;17910;18875;1872;599;5532;44304;877;690;2006;0.0;0;0.0
2022-03;20220301;3;28;177;5749;16105;33073;1187;1890;319;58181;423;297;1104;0.0;0;0.0
2022-03;20220301;1;64;132;3686;16407;14435;188;495;58;35343;0;0;0;0.0;0;0.0
2022-03;20220301;3;17;108;3226;13957;11895;316;1287;2751;30789;267;165;866;0.0;0;0.0
2022-03;20220301;3;25;83;3442;11890;11961;535;158;179;28069;174;120;654;0.0;0;0.0
2022-03;20220301;1;21;82;2434;14626;12824;394;428;0;30788;186;64;457;0.0;0;0.0
2022-03;20220301;1;2;180;5358;23446;20518;1067;1014;249;51583;0;0;0;0.0;0;0.0
2022-03;20220301;1;31;237;4321;21707;21782;1067;0;260;49114;532;314;1130;0.0;0;0.0
2022-03;20220301;4;73;65;1986;7852;8464;224;933;0;19524;0;0;0;0.0;0;0.0
2022-03;20220301;5;13;221;9355;31575;33729;1826;3218;383;79924;479;371;1804;0.0;0;0.0
2022-03;20220301;3;33;110;4519;19813;14079;443;112;469;39076;335;155;556;0.0;0;0.0
2022-03;20220301;1;30;55;2359;14615;15173;287;2207;158;34696;0;0;0;0.0;0;0.0
2022-03;20220301;1;29;26;1089;5799;7831;307;175;1;15227;76;43;238;0.0;0;0.0
2022-03;20220301;2;15;178;4142;19080;17707;662;855;0;42624;268;164;927;0.0;0;0.0
2022-03;20220301;3;1;91;3181;14238;14748;313;1100;2314;33671;0;0;0;0.0;0;0.0
2022-03;20220301;3;9;146;2359;15041;14088;803;0;25930;32437;0;0;0;0.0;0;0.0
2022-03;20220301;3;16;99;2738;11332;18301;817;1309;1891;34596;593;409;1560;0.0;0;0.0
2022-03;20220301;3;34;99;3153;15746;12575;387;473;74;32433;221;97;456;0.0;0;0.0
2022-03;20220301;1;7;257;5488;21326;14593;513;3598;4350;45775;344;176;844;0.0;0;0.0
2022-03;20220301;1;53;66;2682;9577;6788;498;390;2282;20001;0;0;0;0.0;0;0.0
2022-02;20220201;4;73;40;1261;4801;4966;151;663;0;11882;0;0;0;0.0;0;0.0
2022-02;20220201;2;8;26;621;5471;2507;54;485;15;9164;125;92;471;0.0;0;0.0
2022-02;20220201;2;15;114;2609;11646;9781;447;586;0;25183;268;166;931;0.0;0;0.0
2022-02;20220201;2;23;206;5470;19808;12022;466;1399;289;39371;1039;701;3313;0.0;0;0.0
2022-02;20220201;3;9;93;1493;9535;8852;504;0;15010;20477;0;0;0;0.0;0;0.0
2022-02;20220201;3;16;64;1705;7000;10725;503;885;1184;20882;590;412;1564;0.0;0;0.0
2022-02;20220201;3;17;74;2011;8452;7018;199;797;1797;18551;268;166;862;0.0;0;0.0
2022-02;20220201;3;22;95;2383;9599;9929;246;943;160;23195;169;121;680;0.0;0;0.0
2022-02;20220201;3;10;132;3085;10937;11298;1167;385;3505;27004;878;691;2021;0.0;0;0.0
2022-02;20220201;3;3;109;2040;9243;8613;192;625;43;20822;182;111;844;0.0;0;0.0
2022-02;20220201;3;32;35;2469;6853;11512;182;47;0;21098;0;0;0;0.0;0;0.0
2022-02;20220201;3;27;120;2360;7400;10887;1006;287;530;22060;445;241;1085;0.0;0;0.0
2022-02;20220201;1;29;18;697;3621;4706;183;118;1;9343;76;43;238;0.0;0;0.0
2022-02;20220201;5;13;138;6075;19624;20543;1175;2131;245;49686;479;371;1808;0.0;0;0.0
2022-02;20220201;2;20;81;3083;11782;8135;404;1122;54;24607;290;168;820;0.0;0;0.0
2022-02;20220201;2;5;72;2447;9629;6733;293;963;2455;20137;373;239;1036;0.0;0;0.0
2022-02;20220201;3;25;56;2186;7508;6945;336;103;68;17134;174;121;648;0.0;0;0.0
2022-02;20220201;3;28;131;3642;10043;20204;757;1268;221;36045;428;297;1112;0.0;0;0.0
2022-02;20220201;1;21;48;1522;8800;7961;278;289;0;18898;186;64;460;0.0;0;0.0
2022-02;20220201;1;64;85;2342;9943;8757;132;321;30;21580;0;0;0;0.0;0;0.0
2022-02;20220201;1;72;50;1024;7072;4863;130;1673;73;14812;0;0;0;0.0;0;0.0
2022-02;20220201;4;69;18;600;2984;3132;53;265;5969;7052;0;0;0;0.0;0;0.0
2022-02;20220201;2;38;62;1158;6225;4359;300;569;9;12673;0;0;0;0.0;0;0.0
2022-02;20220201;3;34;69;1949;9414;7237;214;275;39;19158;220;97;452;0.0;0;0.0
2022-02;20220201;1;30;36;1442;8930;9006;169;1420;75;21003;0;0;0;0.0;0;0.0
2022-02;20220201;1;31;155;2786;13532;13121;686;0;128;30280;533;315;1122;0.0;0;0.0
2022-02;20220201;4;66;65;1690;7126;5497;213;237;885;14828;0;0;0;0.0;0;0.0
2022-02;20220201;3;1;62;1999;8417;8856;205;653;1444;20192;0;0;0;0.0;0;0.0
2022-02;20220201;1;12;179;4020;13413;6903;648;0;13184;25163;0;0;0;0.0;0;0.0
2022-02;20220201;1;14;86;1880;10151;5016;406;936;3286;18475;799;508;1628;0.0;0;0.0
2022-02;20220201;1;2;103;3465;14542;12224;664;752;115;31750;0;0;0;0.0;0;0.0
2022-02;20220201;1;7;162;3458;13434;9190;324;2261;2729;28829;338;176;843;0.0;0;0.0
2022-02;20220201;1;53;42;1692;6074;4337;273;270;1455;12688;0;0;0;0.0;0;0.0
2022-02;20220201;2;35;30;638;4395;3501;201;205;11;8970;153;76;543;0.0;0;0.0
2022-02;20220201;3;33;54;2122;9231;5968;205;36;6611;17616;350;141;566;0.0;0;0.0
2022-01;20220101;4;66;33;838;3582;2941;105;151;684;7650;0;0;0;0.0;0;0.0
2022-01;20220101;2;8;19;279;2749;1245;27;211;6;4530;127;93;471;0.0;0;0.0
2022-01;20220101;3;9;46;762;4877;4847;236;0;6853;10768;0;0;0;0.0;0;0.0
2022-01;20220101;3;3;56;1002;4433;4390;111;346;27;10338;182;111;843;0.0;0;0.0
2022-01;20220101;3;32;21;1198;3242;5607;88;28;0;10184;0;0;0;0.0;0;0.0
2022-01;20220101;1;2;50;1752;7607;6269;325;448;54;16451;0;0;0;0.0;0;0.0
2022-01;20220101;1;53;22;848;3146;2316;129;111;737;6572;0;0;0;0.0;0;0.0
2022-01;20220101;5;13;60;2914;9627;10425;576;1120;115;24722;479;374;1809;0.0;0;0.0
2022-01;20220101;3;17;38;966;3997;3675;107;386;942;9169;267;168;867;0.0;0;0.0
2022-01;20220101;1;21;31;802;4393;4351;156;172;0;9905;183;65;459;0.0;0;0.0
2022-01;20220101;1;30;22;733;4680;4505;75;756;47;10771;0;0;0;0.0;0;0.0
2022-01;20220101;1;64;34;1202;4873;4737;75;180;18;11101;0;0;0;0.0;0;0.0
2022-01;20220101;1;72;22;513;3559;2572;72;1074;56;7812;0;0;0;0.0;0;0.0
2022-01;20220101;2;20;45;1576;5959;4345;228;618;31;12771;287;169;821;0.0;0;0.0
2022-01;20220101;2;23;111;2835;9759;5579;241;740;143;19265;1036;719;3321;0.0;0;0.0
2022-01;20220101;3;1;29;969;4046;4403;103;353;726;9903;0;0;0;0.0;0;0.0
2022-01;20220101;3;25;25;1033;3571;3406;176;56;48;8267;174;125;649;0.0;0;0.0
2022-01;20220101;3;27;58;1085;3525;5388;495;171;257;10722;447;242;1084;0.0;0;0.0
2022-01;20220101;1;12;90;2082;6625;3572;328;0;6495;12697;0;0;0;0.0;0;0.0
2022-01;20220101;1;31;86;1369;6700;6754;375;0;63;15284;532;317;1116;0.0;0;0.0
2022-01;20220101;4;73;18;667;2414;2473;78;363;0;6013;0;0;0;0.0;0;0.0
2022-01;20220101;2;35;17;300;2129;1797;87;112;7;4442;153;74;539;0.0;0;0.0
2022-01;20220101;3;22;52;1159;4594;4776;124;514;112;11219;165;122;681;0.0;0;0.0
2022-01;20220101;3;10;66;1592;5351;5594;571;179;1950;13353;870;699;2025;0.0;0;0.0
2022-01;20220101;3;33;42;1460;6125;3982;144;22;241;11775;0;0;0;0.0;0;0.0
2022-01;20220101;1;14;39;935;5212;2623;193;516;1690;9518;794;515;1626;0.0;0;0.0
2022-01;20220101;1;29;9;372;1769;2490;92;56;1;4788;77;42;236;0.0;0;0.0
2022-01;20220101;4;69;10;300;1502;1625;30;153;3122;3620;0;0;0;0.0;0;0.0
2022-01;20220101;2;15;66;1344;5623;5047;233;327;0;12640;267;166;931;0.0;0;0.0
2022-01;20220101;2;5;41;1246;4769;3352;149;484;1222;10041;373;241;1033;0.0;0;0.0
2022-01;20220101;2;38;31;613;3091;2347;145;353;6;6580;0;0;0;0.0;0;0.0
2022-01;20220101;3;16;25;864;3549;5379;267;487;615;10571;583;416;1570;0.0;0;0.0
2022-01;20220101;3;34;33;973;4543;3686;102;151;28;9488;221;96;454;0.0;0;0.0
2022-01;20220101;3;28;49;1822;4981;10197;365;737;158;18151;425;301;1100;0.0;0;0.0
2022-01;20220101;1;7;86;1823;7082;4843;172;1188;1426;15194;329;177;843;0.0;0;0.0
2021-12;20211201;4;73;276;6501;27986;30746;1100;3052;0;69661;0;0;0;0.0;0;0.0
2021-12;20211201;5;13;749;37012;113513;124823;7895;13876;1507;297868;479;302;1813;0.0;0;0.0
2021-12;20211201;2;8;120;3679;32685;14970;499;2651;57;54604;130;79;472;0.0;0;0.0
2021-12;20211201;2;15;682;15182;68478;61388;2981;3282;0;151993;269;141;926;0.0;0;0.0
2021-12;20211201;2;5;538;14589;58831;39616;2196;6046;14303;121816;376;205;1033;0.0;0;0.0
2021-12;20211201;3;1;270;10793;47383;48099;1663;3657;9454;111865;0;0;0;0.0;0;0.0
2021-12;20211201;3;32;327;13925;39362;68369;1406;566;0;123955;0;0;0;0.0;0;0.0
2021-12;20211201;3;33;432;15481;68840;49254;2438;485;381;136930;0;0;0;0.0;0;0.0
2021-12;20211201;3;25;307;12662;46092;37259;1847;952;287;99119;175;106;650;0.0;0;0.0
2021-12;20211201;1;12;992;20685;83154;46974;4855;24;78020;156684;0;0;0;0.0;0;0.0
2021-12;20211201;1;21;259;9239;53470;42776;1693;1511;17;108948;184;56;454;0.0;0;0.0
2021-12;20211201;1;72;310;6379;42187;28360;1078;8438;349;86752;0;0;0;0.0;0;0.0
2021-12;20211201;3;16;223;7860;32229;33186;3497;1914;43157;78909;581;361;1580;0.0;0;0.0
2021-12;20211201;3;17;314;10560;44395;42695;1893;4198;10369;104055;265;134;860;0.0;0;0.0
2021-12;20211201;1;2;614;20303;86538;62091;4175;2742;2782;176463;0;0;0;0.0;0;0.0
2021-12;20211201;1;30;179;8624;49656;50183;1180;8610;556;118432;0;0;0;0.0;0;0.0
2021-12;20211201;1;31;870;16704;79643;83072;4635;0;806;184924;539;268;1104;0.0;0;0.0
2021-12;20211201;1;53;302;10439;36232;24656;1949;1759;9365;75337;0;0;0;0.0;0;0.0
2021-12;20211201;2;38;302;6978;38385;27940;1891;3113;91;78609;0;0;0;0.0;0;0.0
2021-12;20211201;3;27;683;12899;40981;60967;6842;2020;2491;124392;447;206;1080;0.0;0;0.0
2021-12;20211201;1;7;934;21538;75801;52992;1855;13069;15824;166189;333;157;842;0.0;0;0.0
2021-12;20211201;1;64;505;13322;58730;53320;932;1862;188;128671;0;0;0;0.0;0;0.0
2021-12;20211201;4;66;271;9241;40685;27520;1400;1027;3997;80144;0;0;0;0.0;0;0.0
2021-12;20211201;2;35;139;3341;26236;21038;1280;1156;90;53190;153;63;537;0.0;0;0.0
2021-12;20211201;3;22;513;13997;59182;56254;1718;5509;737;137173;167;111;666;0.0;0;0.0
2021-12;20211201;3;10;814;17496;64432;67077;6726;2568;19486;159113;862;609;2048;0.0;0;0.0
2021-12;20211201;3;3;588;12049;52666;49960;1075;4481;394;120819;182;83;842;0.0;0;0.0
2021-12;20211201;4;69;108;3580;17011;17603;282;1218;34656;39802;0;0;0;0.0;0;0.0
2021-12;20211201;2;20;468;18349;74019;46495;2944;6040;250;148315;290;132;824;0.0;0;0.0
2021-12;20211201;2;23;1098;29277;113673;72384;3443;8165;6962;228040;1040;613;3299;0.0;0;0.0
2021-12;20211201;3;9;577;8650;54599;50725;3509;143;85546;118203;0;0;0;0.0;0;0.0
2021-12;20211201;3;34;350;11753;52931;45759;2390;1847;42;115030;222;83;454;0.0;0;0.0
2021-12;20211201;3;28;569;20597;58464;118253;5037;7267;1407;210187;428;253;1108;0.0;0;0.0
2021-12;20211201;1;14;602;11558;63797;28281;2452;4473;20036;111163;796;436;1627;0.0;0;0.0
2021-12;20211201;1;29;96;4109;20798;27308;1134;595;66;54040;78;33;238;0.0;0;0.0
2021-11;20211101;4;73;248;5872;25609;28083;1006;2638;0;63456;0;0;0;0.0;0;0.0
2021-11;20211101;3;22;458;12791;54211;50426;1593;4878;668;124357;170;112;667;0.0;0;0.0
2021-11;20211101;3;32;296;12562;35848;61327;1322;536;0;111891;0;0;0;0.0;0;0.0
2021-11;20211101;3;34;321;10643;48318;41303;2256;1666;21;104507;223;83;456;0.0;0;0.0
2021-11;20211101;4;69;98;3250;15444;15981;256;1105;31475;36134;0;0;0;0.0;0;0.0
2021-11;20211101;5;13;678;33912;104255;114271;7409;12857;1223;273382;483;305;1807;0.0;0;0.0
2021-11;20211101;2;15;628;13846;62696;55369;2777;2877;0;138193;267;142;919;0.0;0;0.0
2021-11;20211101;2;5;485;13302;54097;36271;2047;5550;13059;111752;376;205;1033;0.0;0;0.0
2021-11;20211101;3;1;249;9776;42887;43519;1559;3285;8738;101275;0;0;0;0.0;0;0.0
2021-11;20211101;3;10;744;15786;58738;60464;6090;2339;17466;144161;862;615;2044;0.0;0;0.0
2021-11;20211101;1;12;911;18816;76287;42897;4532;24;70513;143467;0;0;0;0.0;0;0.0
2021-11;20211101;1;7;851;19606;68995;48235;1688;11899;14414;151274;334;160;840;0.0;0;0.0
2021-11;20211101;1;30;159;7813;44984;45349;1077;7808;475;107190;0;0;0;0.0;0;0.0
2021-11;20211101;1;31;794;15203;72688;75539;4279;0;716;168503;544;269;1098;0.0;0;0.0
2021-11;20211101;2;20;421;16635;67752;42019;2715;5457;222;134999;291;132;826;0.0;0;0.0
2021-11;20211101;3;17;286;9554;40458;38553;1747;3609;9501;94207;265;134;855;0.0;0;0.0
2021-11;20211101;1;21;238;8463;48715;38473;1551;1340;17;98780;184;56;453;0.0;0;0.0
2021-11;20211101;1;14;523;10027;55672;24637;2155;3745;22990;96759;801;436;1621;0.0;0;0.0
2021-11;20211101;1;29;81;3722;18956;24726;1024;525;51;49034;78;33;238;0.0;0;0.0
2021-11;20211101;1;72;267;5788;38431;25572;1005;7473;329;78536;0;0;0;0.0;0;0.0
2021-11;20211101;4;66;245;8407;37073;24822;1269;950;3452;72766;0;0;0;0.0;0;0.0
2021-11;20211101;2;8;110;3332;30070;13638;461;2407;49;50018;130;79;465;0.0;0;0.0
2021-11;20211101;2;38;271;6334;35187;25021;1733;2744;86;71290;0;0;0;0.0;0;0.0
2021-11;20211101;3;9;527;7943;49584;45511;3188;0;76751;106753;0;0;0;0.0;0;0.0
2021-11;20211101;3;16;201;7068;28980;29841;3144;1721;38807;70955;590;362;1582;0.0;0;0.0
2021-11;20211101;3;3;531;10862;47812;45122;972;4045;356;109344;181;83;840;0.0;0;0.0
2021-11;20211101;3;33;369;13816;62509;44199;2256;440;345;123589;0;0;0;0.0;0;0.0
2021-11;20211101;3;25;273;11540;42258;33547;1690;895;266;90203;176;109;642;0.0;0;0.0
2021-11;20211101;3;28;505;18653;53059;106721;4722;6493;1284;190153;429;255;1116;0.0;0;0.0
2021-11;20211101;1;53;275;9484;33035;22389;1800;1616;8543;68599;0;0;0;0.0;0;0.0
2021-11;20211101;2;23;972;26383;103591;66002;3189;7594;6770;207731;1041;614;3254;0.0;0;0.0
2021-11;20211101;2;35;126;3039;23897;18957;1189;1049;85;48257;153;63;538;0.0;0;0.0
2021-11;20211101;3;27;627;11983;37831;55567;6328;1747;2252;114083;451;206;1078;0.0;0;0.0
2021-11;20211101;1;2;558;18529;78963;55642;3804;2238;2553;159734;0;0;0;0.0;0;0.0
2021-11;20211101;1;64;457;12054;53476;48301;857;1670;174;116815;0;0;0;0.0;0;0.0
2021-10;20211001;4;66;217;7557;33361;21710;1150;864;3069;64859;0;0;0;0.0;0;0.0
2021-10;20211001;4;69;208;4559;21821;31604;1248;1239;45;60679;0;0;0;0.0;0;0.0
2021-10;20211001;3;17;260;8521;36198;34276;1612;3155;8740;84022;265;134;855;0.0;0;0.0
2021-10;20211001;3;22;417;11507;48881;44127;1421;4365;589;110718;169;112;664;0.0;0;0.0
2021-10;20211001;3;28;459;16711;47929;95116;4326;5811;1171;170352;431;255;1110;0.0;0;0.0
2021-10;20211001;1;14;501;9519;52645;23355;2042;3558;16425;91620;810;435;1609;0.0;0;0.0
2021-10;20211001;1;7;762;17555;61822;43186;1533;10640;12931;135498;336;160;838;0.0;0;0.0
2021-10;20211001;1;53;255;8671;29810;20123;1605;1446;7851;61910;0;0;0;0.0;0;0.0
2021-10;20211001;1;72;237;5194;34304;22599;900;6668;289;69902;0;0;0;0.0;0;0.0
2021-10;20211001;2;8;91;2949;27009;11944;423;2142;44;44558;132;79;467;0.0;0;0.0
2021-10;20211001;2;23;865;23561;92316;58232;2880;7057;6440;184911;1043;618;3252;0.0;0;0.0
2021-10;20211001;2;5;445;11938;48843;32221;1890;5003;11850;100340;376;205;1031;0.0;0;0.0
2021-10;20211001;3;10;685;13972;52627;53713;5455;2099;15801;128551;867;618;2033;0.0;0;0.0
2021-10;20211001;3;27;565;10624;33796;48826;5801;1584;1984;101196;454;206;1064;0.0;0;0.0
2021-10;20211001;1;31;727;13675;65216;67691;3863;0;629;151172;548;269;1100;0.0;0;0.0
2021-10;20211001;2;15;576;12524;56437;49731;2541;2557;0;124366;269;142;920;0.0;0;0.0
2021-10;20211001;2;20;372;14898;60909;36994;2410;4918;200;120501;292;132;825;0.0;0;0.0
2021-10;20211001;3;16;178;6259;27411;26425;2784;1524;32616;64581;593;365;1576;0.0;0;0.0
2021-10;20211001;3;3;478;9696;42655;40075;879;3700;318;97483;181;83;840;0.0;0;0.0
2021-10;20211001;3;32;259;11160;31995;54143;1226;496;0;99279;0;0;0;0.0;0;0.0
2021-10;20211001;3;33;328;12154;56289;39324;2107;390;315;110592;0;0;0;0.0;0;0.0
2021-10;20211001;3;34;277;9477;43070;36518;2089;1525;3;92956;223;83;459;0.0;0;0.0
2021-10;20211001;2;35;108;2704;21266;16851;1079;900;80;42908;154;63;539;0.0;0;0.0
2021-10;20211001;1;12;825;16963;68808;38892;4124;23;61574;129635;0;0;0;0.0;0;0.0
2021-10;20211001;1;30;144;7046;40257;40183;968;6961;421;95559;0;0;0;0.0;0;0.0
2021-10;20211001;4;73;224;5191;22904;25085;906;2339;0;56649;0;0;0;0.0;0;0.0
2021-10;20211001;5;13;615;30441;94147;102376;6772;11759;1022;246110;485;305;1797;0.0;0;0.0
2021-10;20211001;2;38;240;5685;31697;21986;1559;2427;76;63594;0;0;0;0.0;0;0.0
2021-10;20211001;3;1;219;8703;38293;38524;1458;2947;7954;90144;0;0;0;0.0;0;0.0
2021-10;20211001;3;9;489;7141;44395;41014;2873;0;67041;95912;0;0;0;0.0;0;0.0
2021-10;20211001;3;25;247;10310;38056;29385;1505;818;242;80321;176;109;641;0.0;0;0.0
2021-10;20211001;1;21;214;7612;43634;33995;1408;1200;15;88063;184;57;454;0.0;0;0.0
2021-10;20211001;1;2;502;16665;70554;48723;3460;1974;2478;141878;0;0;0;0.0;0;0.0
2021-10;20211001;1;29;74;3317;16924;21831;941;467;42;43554;79;33;238;0.0;0;0.0
2021-10;20211001;1;64;413;10848;47837;43007;773;1543;147;104421;0;0;0;0.0;0;0.0
2021-09;20210901;2;35;95;2356;18636;14700;971;799;74;37557;156;63;539;0.0;0;0.0
2021-09;20210901;3;3;424;8401;37250;34520;770;3352;269;84717;181;84;841;0.0;0;0.0
2021-09;20210901;3;32;236;9772;28159;46597;1113;466;0;86343;0;0;0;0.0;0;0.0
2021-09;20210901;3;25;221;9033;33276;24742;1301;737;214;69310;175;109;640;0.0;0;0.0
2021-09;20210901;1;14;435;8417;46567;20583;1782;3100;14714;80884;802;441;1612;0.0;0;0.0
2021-09;20210901;1;2;441;14704;61954;41216;3076;1735;2418;123126;0;0;0;0.0;0;0.0
2021-09;20210901;1;53;219;7792;26372;17867;1451;1307;7026;55008;0;0;0;0.0;0;0.0
2021-09;20210901;2;15;522;11099;49684;43720;2280;2251;0;109556;266;141;919;0.0;0;0.0
2021-09;20210901;3;1;198;7563;33271;33215;1323;2590;7162;78160;0;0;0;0.0;0;0.0
2021-09;20210901;3;16;155;5443;23840;22983;2422;1325;28367;56168;592;367;1576;0.0;0;0.0
2021-09;20210901;3;17;245;7421;31757;30026;1464;2742;7834;73655;265;135;843;0.0;0;0.0
2021-09;20210901;1;29;66;2970;14915;18856;828;417;4;38052;79;33;238;0.0;0;0.0
2021-09;20210901;5;13;567;26607;82679;89149;6113;10612;877;215727;484;306;1770;0.0;0;0.0
2021-09;20210901;2;20;323;13047;53338;31956;2048;4401;164;105113;289;133;824;0.0;0;0.0
2021-09;20210901;2;23;782;20812;80385;50368;2494;6313;6144;161154;1044;625;3255;0.0;0;0.0
2021-09;20210901;2;38;208;5025;28152;19148;1391;2119;67;56043;0;0;0;0.0;0;0.0
2021-09;20210901;1;30;126;6205;35408;34727;833;6182;362;83481;0;0;0;0.0;0;0.0
2021-09;20210901;1;31;661;12073;57297;59360;3469;0;526;132860;548;272;1098;0.0;0;0.0
2021-09;20210901;4;66;194;6712;29104;18423;1028;737;2734;56198;0;0;0;0.0;0;0.0
2021-09;20210901;3;10;625;12033;45566;46493;4845;1889;13993;111451;867;621;2020;0.0;0;0.0
2021-09;20210901;1;12;744;15051;60806;34865;3660;19;51821;115145;0;0;0;0.0;0;0.0
2021-09;20210901;1;7;666;15341;54010;37747;1325;9296;11229;118385;332;162;832;0.0;0;0.0
2021-09;20210901;1;72;210;4588;30005;19839;815;5975;263;61432;0;0;0;0.0;0;0.0
2021-09;20210901;4;69;183;4017;19224;27819;1098;1092;39;53433;0;0;0;0.0;0;0.0
2021-09;20210901;4;73;202;4591;20266;21693;802;2076;0;49630;0;0;0;0.0;0;0.0
2021-09;20210901;2;8;78;2624;23774;10200;351;1951;40;38978;132;79;472;0.0;0;0.0
2021-09;20210901;2;5;409;10433;42865;27702;1697;4404;10845;87510;373;208;1034;0.0;0;0.0
2021-09;20210901;3;9;430;6325;38980;35882;2457;0;56893;84074;0;0;0;0.0;0;0.0
2021-09;20210901;3;22;369;10169;42595;37385;1265;3896;525;95679;167;113;662;0.0;0;0.0
2021-09;20210901;3;33;301;10496;49467;33946;1935;348;271;96493;0;0;0;0.0;0;0.0
2021-09;20210901;3;34;246;8315;37767;31416;1849;1366;2;80959;226;83;449;0.0;0;0.0
2021-09;20210901;3;28;400;14799;42453;82577;3849;5203;959;149281;429;257;1115;0.0;0;0.0
2021-09;20210901;3;27;497;9198;29672;41640;5144;1425;1697;87576;450;206;1047;0.0;0;0.0
2021-09;20210901;1;21;193;6693;38280;29263;1288;1076;14;76793;180;58;456;0.0;0;0.0
2021-09;20210901;1;64;371;9558;41689;37703;718;1371;134;91410;0;0;0;0.0;0;0.0
2021-08;20210801;4;66;181;5905;25455;15983;905;645;2438;49074;0;0;0;0.0;0;0.0
2021-08;20210801;4;73;178;4065;17722;18815;700;1800;0;43280;0;0;0;0.0;0;0.0
2021-08;20210801;3;9;382;5572;33853;31240;2091;0;49441;73138;0;0;0;0.0;0;0.0
2021-08;20210801;3;22;331;8976;37019;31734;1094;3450;442;82604;166;114;661;0.0;0;0.0
2021-08;20210801;3;33;268;9003;43126;29847;1728;307;234;84279;0;0;0;0.0;0;0.0
2021-08;20210801;3;25;201;7871;29024;21257;1137;666;190;60156;172;112;630;0.0;0;0.0
2021-08;20210801;3;27;430;8053;25905;35836;4506;1291;1466;76021;445;209;1052;0.0;0;0.0
2021-08;20210801;1;29;61;2632;12958;16388;739;369;4;33147;77;36;239;0.0;0;0.0
2021-08;20210801;2;8;69;2302;20846;8917;317;1734;33;34185;127;85;474;0.0;0;0.0
2021-08;20210801;2;38;192;4478;24737;16948;1240;1843;63;49438;0;0;0;0.0;0;0.0
2021-08;20210801;3;16;134;4735;20738;19992;2106;1153;24676;48858;583;381;1561;0.0;0;0.0
2021-08;20210801;1;7;583;13419;47242;33018;1159;8127;9813;103548;322;166;833;0.0;0;0.0
2021-08;20210801;1;31;598;10664;50103;52008;3091;0;431;116464;524;282;1097;0.0;0;0.0
2021-08;20210801;2;15;469;9875;43455;38170;2003;1958;0;95930;251;150;922;0.0;0;0.0
2021-08;20210801;2;5;368;9241;37800;24097;1482;3918;9326;76906;361;216;1033;0.0;0;0.0
2021-08;20210801;2;35;82;2058;16244;12885;861;693;68;32823;150;67;539;0.0;0;0.0
2021-08;20210801;3;1;181;6616;28889;28727;1181;2262;6373;67856;0;0;0;0.0;0;0.0
2021-08;20210801;3;17;215;6369;27675;26496;1319;2333;6888;64407;264;136;837;0.0;0;0.0
2021-08;20210801;3;32;219;8612;24536;39899;969;441;0;74676;0;0;0;0.0;0;0.0
2021-08;20210801;1;2;402;12989;54344;35405;2687;1530;1424;107357;0;0;0;0.0;0;0.0
2021-08;20210801;1;30;116;5456;30814;30247;728;5421;303;72782;0;0;0;0.0;0;0.0
2021-08;20210801;2;20;290;11362;46414;27598;1789;3844;140;91297;281;136;822;0.0;0;0.0
2021-08;20210801;3;10;537;10451;39344;40071;4153;1698;12234;96254;861;639;1985;0.0;0;0.0
2021-08;20210801;3;34;216;7196;32958;26897;1593;1185;2;70045;226;84;430;0.0;0;0.0
2021-08;20210801;3;28;344;13002;37024;71384;3396;4637;899;129787;410;272;1104;0.0;0;0.0
2021-08;20210801;1;14;386;7430;40622;18003;1547;2695;13018;70683;778;469;1615;0.0;0;0.0
2021-08;20210801;1;53;195;6808;23039;15608;1265;1152;6130;48067;0;0;0;0.0;0;0.0
2021-08;20210801;1;72;188;4014;26096;17404;713;5399;239;53814;0;0;0;0.0;0;0.0
2021-08;20210801;4;69;165;3533;16880;24309;967;948;31;46802;0;0;0;0.0;0;0.0
2021-08;20210801;5;13;493;23089;71606;77028;5380;9481;778;187077;485;307;1730;0.0;0;0.0
2021-08;20210801;2;23;678;18290;69629;43774;2135;5542;5960;140048;1016;667;3262;0.0;0;0.0
2021-08;20210801;3;3;397;7331;32360;29832;683;2968;235;73571;176;87;818;0.0;0;0.0
2021-08;20210801;1;12;654;13350;53027;30664;3214;17;44547;100926;0;0;0;0.0;0;0.0
2021-08;20210801;1;21;173;5920;33558;25273;1128;929;5;66981;174;60;457;0.0;0;0.0
2021-08;20210801;1;64;327;8380;36166;32811;644;1215;107;79543;0;0;0;0.0;0;0.0
2021-07;20210701;2;15;403;8367;36658;32198;1680;1663;0;80969;253;151;915;0.0;0;0.0
2021-07;20210701;2;23;590;15634;58987;37251;1829;4791;5238;119082;1004;688;3264;0.0;0;0.0
2021-07;20210701;2;38;157;3829;20521;14412;1085;1500;48;41504;0;0;0;0.0;0;0.0
2021-07;20210701;3;16;116;4090;17915;17270;1820;996;21317;42207;575;392;1561;0.0;0;0.0
2021-07;20210701;3;25;179;6773;24694;17701;955;607;159;50909;172;116;636;0.0;0;0.0
2021-07;20210701;1;12;593;11564;45081;26007;2755;16;38307;86016;0;0;0;0.0;0;0.0
2021-07;20210701;1;7;497;11440;40267;28145;986;6934;8388;88269;318;170;827;0.0;0;0.0
2021-07;20210701;1;31;506;9089;42355;44203;2697;0;361;98850;519;293;1093;0.0;0;0.0
2021-07;20210701;4;66;151;5045;21549;13448;779;554;2079;41526;0;0;0;0.0;0;0.0
2021-07;20210701;4;69;152;3026;14005;20086;838;813;24;38920;0;0;0;0.0;0;0.0
2021-07;20210701;2;35;67;1758;13642;10865;736;594;64;27662;151;70;539;0.0;0;0.0
2021-07;20210701;3;22;288;7634;30956;26160;902;3003;358;68943;167;114;663;0.0;0;0.0
2021-07;20210701;3;3;342;6195;27228;25213;569;2544;191;62091;175;90;815;0.0;0;0.0
2021-07;20210701;3;34;189;6114;28249;22915;1368;1000;2;59835;226;83;448;0.0;0;0.0
2021-07;20210701;3;27;360;7006;22402;30228;3758;1123;1204;64877;447;211;1054;0.0;0;0.0
2021-07;20210701;1;2;346;11030;46217;29532;2241;1301;1384;90667;0;0;0;0.0;0;0.0
2021-07;20210701;1;30;99;4683;26278;25834;626;4624;262;62144;0;0;0;0.0;0;0.0
2021-07;20210701;1;64;282;7077;29883;26968;526;1028;77;65764;0;0;0;0.0;0;0.0
2021-07;20210701;4;73;155;3443;15182;15906;591;1525;0;36802;0;0;0;0.0;0;0.0
2021-07;20210701;5;13;413;19251;57947;62614;4727;8254;670;153206;490;309;1724;0.0;0;0.0
2021-07;20210701;2;20;251;9670;39571;23326;1496;3244;115;77558;281;141;819;0.0;0;0.0
2021-07;20210701;3;1;155;5700;24586;24674;1016;1966;5589;58097;0;0;0;0.0;0;0.0
2021-07;20210701;3;10;473;8978;33309;34343;3418;1486;10483;82007;838;675;1996;0.0;0;0.0
2021-07;20210701;3;33;238;7702;37231;26047;1521;266;222;73005;0;0;0;0.0;0;0.0
2021-07;20210701;1;21;151;5159;28612;21787;981;805;5;57495;175;61;456;0.0;0;0.0
2021-07;20210701;2;5;318;7925;31940;20138;1302;3363;7904;64986;360;223;1033;0.0;0;0.0
2021-07;20210701;3;9;332;4853;28869;26679;1806;0;43040;62539;0;0;0;0.0;0;0.0
2021-07;20210701;1;53;172;5939;19779;13137;1079;947;5137;41053;0;0;0;0.0;0;0.0
2021-07;20210701;1;72;165;3381;21582;14449;600;4565;214;44742;0;0;0;0.0;0;0.0
2021-07;20210701;2;8;57;1943;17417;7585;282;1497;29;28781;126;86;474;0.0;0;0.0
2021-07;20210701;3;17;194;5458;23689;22900;1127;1998;6003;55366;260;143;836;0.0;0;0.0
2021-07;20210701;3;32;199;7494;21331;33754;822;408;0;64008;0;0;0;0.0;0;0.0
2021-07;20210701;3;28;295;11267;31707;61042;2966;4015;853;111292;409;274;1097;0.0;0;0.0
2021-07;20210701;1;14;322;6434;34792;15020;1285;2259;10973;60112;779;480;1616;0.0;0;0.0
2021-07;20210701;1;29;51;2233;10918;13923;587;311;3;28023;77;36;239;0.0;0;0.0
2021-06;20210601;2;23;501;13066;47955;30289;1492;4020;5109;97323;1009;697;3270;0.0;0;0.0
2021-06;20210601;3;33;200;6303;30644;21625;1321;209;188;60302;0;0;0;0.0;0;0.0
2021-06;20210601;1;12;493;9740;37118;21199;2290;14;31006;70854;0;0;0;0.0;0;0.0
2021-06;20210601;1;7;405;9324;32815;23010;813;5655;6770;72022;319;173;830;0.0;0;0.0
2021-06;20210601;1;64;235;5890;24395;21603;420;847;70;53390;0;0;0;0.0;0;0.0
2021-06;20210601;4;73;137;2948;12544;12942;498;1221;0;30290;0;0;0;0.0;0;0.0
2021-06;20210601;2;8;51;1658;14333;6105;244;1265;23;23656;125;90;472;0.0;0;0.0
2021-06;20210601;2;38;127;3240;16713;11748;903;1228;42;33959;0;0;0;0.0;0;0.0
2021-06;20210601;3;9;281;4148;23895;21697;1514;0;35017;51535;0;0;0;0.0;0;0.0
2021-06;20210601;3;17;166;4562;19384;18553;972;1623;5016;45260;263;146;839;0.0;0;0.0
2021-06;20210601;3;22;250;6411;25242;20769;738;2516;291;55926;168;117;664;0.0;0;0.0
2021-06;20210601;3;10;395;7359;27275;27790;2828;1247;8792;66894;841;685;2000;0.0;0;0.0
2021-06;20210601;3;25;160;5673;20277;14264;811;551;137;41736;172;124;634;0.0;0;0.0
2021-06;20210601;2;20;205;7997;32405;18652;1221;2680;92;63160;285;141;821;0.0;0;0.0
2021-06;20210601;2;5;274;6732;26453;16044;1115;2803;6648;53421;360;225;1033;0.0;0;0.0
2021-06;20210601;3;1;138;4773;20145;19968;866;1654;4792;47544;0;0;0;0.0;0;0.0
2021-06;20210601;3;16;96;3374;14779;14248;1501;822;17587;34820;582;399;1563;0.0;0;0.0
2021-06;20210601;1;21;125;4324;23458;17708;781;687;5;47083;173;61;449;0.0;0;0.0
2021-06;20210601;1;2;292;9260;37561;23247;1817;1077;1338;73254;0;0;0;0.0;0;0.0
2021-06;20210601;1;53;146;5031;16292;10289;867;765;4228;33390;0;0;0;0.0;0;0.0
2021-06;20210601;3;3;303;5097;22416;20465;500;2112;142;50893;176;93;815;0.0;0;0.0
2021-06;20210601;3;34;165;5070;23584;18351;1145;803;2;49118;225;84;426;0.0;0;0.0
2021-06;20210601;1;30;86;3875;21417;20762;524;3909;193;50573;0;0;0;0.0;0;0.0
2021-06;20210601;1;31;425;7517;34580;36612;2379;0;287;81513;519;299;1090;0.0;0;0.0
2021-06;20210601;4;66;133;4226;17699;10824;654;456;1739;33992;0;0;0;0.0;0;0.0
2021-06;20210601;4;69;130;2471;11439;16202;713;671;19;31626;0;0;0;0.0;0;0.0
2021-06;20210601;5;13;349;15721;46496;49134;3945;6917;564;122562;473;340;1728;0.0;0;0.0
2021-06;20210601;2;15;357;6966;29881;25657;1389;1344;0;65594;258;155;917;0.0;0;0.0
2021-06;20210601;2;35;60;1479;11051;8767;613;481;55;22451;151;73;538;0.0;0;0.0
2021-06;20210601;3;32;177;6107;17789;27128;678;377;0;52256;0;0;0;0.0;0;0.0
2021-06;20210601;3;28;258;9459;26555;50295;2517;3354;425;92438;412;280;1104;0.0;0;0.0
2021-06;20210601;3;27;295;5897;18860;24367;3061;968;902;53448;449;212;1055;0.0;0;0.0
2021-06;20210601;1;14;268;5409;28895;12162;1089;1773;8955;49596;781;486;1622;0.0;0;0.0
2021-06;20210601;1;29;41;1846;8942;11162;450;248;3;22689;77;39;241;0.0;0;0.0
2021-06;20210601;1;72;134;2867;17669;11608;520;3763;186;36561;0;0;0;0.0;0;0.0
2021-05;20210501;4;73;116;2435;10029;9980;384;967;0;23911;0;0;0;0.0;0;0.0
2021-05;20210501;2;8;44;1367;11457;4841;200;1016;17;18925;126;92;471;0.0;0;0.0
2021-05;20210501;2;5;230;5428;20709;12104;882;2235;5759;41588;362;230;1032;0.0;0;0.0
2021-05;20210501;2;38;111;2677;13049;9224;681;1006;38;26748;0;0;0;0.0;0;0.0
2021-05;20210501;3;9;228;3511;19200;16945;1150;0;26352;41034;0;0;0;0.0;0;0.0
2021-05;20210501;3;16;75;2641;11567;11151;1175;643;13763;27252;585;403;1570;0.0;0;0.0
2021-05;20210501;3;3;253;4095;17735;15706;403;1750;108;39942;176;93;823;0.0;0;0.0
2021-05;20210501;1;64;204;4748;19249;16750;323;682;54;41956;0;0;0;0.0;0;0.0
2021-05;20210501;4;69;109;1987;9106;12663;592;550;12;25007;0;0;0;0.0;0;0.0
2021-05;20210501;2;15;303;5600;23442;19836;1098;1072;0;51351;262;158;915;0.0;0;0.0
2021-05;20210501;2;20;165;6395;25192;14300;949;2106;62;49107;287;142;822;0.0;0;0.0
2021-05;20210501;3;32;148;4727;14069;20474;540;268;0;40226;0;0;0;0.0;0;0.0
2021-05;20210501;1;21;108;3558;18716;13361;600;583;3;36926;173;61;450;0.0;0;0.0
2021-05;20210501;2;23;413;10493;37360;23213;1145;3288;5013;75912;1010;702;3279;0.0;0;0.0
2021-05;20210501;3;1;123;3938;15888;15150;686;1291;4088;37076;0;0;0;0.0;0;0.0
2021-05;20210501;1;30;73;3159;16787;15761;424;3224;138;39428;0;0;0;0.0;0;0.0
2021-05;20210501;1;72;113;2339;13950;9079;407;3119;151;29007;0;0;0;0.0;0;0.0
2021-05;20210501;4;66;108;3475;14129;8331;523;391;1526;26957;0;0;0;0.0;0;0.0
2021-05;20210501;2;35;53;1194;8770;6769;459;397;46;17642;152;75;538;0.0;0;0.0
2021-05;20210501;3;10;319;5879;21357;21196;2217;962;7146;51930;846;697;2007;0.0;0;0.0
2021-05;20210501;3;33;171;5043;24046;16405;1082;171;154;46918;0;0;0;0.0;0;0.0
2021-05;20210501;3;25;138;4602;16001;10724;649;487;117;32601;171;124;629;0.0;0;0.0
2021-05;20210501;3;28;214;7608;21231;39012;1973;2699;376;72737;413;282;1112;0.0;0;0.0
2021-05;20210501;3;27;247;4848;15185;18187;2451;793;668;41711;438;227;1059;0.0;0;0.0
2021-05;20210501;1;12;405;8027;29528;16828;1825;13;23109;56626;0;0;0;0.0;0;0.0
2021-05;20210501;1;2;245;7502;29800;17183;1395;892;1211;57017;0;0;0;0.0;0;0.0
2021-05;20210501;1;29;33;1512;7178;8567;335;203;0;17828;77;41;244;0.0;0;0.0
2021-05;20210501;5;13;288;12613;36212;37130;3281;5543;458;95067;470;349;1733;0.0;0;0.0
2021-05;20210501;3;17;139;3724;15329;14091;825;1279;4125;35387;263;147;838;0.0;0;0.0
2021-05;20210501;3;22;212;5182;19923;15037;564;1975;222;42893;170;119;665;0.0;0;0.0
2021-05;20210501;1;14;222;4545;23110;9339;858;1428;7267;39502;782;491;1623;0.0;0;0.0
2021-05;20210501;1;7;319;7339;25833;18058;633;4450;5383;56632;319;175;832;0.0;0;0.0
2021-05;20210501;1;31;354;6144;27430;28797;1893;0;233;64618;522;302;1085;0.0;0;0.0
2021-05;20210501;1;53;125;4082;13009;8094;678;578;3413;26566;0;0;0;0.0;0;0.0
2021-04;20210401;4;69;90;1548;6864;9427;470;434;5;18833;0;0;0;0.0;0;0.0
2021-04;20210401;2;35;45;914;6490;5033;340;307;42;13129;155;76;536;0.0;0;0.0
2021-04;20210401;3;1;103;3075;11699;10492;489;977;3388;26835;0;0;0;0.0;0;0.0
2021-04;20210401;3;32;124;3456;10047;14015;425;203;0;28270;0;0;0;0.0;0;0.0
2021-04;20210401;3;28;164;5838;15740;27910;1417;2102;324;53171;418;287;1115;0.0;0;0.0
2021-04;20210401;1;14;177;3557;17379;6870;582;1102;5538;29667;783;497;1627;0.0;0;0.0
2021-04;20210401;1;30;66;2502;12479;11311;305;2521;103;29184;0;0;0;0.0;0;0.0
2021-04;20210401;1;64;162;3717;14237;12423;257;539;42;31335;0;0;0;0.0;0;0.0
2021-04;20210401;2;5;179;4280;15612;8902;686;1716;4137;31375;364;230;1032;0.0;0;0.0
2021-04;20210401;3;9;164;2790;14385;12378;829;0;18421;30546;0;0;0;0.0;0;0.0
2021-04;20210401;3;22;184;3980;14497;10173;416;1521;168;30771;176;123;667;0.0;0;0.0
2021-04;20210401;3;10;246;4430;15462;14846;1626;707;5612;37317;852;708;2039;0.0;0;0.0
2021-04;20210401;3;3;193;3184;13043;11198;292;1416;72;29326;178;93;822;0.0;0;0.0
2021-04;20210401;3;25;102;3497;11683;7494;442;356;69;23574;173;128;635;0.0;0;0.0
2021-04;20210401;3;27;186;3767;11526;12662;1783;603;493;30527;438;229;1067;0.0;0;0.0
2021-04;20210401;1;2;202;5841;22231;12056;960;691;1174;41981;0;0;0;0.0;0;0.0
2021-04;20210401;5;13;235;9564;26723;26618;2452;4317;390;69909;470;354;1735;0.0;0;0.0
2021-04;20210401;2;20;118;4894;18482;10117;701;1617;37;35929;287;142;823;0.0;0;0.0
2021-04;20210401;2;23;327;8172;27768;16885;862;2663;3464;56677;1013;704;3285;0.0;0;0.0
2021-04;20210401;2;38;94;2115;9655;7039;517;821;30;20241;0;0;0;0.0;0;0.0
2021-04;20210401;1;21;85;2773;13955;9612;442;456;3;27323;171;61;457;0.0;0;0.0
2021-04;20210401;1;53;97;3126;9817;5933;503;464;2601;19940;0;0;0;0.0;0;0.0
2021-04;20210401;3;17;106;2872;11217;10033;622;968;3243;25818;264;150;837;0.0;0;0.0
2021-04;20210401;3;33;131;3902;17725;11177;725;127;113;33787;0;0;0;0.0;0;0.0
2021-04;20210401;1;12;313;6254;22054;12553;1371;12;15940;42557;0;0;0;0.0;0;0.0
2021-04;20210401;1;31;266;4718;20537;21168;1432;0;172;48121;522;306;1083;0.0;0;0.0
2021-04;20210401;1;29;30;1205;5447;6206;242;156;0;13286;78;42;245;0.0;0;0.0
2021-04;20210401;1;72;91;1821;10351;6761;312;2458;123;21794;0;0;0;0.0;0;0.0
2021-04;20210401;4;66;89;2682;10451;5899;405;311;1349;19837;0;0;0;0.0;0;0.0
2021-04;20210401;4;73;95;1907;7402;7069;288;726;0;17487;0;0;0;0.0;0;0.0
2021-04;20210401;2;8;35;1109;8488;3500;163;772;15;14067;126;92;470;0.0;0;0.0
2021-04;20210401;2;15;240;4266;17197;14299;832;798;0;37632;262;161;921;0.0;0;0.0
2021-04;20210401;3;16;68;2093;8655;8319;890;535;9536;20560;588;412;1591;0.0;0;0.0
2021-04;20210401;1;7;236;5443;19170;13394;471;3293;3970;42007;320;177;833;0.0;0;0.0
2021-03;20210301;4;66;72;2012;7315;4170;265;233;1181;14067;0;0;0;0.0;0;0.0
2021-03;20210301;4;73;80;1469;5154;4712;178;503;0;12096;0;0;0;0.0;0;0.0
2021-03;20210301;5;13;182;7054;18775;18433;1695;3145;277;49284;471;358;1738;0.0;0;0.0
2021-03;20210301;2;15;194;3130;11802;9776;583;576;0;26061;266;161;925;0.0;0;0.0
2021-03;20210301;2;20;92;3575;12648;7083;457;1132;28;24987;287;143;823;0.0;0;0.0
2021-03;20210301;3;22;144;2939;9879;6662;271;1110;127;21005;176;123;665;0.0;0;0.0
2021-03;20210301;3;10;170;3324;10638;9894;1049;511;4123;25586;854;710;2034;0.0;0;0.0
2021-03;20210301;3;32;92;2455;6942;9092;281;130;0;18992;0;0;0;0.0;0;0.0
2021-03;20210301;3;28;122;4326;11248;19022;1022;1521;296;37261;421;290;1109;0.0;0;0.0
2021-03;20210301;1;21;64;2114;10018;6498;295;378;0;19367;172;61;457;0.0;0;0.0
2021-03;20210301;1;2;150;4344;15830;7963;666;556;956;29509;0;0;0;0.0;0;0.0
2021-03;20210301;1;7;166;3796;13379;9342;329;2293;2753;29305;321;179;834;0.0;0;0.0
2021-03;20210301;4;69;73;1192;4791;6646;353;320;2;13375;0;0;0;0.0;0;0.0
2021-03;20210301;2;8;27;827;5961;2428;123;558;8;9924;127;93;469;0.0;0;0.0
2021-03;20210301;2;23;240;5967;18908;11334;596;1972;3340;39017;1013;704;3294;0.0;0;0.0
2021-03;20210301;3;1;76;2258;8074;6948;334;698;2787;18388;0;0;0;0.0;0;0.0
2021-03;20210301;3;27;149;2857;8309;8323;1205;443;350;21286;440;231;1070;0.0;0;0.0
2021-03;20210301;1;30;54;1849;8810;7554;186;1869;69;20322;0;0;0;0.0;0;0.0
2021-03;20210301;1;29;26;871;3869;4330;165;128;0;9389;77;42;247;0.0;0;0.0
2021-03;20210301;1;72;75;1347;7274;4846;240;1732;92;15514;0;0;0;0.0;0;0.0
2021-03;20210301;2;5;134;3181;11124;6098;456;1223;2946;22216;364;230;1030;0.0;0;0.0
2021-03;20210301;3;9;125;2101;10332;8779;608;0;12284;21945;0;0;0;0.0;0;0.0
2021-03;20210301;3;16;52;1626;6096;6107;602;408;6258;14891;592;412;1585;0.0;0;0.0
2021-03;20210301;1;31;189;3389;14399;14617;973;0;128;33567;524;309;1075;0.0;0;0.0
2021-03;20210301;1;53;69;2230;7039;4153;326;335;1868;14152;0;0;0;0.0;0;0.0
2021-03;20210301;2;35;31;636;4598;3486;223;234;36;9208;155;76;534;0.0;0;0.0
2021-03;20210301;3;17;87;2150;7915;6914;423;682;2340;18171;265;153;837;0.0;0;0.0
2021-03;20210301;1;12;231;4635;15632;8952;892;9;10421;30351;0;0;0;0.0;0;0.0
2021-03;20210301;1;14;129;2707;12379;4623;376;765;4117;20979;783;500;1633;0.0;0;0.0
2021-03;20210301;2;38;69;1609;6826;5156;359;605;22;14624;0;0;0;0.0;0;0.0
2021-03;20210301;3;3;158;2372;8976;7795;219;1124;61;20644;178;93;824;0.0;0;0.0
2021-03;20210301;3;33;109;2880;12236;7324;477;92;89;23118;0;0;0;0.0;0;0.0
2021-03;20210301;3;25;80;2551;8215;4851;291;242;56;16230;174;129;637;0.0;0;0.0
2021-03;20210301;1;64;135;2799;9927;8622;181;404;33;22068;0;0;0;0.0;0;0.0
2021-02;20210201;4;73;63;999;3165;2965;106;328;0;7626;0;0;0;0.0;0;0.0
2021-02;20210201;5;13;127;4620;11749;11927;972;2020;237;31415;469;358;1738;0.0;0;0.0
2021-02;20210201;2;35;25;426;2828;2177;120;159;30;5735;156;76;531;0.0;0;0.0
2021-02;20210201;3;1;48;1514;5051;4212;188;407;2199;11420;0;0;0;0.0;0;0.0
2021-02;20210201;3;3;118;1581;5530;4988;125;864;45;13206;178;93;822;0.0;0;0.0
2021-02;20210201;3;25;61;1688;5017;3096;171;153;43;10186;172;129;637;0.0;0;0.0
2021-02;20210201;1;53;49;1423;4389;2596;162;228;1128;8847;0;0;0;0.0;0;0.0
2021-02;20210201;2;15;138;2085;7149;6166;320;365;0;16223;264;161;927;0.0;0;0.0
2021-02;20210201;3;16;49;1155;3911;4131;352;264;3970;9862;591;413;1598;0.0;0;0.0
2021-02;20210201;3;17;64;1454;4861;4756;245;428;1560;11808;266;152;837;0.0;0;0.0
2021-02;20210201;3;27;105;1951;5308;5144;672;270;241;13450;438;231;1071;0.0;0;0.0
2021-02;20210201;1;12;159;3008;9493;5710;456;8;6610;18834;0;0;0;0.0;0;0.0
2021-02;20210201;1;30;39;1213;5520;4698;101;1143;42;12714;0;0;0;0.0;0;0.0
2021-02;20210201;1;29;15;602;2508;2813;91;83;0;6112;76;41;249;0.0;0;0.0
2021-02;20210201;4;66;52;1349;4472;2733;168;169;1007;8943;0;0;0;0.0;0;0.0
2021-02;20210201;2;20;73;2428;7713;4663;242;695;17;15814;287;144;824;0.0;0;0.0
2021-02;20210201;2;23;150;3778;10748;6960;329;1231;3265;23196;1018;709;3281;0.0;0;0.0
2021-02;20210201;2;5;94;2192;6938;3931;269;750;1826;14174;362;232;1032;0.0;0;0.0
2021-02;20210201;3;22;105;1962;5728;4138;163;671;105;12767;175;123;665;0.0;0;0.0
2021-02;20210201;1;14;96;1861;7739;2656;200;485;2644;13037;784;501;1632;0.0;0;0.0
2021-02;20210201;1;2;100;2850;9738;4868;371;366;931;18293;0;0;0;0.0;0;0.0
2021-02;20210201;1;64;94;1873;6240;5541;112;278;28;14138;0;0;0;0.0;0;0.0
2021-02;20210201;4;69;60;809;2979;4230;225;221;2;8524;0;0;0;0.0;0;0.0
2021-02;20210201;2;8;21;579;3692;1614;83;335;5;6324;126;92;471;0.0;0;0.0
2021-02;20210201;3;10;120;2262;6494;6117;551;327;2889;15871;857;716;2030;0.0;0;0.0
2021-02;20210201;3;32;56;1647;4348;5434;166;80;0;11731;0;0;0;0.0;0;0.0
2021-02;20210201;3;33;85;1938;7486;4510;244;59;62;14322;0;0;0;0.0;0;0.0
2021-02;20210201;3;28;84;2938;7084;11926;609;973;206;23614;422;292;1109;0.0;0;0.0
2021-02;20210201;1;31;119;2211;9011;9142;648;0;80;21131;525;310;1085;0.0;0;0.0
2021-02;20210201;1;72;59;907;4546;3187;123;1152;75;9974;0;0;0;0.0;0;0.0
2021-02;20210201;2;38;50;1119;4252;3620;242;380;9;9663;0;0;0;0.0;0;0.0
2021-02;20210201;3;9;87;1414;6435;5731;388;0;8030;14055;0;0;0;0.0;0;0.0
2021-02;20210201;1;21;46;1405;6425;4056;193;274;0;12399;171;61;458;0.0;0;0.0
2021-02;20210201;1;7;104;2378;8387;5854;207;1432;1712;18362;321;181;836;0.0;0;0.0
2021-01;20210101;3;16;26;712;2291;2544;212;158;2357;5943;587;415;1591;0.0;0;0.0
2021-01;20210101;3;22;65;1135;3062;2403;82;358;88;7105;172;125;664;0.0;0;0.0
2021-01;20210101;3;32;41;972;2303;3272;84;49;0;6721;0;0;0;0.0;0;0.0
2021-01;20210101;3;28;55;1677;3847;6616;294;512;186;13001;416;293;1105;0.0;0;0.0
2021-01;20210101;3;27;63;1147;2940;3035;419;159;144;7763;433;233;1072;0.0;0;0.0
2021-01;20210101;1;14;53;1036;4294;1374;95;269;1370;7121;781;506;1626;0.0;0;0.0
2021-01;20210101;4;66;31;776;2419;1635;91;107;784;5059;0;0;0;0.0;0;0.0
2021-01;20210101;4;73;44;568;1710;1646;51;212;0;4231;0;0;0;0.0;0;0.0
2021-01;20210101;2;38;29;653;2303;2293;135;224;4;5637;0;0;0;0.0;0;0.0
2021-01;20210101;1;2;64;1618;5391;2948;200;203;361;10424;0;0;0;0.0;0;0.0
2021-01;20210101;1;7;59;1340;4732;3300;117;804;955;10352;318;183;814;0.0;0;0.0
2021-01;20210101;1;29;8;372;1420;1697;43;50;0;3590;76;42;243;0.0;0;0.0
2021-01;20210101;5;13;85;2551;6475;6914;485;1140;170;17650;467;364;1722;0.0;0;0.0
2021-01;20210101;2;8;17;340;2000;953;54;146;3;3510;124;95;467;0.0;0;0.0
2021-01;20210101;2;20;45;1430;4309;2887;110;370;9;9151;287;145;811;0.0;0;0.0
2021-01;20210101;2;23;97;2496;6812;4354;188;681;104;14628;1013;716;3237;0.0;0;0.0
2021-01;20210101;3;9;48;771;3382;3303;197;0;4880;7701;0;0;0;0.0;0;0.0
2021-01;20210101;3;25;43;994;2748;1868;82;89;30;5824;171;132;631;0.0;0;0.0
2021-01;20210101;1;12;88;1660;4968;3232;225;4;3919;10177;0;0;0;0.0;0;0.0
2021-01;20210101;1;21;33;800;3621;2408;105;144;0;7111;171;61;439;0.0;0;0.0
2021-01;20210101;1;30;26;692;3090;2705;59;581;31;7153;0;0;0;0.0;0;0.0
2021-01;20210101;1;31;59;1275;4885;5145;296;0;60;11660;518;312;1082;0.0;0;0.0
2021-01;20210101;1;72;36;541;2548;1850;49;674;49;5698;0;0;0;0.0;0;0.0
2021-01;20210101;4;69;36;464;1632;2424;116;137;1;4809;0;0;0;0.0;0;0.0
2021-01;20210101;2;15;79;1219;3855;3526;157;208;0;9044;263;163;916;0.0;0;0.0
2021-01;20210101;2;5;50;1272;3928;2295;150;422;934;8117;364;232;1012;0.0;0;0.0
2021-01;20210101;2;35;13;238;1611;1279;49;79;21;3269;157;78;527;0.0;0;0.0
2021-01;20210101;3;1;29;789;2706;2278;77;247;1765;6126;0;0;0;0.0;0;0.0
2021-01;20210101;3;10;66;1325;3600;3771;313;198;1773;9273;850;730;2027;0.0;0;0.0
2021-01;20210101;3;3;76;927;3068;2976;47;490;23;7584;176;93;824;0.0;0;0.0
2021-01;20210101;3;33;56;1105;3966;2701;131;29;40;7988;0;0;0;0.0;0;0.0
2021-01;20210101;1;64;58;1083;3461;3227;57;184;18;8070;0;0;0;0.0;0;0.0
2021-01;20210101;3;17;41;868;2677;3051;130;258;831;7025;265;155;833;0.0;0;0.0
2021-01;20210101;1;53;21;772;2389;1489;81;129;588;4881;0;0;0;0.0;0;0.0
2020-12;20201201;4;66;287;9111;39186;20095;1255;909;2305;70843;0;0;0;0.0;0;0.0
2020-12;20201201;2;5;476;13421;52544;32197;2184;5712;14185;106534;366;196;1011;0.0;0;0.0
2020-12;20201201;2;38;300;6210;35341;22884;2720;3398;322;70853;0;0;0;0.0;0;0.0
2020-12;20201201;2;35;116;3203;23268;17737;1123;1168;614;46615;156;66;529;0.0;0;0.0
2020-12;20201201;3;28;481;19013;53958;97251;4906;5613;521;181222;416;255;1102;0.0;0;0.0
2020-12;20201201;3;27;577;11795;38296;51520;6198;1828;2211;110214;432;197;1075;0.0;0;0.0
2020-12;20201201;1;30;184;7516;41149;41638;1133;7533;500;99153;0;0;0;0.0;0;0.0
2020-12;20201201;4;69;83;2935;15662;13301;233;997;34490;33211;0;0;0;0.0;0;0.0
2020-12;20201201;2;15;633;13199;60014;51934;3492;3352;0;132624;262;137;907;0.0;0;0.0
2020-12;20201201;3;10;792;16473;61900;67760;5974;2532;16940;155431;851;583;2029;0.0;0;0.0
2020-12;20201201;3;32;303;12554;37556;56479;1404;568;0;108864;0;0;0;0.0;0;0.0
2020-12;20201201;3;33;329;12358;55462;54904;1881;566;292;125500;0;0;0;0.0;0;0.0
2020-12;20201201;1;2;643;17552;70605;40764;3390;9549;6050;142503;0;0;0;0.0;0;0.0
2020-12;20201201;1;7;839;19302;67977;47495;1670;11680;14078;148963;318;142;818;0.0;0;0.0
2020-12;20201201;1;31;801;14783;68074;72254;5270;0;810;161182;518;269;1085;0.0;0;0.0
2020-12;20201201;1;64;480;12213;52919;41865;603;1788;248;109868;0;0;0;0.0;0;0.0
2020-12;20201201;1;72;307;5973;37701;22870;894;10761;529;78506;0;0;0;0.0;0;0.0
2020-12;20201201;5;13;668;34060;100041;97031;7916;13527;1359;253243;466;274;1712;0.0;0;0.0
2020-12;20201201;2;23;1035;25948;89444;42428;2699;7839;41804;169393;1016;607;3229;0.0;0;0.0
2020-12;20201201;3;1;241;7979;40430;29340;1572;160;31274;79722;0;0;0;0.0;0;0.0
2020-12;20201201;3;25;310;11788;44093;26095;1154;1228;250;84668;172;111;632;0.0;0;0.0
2020-12;20201201;1;14;612;11649;60913;20139;2306;5751;23084;101370;773;428;1629;0.0;0;0.0
2020-12;20201201;4;73;261;6285;25381;27221;1026;2609;0;62783;0;0;0;0.0;0;0.0
2020-12;20201201;2;20;490;15793;63741;33501;2337;5942;239;121804;286;131;807;0.0;0;0.0
2020-12;20201201;3;17;347;8844;34712;29728;1939;2592;23939;78162;263;137;834;0.0;0;0.0
2020-12;20201201;3;3;609;11602;46075;37692;888;4753;356;101619;173;75;822;0.0;0;0.0
2020-12;20201201;1;12;985;21352;71840;44991;4652;358;59935;144178;0;0;0;0.0;0;0.0
2020-12;20201201;1;21;252;9498;51083;32155;1122;1701;335;95811;171;60;437;0.0;0;0.0
2020-12;20201201;2;8;126;3360;29804;12037;553;2162;44;48042;124;83;467;0.0;0;0.0
2020-12;20201201;3;9;551;8031;49689;43740;3191;0;66473;105202;0;0;0;0.0;0;0.0
2020-12;20201201;3;16;216;5666;23027;36726;3101;1820;42059;70556;585;348;1583;0.0;0;0.0
2020-12;20201201;3;22;424;13084;54642;40449;1433;5220;1413;115252;176;91;660;0.0;0;0.0
2020-12;20201201;1;29;82;3875;18089;21903;896;747;0;45592;75;45;240;0.0;0;0.0
2020-12;20201201;1;53;232;9400;31002;22261;1952;3883;8137;68730;0;0;0;0.0;0;0.0
2020-11;20201101;4;69;76;2693;14491;12331;214;884;32141;30689;0;0;0;0.0;0;0.0
2020-11;20201101;3;1;212;7338;37502;26891;1456;151;29140;73550;0;0;0;0.0;0;0.0
2020-11;20201101;1;7;781;17954;63223;44175;1553;10868;13106;138554;310;144;789;0.0;0;0.0
2020-11;20201101;1;30;169;6847;38045;38776;1089;6901;464;91827;0;0;0;0.0;0;0.0
2020-11;20201101;1;31;711;13429;62803;66646;4888;0;739;148477;511;277;1074;0.0;0;0.0
2020-11;20201101;1;72;278;5474;34832;21144;808;10078;483;72614;0;0;0;0.0;0;0.0
2020-11;20201101;4;66;265;8399;36434;18508;1173;792;1986;65571;0;0;0;0.0;0;0.0
2020-11;20201101;2;8;110;3102;27545;11226;521;2018;36;44522;121;83;461;0.0;0;0.0
2020-11;20201101;2;23;932;23638;82446;39216;2565;7074;39146;155871;1016;611;3134;0.0;0;0.0
2020-11;20201101;2;5;431;12244;48358;29913;1992;5259;13076;98197;363;198;1000;0.0;0;0.0
2020-11;20201101;3;9;498;7258;45667;40378;2877;0;61511;96678;0;0;0;0.0;0;0.0
2020-11;20201101;3;22;387;12143;50533;37860;1328;4844;1328;107095;176;91;652;0.0;0;0.0
2020-11;20201101;1;2;595;16096;64955;38043;3190;9356;5628;132235;0;0;0;0.0;0;0.0
2020-11;20201101;1;29;75;3515;16656;20224;831;698;0;41999;75;45;231;0.0;0;0.0
2020-11;20201101;1;64;432;11140;49404;39060;531;1551;237;102118;0;0;0;0.0;0;0.0
2020-11;20201101;2;15;572;12075;55472;48466;3282;3116;0;122983;262;139;896;0.0;0;0.0
2020-11;20201101;3;16;199;5080;20789;34190;2884;1641;39562;64783;585;352;1571;0.0;0;0.0
2020-11;20201101;3;32;271;11592;34608;52269;1285;517;0;100542;0;0;0;0.0;0;0.0
2020-11;20201101;3;27;528;10781;35199;48035;5714;1660;1992;101917;429;203;1066;0.0;0;0.0
2020-11;20201101;1;12;911;19695;66290;41577;4327;349;55999;133149;0;0;0;0.0;0;0.0
2020-11;20201101;1;53;214;8619;28454;20670;1854;3652;7538;63463;0;0;0;0.0;0;0.0
2020-11;20201101;4;73;236;5760;23572;25558;951;2404;0;58481;0;0;0;0.0;0;0.0
2020-11;20201101;2;35;110;2951;21412;16417;1041;1078;604;43009;157;67;527;0.0;0;0.0
2020-11;20201101;3;10;727;15092;57021;63009;5524;2310;15607;143683;847;590;2020;0.0;0;0.0
2020-11;20201101;3;25;282;10859;40749;24394;1090;1138;239;78512;172;111;629;0.0;0;0.0
2020-11;20201101;5;13;614;31416;92955;90324;7402;12413;1232;235124;465;276;1683;0.0;0;0.0
2020-11;20201101;2;20;452;14534;58982;30757;2150;5476;221;112351;285;132;810;0.0;0;0.0
2020-11;20201101;2;38;263;5658;32856;20913;2541;3096;315;65327;0;0;0;0.0;0;0.0
2020-11;20201101;3;17;316;8003;31715;26705;1768;2286;23162;70793;260;141;832;0.0;0;0.0
2020-11;20201101;3;3;553;10759;42775;34862;840;4377;342;94166;168;75;822;0.0;0;0.0
2020-11;20201101;3;33;307;11341;51014;51675;1732;536;269;116605;0;0;0;0.0;0;0.0
2020-11;20201101;3;28;435;17406;49768;89922;4577;5035;487;167143;405;260;1103;0.0;0;0.0
2020-11;20201101;1;21;223;8768;47243;29794;1028;1549;335;88605;169;60;435;0.0;0;0.0
2020-11;20201101;1;14;567;10640;55981;18637;2190;5469;21569;93484;772;430;1627;0.0;0;0.0
2020-10;20201001;2;5;403;11312;44522;27603;1846;4816;11982;90502;348;209;984;0.0;0;0.0
2020-10;20201001;2;38;243;5123;30574;18783;2380;2779;303;59882;0;0;0;0.0;0;0.0
2020-10;20201001;3;16;167;4614;18965;31505;2673;1521;36743;59445;567;366;1553;0.0;0;0.0
2020-10;20201001;3;10;659;13867;52553;57796;5022;2087;14304;131984;832;611;2027;0.0;0;0.0
2020-10;20201001;1;21;199;7991;43248;26869;909;1421;334;80637;165;65;413;0.0;0;0.0
2020-10;20201001;1;7;718;16545;58244;40708;1428;10028;12119;127671;301;151;756;0.0;0;0.0
2020-10;20201001;1;53;197;7945;25925;18722;1720;3453;6987;57962;0;0;0;0.0;0;0.0
2020-10;20201001;4;69;68;2453;13382;11336;198;747;29752;28184;0;0;0;0.0;0;0.0
2020-10;20201001;2;23;858;21611;75893;36170;2440;6505;35597;143477;984;650;3116;0.0;0;0.0
2020-10;20201001;2;35;101;2726;19591;15138;954;991;594;39501;155;69;524;0.0;0;0.0
2020-10;20201001;3;27;482;9870;32338;44368;5280;1510;1853;93848;418;210;1049;0.0;0;0.0
2020-10;20201001;2;8;97;2780;25431;10338;488;1848;33;40982;120;84;450;0.0;0;0.0
2020-10;20201001;2;15;522;10991;51064;45095;3069;2839;0;113580;248;150;878;0.0;0;0.0
2020-10;20201001;3;9;455;6636;42213;37082;2639;0;56169;89025;0;0;0;0.0;0;0.0
2020-10;20201001;3;3;513;9879;39749;32076;769;4007;320;86993;160;78;820;0.0;0;0.0
2020-10;20201001;3;33;277;10353;47015;48432;1619;488;179;108184;0;0;0;0.0;0;0.0
2020-10;20201001;3;25;260;9999;37931;22815;1007;1060;220;73072;171;112;612;0.0;0;0.0
2020-10;20201001;1;12;828;18062;61058;36814;4073;344;50963;121179;0;0;0;0.0;0;0.0
2020-10;20201001;1;64;403;10298;45520;36160;512;1443;215;94336;0;0;0;0.0;0;0.0
2020-10;20201001;1;72;249;4978;32299;19553;736;9144;446;66959;0;0;0;0.0;0;0.0
2020-10;20201001;4;66;245;7757;33780;17100;1105;711;1694;60698;0;0;0;0.0;0;0.0
2020-10;20201001;4;73;219;5335;21873;23760;873;2216;0;54276;0;0;0;0.0;0;0.0
2020-10;20201001;3;17;289;7110;29103;23044;1572;2158;23000;63276;256;144;835;0.0;0;0.0
2020-10;20201001;3;22;352;11219;46605;34977;1248;4427;1268;98828;168;97;645;0.0;0;0.0
2020-10;20201001;3;28;395;15890;45618;82563;4214;4516;457;153196;390;274;1110;0.0;0;0.0
2020-10;20201001;1;14;517;9721;51444;16944;2053;5209;20285;85888;736;467;1574;0.0;0;0.0
2020-10;20201001;1;2;546;14663;58929;35013;3011;9165;5227;121327;0;0;0;0.0;0;0.0
2020-10;20201001;5;13;570;29152;86449;83333;6830;11329;1142;217663;457;282;1654;0.0;0;0.0
2020-10;20201001;2;20;431;13354;54131;27835;1986;5049;198;102786;274;141;808;0.0;0;0.0
2020-10;20201001;3;1;196;6699;34644;24782;1357;128;26769;67806;0;0;0;0.0;0;0.0
2020-10;20201001;3;32;242;10663;31665;48298;1173;476;0;92517;0;0;0;0.0;0;0.0
2020-10;20201001;1;30;143;6163;34649;35233;1019;6338;403;83545;0;0;0;0.0;0;0.0
2020-10;20201001;1;31;645;12223;57811;60793;4550;0;675;136022;500;284;1069;0.0;0;0.0
2020-10;20201001;1;29;66;3214;15253;18375;746;642;0;38296;66;46;216;0.0;0;0.0
2020-09;20200901;4;73;203;4883;19818;21620;789;1995;0;49308;0;0;0;0.0;0;0.0
2020-09;20200901;5;13;525;26527;79157;75171;6183;10134;1047;197697;456;288;1657;0.0;0;0.0
2020-09;20200901;2;20;385;11923;48694;24532;1781;4582;171;91897;275;141;790;0.0;0;0.0
2020-09;20200901;2;5;365;10173;40209;24634;1663;4348;10719;81392;345;212;975;0.0;0;0.0
2020-09;20200901;2;35;91;2473;17638;13767;858;880;584;35707;153;71;517;0.0;0;0.0
2020-09;20200901;3;16;151;4171;16990;27715;2403;1360;33535;52790;556;376;1539;0.0;0;0.0
2020-09;20200901;3;22;326;10190;42181;31452;1125;4011;1201;89285;170;97;633;0.0;0;0.0
2020-09;20200901;1;2;485;13194;52662;31376;2756;8940;4701;109413;0;0;0;0.0;0;0.0
2020-09;20200901;1;64;364;9317;41362;32827;447;1294;199;85611;0;0;0;0.0;0;0.0
2020-09;20200901;4;66;226;7045;31002;15528;1022;595;1298;55418;0;0;0;0.0;0;0.0
2020-09;20200901;2;15;468;9838;46023;40865;2837;2537;0;102568;249;150;875;0.0;0;0.0
2020-09;20200901;1;14;467;8805;46222;14866;1922;4813;18611;77095;735;472;1572;0.0;0;0.0
2020-09;20200901;1;7;625;14400;50692;35430;1242;8729;10550;111118;297;157;742;0.0;0;0.0
2020-09;20200901;1;31;575;11054;52535;54515;3965;0;626;122644;493;294;1071;0.0;0;0.0
2020-09;20200901;1;72;217;4455;29452;17785;684;7865;374;60458;0;0;0;0.0;0;0.0
2020-09;20200901;2;23;759;19508;68565;32501;2257;5869;31941;129459;988;663;3105;0.0;0;0.0
2020-09;20200901;3;27;429;8882;29205;40131;4732;1346;1663;84725;417;216;1043;0.0;0;0.0
2020-09;20200901;1;12;754;16426;55300;30493;3758;341;44813;107072;0;0;0;0.0;0;0.0
2020-09;20200901;1;53;180;7119;23259;16329;1609;3272;6309;51768;0;0;0;0.0;0;0.0
2020-09;20200901;3;1;179;6055;31414;22250;1249;125;23997;61272;0;0;0;0.0;0;0.0
2020-09;20200901;3;10;576;12494;47174;51326;4439;1875;12748;117884;830;622;2033;0.0;0;0.0
2020-09;20200901;3;3;461;8956;36053;28727;689;3587;297;78473;159;79;805;0.0;0;0.0
2020-09;20200901;3;32;222;9485;28456;43408;1052;425;0;83048;0;0;0;0.0;0;0.0
2020-09;20200901;3;25;234;9150;34714;20820;930;955;207;66803;172;115;600;0.0;0;0.0
2020-09;20200901;3;28;349;14169;41278;74624;3815;3971;417;138206;391;275;1073;0.0;0;0.0
2020-09;20200901;1;21;174;7290;39112;23852;801;1265;332;72494;166;65;403;0.0;0;0.0
2020-09;20200901;1;30;125;5544;31245;31267;935;5624;342;74740;0;0;0;0.0;0;0.0
2020-09;20200901;4;69;58;2209;12143;10202;172;649;27058;25433;0;0;0;0.0;0;0.0
2020-09;20200901;2;8;89;2495;23014;9303;465;1643;32;37009;119;86;445;0.0;0;0.0
2020-09;20200901;2;38;216;4653;27825;16687;2156;2417;276;53954;0;0;0;0.0;0;0.0
2020-09;20200901;3;9;419;6010;38100;33339;2378;0;50108;80246;0;0;0;0.0;0;0.0
2020-09;20200901;3;17;261;6454;25712;20422;1412;1778;21472;56039;254;145;831;0.0;0;0.0
2020-09;20200901;3;33;248;9291;42517;44452;1448;456;168;98412;0;0;0;0.0;0;0.0
2020-09;20200901;1;29;57;2904;13885;16561;676;591;0;34674;66;46;214;0.0;0;0.0
2020-08;20200801;2;8;67;2210;20520;8390;412;1436;30;33035;120;86;443;0.0;0;0.0
2020-08;20200801;2;35;84;2229;15739;12279;735;801;572;31867;154;71;512;0.0;0;0.0
2020-08;20200801;3;22;296;9139;37426;28365;1018;3618;1139;79862;171;97;628;0.0;0;0.0
2020-08;20200801;3;25;213;8223;31159;18953;850;857;196;60255;175;117;602;0.0;0;0.0
2020-08;20200801;1;14;428;7866;40889;12921;1723;4445;17195;68272;736;475;1558;0.0;0;0.0
2020-08;20200801;1;2;450;11804;46841;27727;2482;8719;3942;98023;0;0;0;0.0;0;0.0
2020-08;20200801;1;53;166;6294;20399;14291;1431;3057;5604;45638;0;0;0;0.0;0;0.0
2020-08;20200801;1;72;188;3983;26563;15917;618;6520;352;53789;0;0;0;0.0;0;0.0
2020-08;20200801;4;66;193;6424;28040;13895;913;497;987;49962;0;0;0;0.0;0;0.0
2020-08;20200801;4;69;140;3342;17312;24309;1152;681;6;46936;0;0;0;0.0;0;0.0
2020-08;20200801;3;1;161;5392;28135;19581;1132;110;21480;54511;0;0;0;0.0;0;0.0
2020-08;20200801;3;17;226;5657;22579;17181;1221;1584;20446;48448;254;147;819;0.0;0;0.0
2020-08;20200801;3;3;422;8127;32213;25349;605;3219;273;69935;160;82;805;0.0;0;0.0
2020-08;20200801;1;12;666;14865;48761;26710;3312;337;39052;94651;0;0;0;0.0;0;0.0
2020-08;20200801;1;64;316;8401;37007;29193;378;1080;176;76375;0;0;0;0.0;0;0.0
2020-08;20200801;2;15;424;8691;40896;36319;2519;2253;0;91102;250;149;874;0.0;0;0.0
2020-08;20200801;2;23;685;17385;60883;28966;1962;5041;28507;114922;997;673;3091;0.0;0;0.0
2020-08;20200801;3;32;191;8324;25205;38041;913;367;0;73041;0;0;0;0.0;0;0.0
2020-08;20200801;3;33;220;8239;37487;40000;1260;417;144;87623;0;0;0;0.0;0;0.0
2020-08;20200801;3;28;316;12624;36840;65918;3379;3514;372;122591;390;280;1072;0.0;0;0.0
2020-08;20200801;3;27;375;7865;25879;35719;4112;1215;1502;75165;415;219;1027;0.0;0;0.0
2020-08;20200801;1;21;161;6581;34864;21033;692;1094;332;64425;166;66;404;0.0;0;0.0
2020-08;20200801;4;73;183;4402;17850;19404;712;1778;0;44329;0;0;0;0.0;0;0.0
2020-08;20200801;2;38;191;3595;24094;14243;1923;1888;215;45934;0;0;0;0.0;0;0.0
2020-08;20200801;1;7;554;12744;44868;31357;1100;7721;9321;98344;300;157;745;0.0;0;0.0
2020-08;20200801;1;30;109;4963;28166;27423;827;4812;307;66300;0;0;0;0.0;0;0.0
2020-08;20200801;1;31;492;9821;47063;47914;3333;0;565;108623;492;295;1077;0.0;0;0.0
2020-08;20200801;5;13;459;23640;70666;66440;5411;8806;1000;175422;450;293;1658;0.0;0;0.0
2020-08;20200801;2;20;353;10648;43311;21565;1543;4039;155;81459;276;144;794;0.0;0;0.0
2020-08;20200801;2;5;325;9146;35872;21721;1470;3859;9429;72393;343;214;974;0.0;0;0.0
2020-08;20200801;3;9;376;5373;34067;29216;2043;0;44437;71075;0;0;0;0.0;0;0.0
2020-08;20200801;3;16;141;3860;15720;25153;2205;1228;28317;48307;562;379;1480;0.0;0;0.0
2020-08;20200801;3;10;503;11065;41829;45340;3848;1700;11188;104285;832;626;2021;0.0;0;0.0
2020-08;20200801;1;29;51;2600;12375;14843;611;546;0;31026;67;46;214;0.0;0;0.0
2020-07;20200701;4;73;158;3872;15451;16946;640;1579;0;38646;0;0;0;0.0;0;0.0
2020-07;20200701;2;35;68;1932;13641;10758;604;718;570;27721;155;73;507;0.0;0;0.0
2020-07;20200701;3;10;435;9854;36562;40372;3190;1546;9720;91959;837;636;2019;0.0;0;0.0
2020-07;20200701;3;3;370;7288;28178;21871;523;2819;250;61049;160;82;807;0.0;0;0.0
2020-07;20200701;3;25;195;7306;27110;17267;776;747;169;53401;177;119;604;0.0;0;0.0
2020-07;20200701;1;21;156;5867;30488;18435;597;921;266;56464;168;66;405;0.0;0;0.0
2020-07;20200701;1;14;369;6949;35488;10745;1448;4103;15168;59102;736;477;1554;0.0;0;0.0
2020-07;20200701;1;64;283;7328;31879;25357;330;897;150;66074;0;0;0;0.0;0;0.0
2020-07;20200701;2;8;61;1947;17695;7382;360;1259;26;28704;120;87;445;0.0;0;0.0
2020-07;20200701;3;27;332;6920;22555;31656;3552;1087;1330;66102;410;225;1017;0.0;0;0.0
2020-07;20200701;1;2;400;10251;40561;23894;2098;8535;3427;85739;0;0;0;0.0;0;0.0
2020-07;20200701;4;66;176;5644;24583;12182;781;416;861;43782;0;0;0;0.0;0;0.0
2020-07;20200701;2;15;387;7570;35548;31567;2171;1971;0;79214;251;151;874;0.0;0;0.0
2020-07;20200701;3;33;206;7361;33036;35959;1055;369;128;77986;0;0;0;0.0;0;0.0
2020-07;20200701;1;12;570;13218;42238;22782;2785;311;34544;81904;0;0;0;0.0;0;0.0
2020-07;20200701;1;7;480;11056;38916;27202;953;6704;8108;85311;299;159;747;0.0;0;0.0
2020-07;20200701;1;31;410;8546;40989;41159;2700;0;489;93804;491;296;1078;0.0;0;0.0
2020-07;20200701;1;29;48;2264;10917;12953;520;484;0;27186;67;46;216;0.0;0;0.0
2020-07;20200701;4;69;48;1699;9539;7457;105;434;20937;19282;0;0;0;0.0;0;0.0
2020-07;20200701;5;13;391;20517;60412;55781;4647;7803;931;149551;451;296;1664;0.0;0;0.0
2020-07;20200701;2;20;311;9342;37891;18642;1298;3548;145;71032;277;144;788;0.0;0;0.0
2020-07;20200701;2;5;290;7964;30909;18601;1235;3300;8156;62299;346;222;975;0.0;0;0.0
2020-07;20200701;2;38;162;3186;20848;12470;1703;1603;196;39972;0;0;0;0.0;0;0.0
2020-07;20200701;3;1;148;4819;24875;16821;937;102;19327;47702;0;0;0;0.0;0;0.0
2020-07;20200701;3;32;170;7426;22373;33101;770;335;0;64175;0;0;0;0.0;0;0.0
2020-07;20200701;3;28;270;11315;32455;57880;2769;3012;326;107701;390;284;1068;0.0;0;0.0
2020-07;20200701;2;23;597;15058;52606;24877;1697;4238;25481;99073;1004;677;3088;0.0;0;0.0
2020-07;20200701;3;9;345;4765;30052;25187;1779;39719;0;101847;0;0;0;0.0;0;0.0
2020-07;20200701;3;16;128;3446;13890;21861;1908;1047;25820;42280;564;384;1478;0.0;0;0.0
2020-07;20200701;3;17;188;4962;19226;13903;999;1381;19713;40659;254;149;815;0.0;0;0.0
2020-07;20200701;3;22;272;8008;32481;24998;876;3216;1081;69851;173;97;627;0.0;0;0.0
2020-07;20200701;1;30;95;4349;24704;23947;697;4102;284;57894;0;0;0;0.0;0;0.0
2020-07;20200701;1;53;135;5481;17626;12103;1272;2834;4908;39451;0;0;0;0.0;0;0.0
2020-07;20200701;1;72;170;3412;23065;13728;523;5610;321;46508;0;0;0;0.0;0;0.0
2020-06;20200601;4;66;144;4860;21279;10797;672;327;612;38079;0;0;0;0.0;0;0.0
2020-06;20200601;2;5;251;6827;26103;15878;1053;2819;6950;52931;347;223;973;0.0;0;0.0
2020-06;20200601;3;27;281;6004;19268;27611;3045;929;1113;57138;410;230;1015;0.0;0;0.0
2020-06;20200601;1;12;477;11541;35501;18983;2273;277;29670;69052;0;0;0;0.0;0;0.0
2020-06;20200601;1;2;341;8686;33994;20462;1766;8355;2960;73604;0;0;0;0.0;0;0.0
2020-06;20200601;5;13;319;17538;51655;46596;3865;6530;850;126503;457;299;1656;0.0;0;0.0
2020-06;20200601;2;15;337;6413;30454;27064;1841;1686;0;67795;251;153;874;0.0;0;0.0
2020-06;20200601;2;38;141;2807;17992;10928;1444;1348;177;34660;0;0;0;0.0;0;0.0
2020-06;20200601;3;1;130;4178;21540;14229;762;93;17254;40932;0;0;0;0.0;0;0.0
2020-06;20200601;3;25;168;6363;22821;15561;690;625;153;46228;179;118;610;0.0;0;0.0
2020-06;20200601;1;31;347;7310;34919;34645;2041;0;434;79262;492;300;1081;0.0;0;0.0
2020-06;20200601;4;73;128;3271;13145;14557;567;1371;0;33039;0;0;0;0.0;0;0.0
2020-06;20200601;2;20;285;8069;32487;15811;1083;3072;136;60807;276;146;783;0.0;0;0.0
2020-06;20200601;2;23;494;12906;44699;21337;1462;3405;22214;84303;1007;682;3074;0.0;0;0.0
2020-06;20200601;3;10;367;8592;31345;35531;2605;1375;8229;79815;842;645;2025;0.0;0;0.0
2020-06;20200601;1;21;140;5029;25977;15612;458;794;265;48010;168;66;404;0.0;0;0.0
2020-06;20200601;1;7;420;9410;33029;23145;832;5688;6765;72524;300;161;738;0.0;0;0.0
2020-06;20200601;1;29;39;1934;9347;11081;448;424;0;23273;67;47;221;0.0;0;0.0
2020-06;20200601;1;64;238;6277;27318;21480;269;702;120;56284;0;0;0;0.0;0;0.0
2020-06;20200601;4;69;41;1471;8131;6301;84;363;18041;16391;0;0;0;0.0;0;0.0
2020-06;20200601;3;9;355;5756;40388;38432;2103;0;1606;87034;0;0;0;0.0;0;0.0
2020-06;20200601;3;16;108;3014;12080;18558;1568;893;23258;36221;567;388;1472;0.0;0;0.0
2020-06;20200601;3;22;236;7033;28096;22288;743;2817;861;61213;177;99;622;0.0;0;0.0
2020-06;20200601;1;14;309;5951;30004;8841;1221;3810;13124;50136;738;479;1562;0.0;0;0.0
2020-06;20200601;1;53;117;4817;14901;10064;1076;2510;4147;33485;0;0;0;0.0;0;0.0
2020-06;20200601;1;72;135;3013;20056;11791;450;4417;300;39862;0;0;0;0.0;0;0.0
2020-06;20200601;2;8;51;1689;15080;6463;314;1082;22;24679;120;89;440;0.0;0;0.0
2020-06;20200601;2;35;61;1642;11578;9261;503;607;558;23652;157;74;506;0.0;0;0.0
2020-06;20200601;3;17;165;4342;16460;11802;880;1220;17393;34869;258;155;815;0.0;0;0.0
2020-06;20200601;3;3;325;6320;24108;18635;451;2399;226;52238;159;87;804;0.0;0;0.0
2020-06;20200601;3;32;143;6587;19542;28338;621;302;0;55533;0;0;0;0.0;0;0.0
2020-06;20200601;3;33;177;6502;28745;31931;876;338;111;68569;0;0;0;0.0;0;0.0
2020-06;20200601;3;28;241;10006;28486;50409;2364;2541;285;94047;391;284;1062;0.0;0;0.0
2020-06;20200601;1;30;84;3695;21058;20586;564;3376;241;49363;0;0;0;0.0;0;0.0
2020-05;20200501;5;13;275;15149;44479;39952;3162;5348;747;108365;459;301;1652;0.0;0;0.0
2020-05;20200501;2;35;54;1391;9872;7927;429;522;510;20195;157;75;507;0.0;0;0.0
2020-05;20200501;3;9;263;3535;22422;17939;1227;0;30849;45386;0;0;0;0.0;0;0.0
2020-05;20200501;3;16;91;2558;10255;15596;1263;730;20495;30493;566;389;1467;0.0;0;0.0
2020-05;20200501;3;17;148;3783;13757;9777;757;1061;15469;29283;258;155;799;0.0;0;0.0
2020-05;20200501;3;33;160;5782;24813;28558;694;271;88;60278;0;0;0;0.0;0;0.0
2020-05;20200501;3;27;239;5198;16557;23759;2479;762;972;48994;412;235;1008;0.0;0;0.0
2020-05;20200501;1;2;290;7342;28305;17614;1483;8172;2604;63206;0;0;0;0.0;0;0.0
2020-05;20200501;2;5;218;5860;21936;13550;852;2332;5747;44748;347;224;972;0.0;0;0.0
2020-05;20200501;2;38;120;2460;15452;9474;1191;1093;158;29790;0;0;0;0.0;0;0.0
2020-05;20200501;3;32;126;5811;16814;23931;481;244;0;47407;0;0;0;0.0;0;0.0
2020-05;20200501;3;25;144;5507;19071;14269;628;543;142;40162;180;120;604;0.0;0;0.0
2020-05;20200501;1;12;409;10071;29482;15844;1748;236;25968;57790;0;0;0;0.0;0;0.0
2020-05;20200501;1;31;296;6220;29582;28881;1569;0;391;66548;494;301;1086;0.0;0;0.0
2020-05;20200501;2;8;43;1494;12893;5543;257;843;20;21073;118;89;440;0.0;0;0.0
2020-05;20200501;3;3;279;5493;20709;15927;363;1875;202;44646;160;87;783;0.0;0;0.0
2020-05;20200501;3;28;221;8803;24736;43222;1879;2152;241;81013;391;286;1062;0.0;0;0.0
2020-05;20200501;1;14;267;5149;25276;7036;971;3184;11326;41883;735;483;1564;0.0;0;0.0
2020-05;20200501;1;29;30;1641;8098;9459;366;341;0;19935;66;48;218;0.0;0;0.0
2020-05;20200501;1;53;98;4160;12405;8213;888;2326;3509;28090;0;0;0;0.0;0;0.0
2020-05;20200501;4;73;109;2805;11231;12533;464;1133;0;28275;0;0;0;0.0;0;0.0
2020-05;20200501;2;23;418;10909;37654;17973;1222;2732;19667;70908;1005;683;3061;0.0;0;0.0
2020-05;20200501;1;21;123;4224;22061;13319;339;653;265;40719;167;67;404;0.0;0;0.0
2020-05;20200501;1;7;377;8011;27771;19914;706;4822;5606;61601;302;160;741;0.0;0;0.0
2020-05;20200501;1;64;200;5430;23246;18372;213;576;107;48037;0;0;0;0.0;0;0.0
2020-05;20200501;1;72;116;2610;17449;10089;378;3619;281;34261;0;0;0;0.0;0;0.0
2020-05;20200501;4;66;127;4250;18511;9627;580;271;505;33366;0;0;0;0.0;0;0.0
2020-05;20200501;4;69;36;1240;6901;5276;70;274;15552;13797;0;0;0;0.0;0;0.0
2020-05;20200501;2;15;296;5397;25905;23367;1543;1389;0;57897;250;154;868;0.0;0;0.0
2020-05;20200501;2;20;249;6960;27865;13523;842;2586;121;52025;279;148;770;0.0;0;0.0
2020-05;20200501;3;1;120;3571;18397;12031;602;79;15387;34800;0;0;0;0.0;0;0.0
2020-05;20200501;3;22;199;6112;23995;19927;611;2458;688;53302;176;99;621;0.0;0;0.0
2020-05;20200501;3;10;297;7409;26431;30915;2068;1151;6817;68271;841;651;2019;0.0;0;0.0
2020-05;20200501;1;30;72;3193;18039;17678;440;2793;213;42215;0;0;0;0.0;0;0.0
2020-04;20200401;2;5;171;4952;18087;11366;631;1856;4678;37063;349;226;973;0.0;0;0.0
2020-04;20200401;3;1;98;2999;15467;9848;443;71;13649;28926;0;0;0;0.0;0;0.0
2020-04;20200401;3;33;133;4994;20339;24992;488;227;47;51173;0;0;0;0.0;0;0.0
2020-04;20200401;1;31;239;5172;24907;23706;1283;0;348;55307;495;302;1058;0.0;0;0.0
2020-04;20200401;1;29;25;1397;6970;7990;296;274;0;16952;64;48;208;0.0;0;0.0
2020-04;20200401;1;72;94;2202;15022;8649;284;2463;241;28714;0;0;0;0.0;0;0.0
2020-04;20200401;4;66;108;3617;15867;8445;443;219;429;28699;0;0;0;0.0;0;0.0
2020-04;20200401;2;15;254;4473;21653;19918;1175;1247;0;48720;250;155;867;0.0;0;0.0
2020-04;20200401;2;35;44;1129;8305;6795;329;432;224;17034;158;75;507;0.0;0;0.0
2020-04;20200401;3;9;261;4298;30102;27510;1241;1154;0;64566;0;0;0;0.0;0;0.0
2020-04;20200401;3;16;82;2164;8492;12871;971;495;17826;25075;567;388;1472;0.0;0;0.0
2020-04;20200401;3;22;159;5184;20130;17652;465;2162;463;45752;174;102;620;0.0;0;0.0
2020-04;20200401;3;25;122;4675;15603;12940;566;461;104;34367;178;119;606;0.0;0;0.0
2020-04;20200401;1;21;102;3557;18593;11102;259;529;265;34142;167;67;404;0.0;0;0.0
2020-04;20200401;5;13;228;12756;38143;34117;2325;4358;616;91927;458;302;1655;0.0;0;0.0
2020-04;20200401;2;20;219;5928;23649;11630;615;2183;109;44224;279;148;761;0.0;0;0.0
2020-04;20200401;2;23;347;9062;31153;14920;947;2167;17539;58596;1013;687;3044;0.0;0;0.0
2020-04;20200401;3;3;232;4564;17676;13507;273;1465;185;37717;160;87;783;0.0;0;0.0
2020-04;20200401;1;12;324;8580;23864;12950;1303;185;22602;47206;0;0;0;0.0;0;0.0
2020-04;20200401;1;14;217;4316;20649;5647;752;1619;9467;33200;736;485;1566;0.0;0;0.0
2020-04;20200401;1;2;253;6118;23186;15094;1185;7944;2262;53780;0;0;0;0.0;0;0.0
2020-04;20200401;1;7;310;6714;22729;16768;578;4007;4685;51106;301;160;735;0.0;0;0.0
2020-04;20200401;1;53;86;3489;10159;6680;690;1972;2994;23076;0;0;0;0.0;0;0.0
2020-04;20200401;4;73;87;2355;9395;10732;362;966;0;23897;0;0;0;0.0;0;0.0
2020-04;20200401;2;38;101;2131;13185;8117;942;897;147;25373;0;0;0;0.0;0;0.0
2020-04;20200401;3;32;106;5057;14269;20259;269;175;0;40135;0;0;0;0.0;0;0.0
2020-04;20200401;3;28;188;7550;20980;36216;1365;1753;217;68052;391;287;1060;0.0;0;0.0
2020-04;20200401;1;30;60;2664;15382;14976;319;2310;196;35711;0;0;0;0.0;0;0.0
2020-04;20200401;1;64;163;4646;19917;15783;173;487;94;41169;0;0;0;0.0;0;0.0
2020-04;20200401;4;69;30;1018;5723;4458;54;214;13322;11497;0;0;0;0.0;0;0.0
2020-04;20200401;2;8;40;1278;10764;4675;172;705;19;17634;119;90;433;0.0;0;0.0
2020-04;20200401;3;17;122;3135;11233;7896;597;887;13700;23870;259;156;790;0.0;0;0.0
2020-04;20200401;3;10;249;6228;21568;27199;1605;982;5497;57831;844;654;2015;0.0;0;0.0
2020-04;20200401;3;27;190;4347;13808;20302;1914;640;814;41201;410;235;1015;0.0;0;0.0
2020-03;20200301;2;8;31;1076;9119;4100;116;581;17;15023;116;90;401;0.0;0;0.0
2020-03;20200301;2;23;293;7574;26475;12568;776;1705;15940;49391;1016;692;3002;0.0;0;0.0
2020-03;20200301;2;5;146;4158;15251;9650;530;1559;3902;31294;350;226;954;0.0;0;0.0
2020-03;20200301;3;9;179;2390;15824;12057;755;0;24455;31205;0;0;0;0.0;0;0.0
2020-03;20200301;3;28;153;6429;17853;31172;1029;1424;195;58060;390;288;1064;0.0;0;0.0
2020-03;20200301;3;27;148;3652;11655;17321;1563;533;593;34872;408;237;1007;0.0;0;0.0
2020-03;20200301;1;14;185;3530;17434;4551;623;1073;6647;27396;734;486;1533;0.0;0;0.0
2020-03;20200301;1;72;85;1894;13452;7633;225;1265;83;24554;0;0;0;0.0;0;0.0
2020-03;20200301;4;66;89;3135;13903;7687;366;157;233;25337;0;0;0;0.0;0;0.0
2020-03;20200301;4;73;65;1999;8129;9390;274;626;0;20483;0;0;0;0.0;0;0.0
2020-03;20200301;1;12;270;7287;19801;9201;1069;156;20092;37784;0;0;0;0.0;0;0.0
2020-03;20200301;1;30;46;2255;13265;12660;243;1791;180;30260;0;0;0;0.0;0;0.0
2020-03;20200301;1;31;188;4320;21634;19904;1122;0;317;47168;498;304;995;0.0;0;0.0
2020-03;20200301;1;29;20;1187;6085;6833;251;215;0;14591;64;50;200;0.0;0;0.0
2020-03;20200301;5;13;197;10927;33341;30328;1804;3414;494;80011;455;303;1647;0.0;0;0.0
2020-03;20200301;2;38;78;1886;11608;7172;782;667;127;22193;0;0;0;0.0;0;0.0
2020-03;20200301;3;10;203;5363;18321;24336;1281;655;4475;50159;844;653;2006;0.0;0;0.0
2020-03;20200301;3;3;199;3867;15546;11585;207;997;153;32401;160;87;768;0.0;0;0.0
2020-03;20200301;3;32;89;4427;12431;17669;161;127;0;34904;0;0;0;0.0;0;0.0
2020-03;20200301;3;33;116;4316;16819;22032;355;171;35;43809;0;0;0;0.0;0;0.0
2020-03;20200301;4;69;23;852;4906;3828;39;182;11739;9830;0;0;0;0.0;0;0.0
2020-03;20200301;3;1;85;2538;13316;8229;313;61;12407;24542;0;0;0;0.0;0;0.0
2020-03;20200301;3;22;132;4429;17322;16038;363;1683;301;39967;175;103;604;0.0;0;0.0
2020-03;20200301;1;21;79;3006;16031;9145;210;447;265;28918;167;67;398;0.0;0;0.0
2020-03;20200301;1;53;69;2863;8401;5345;566;1322;2519;18566;0;0;0;0.0;0;0.0
2020-03;20200301;2;15;204;3729;18767;16903;831;1087;0;41521;249;156;852;0.0;0;0.0
2020-03;20200301;2;20;188;5029;20621;10024;493;1837;99;38192;279;149;754;0.0;0;0.0
2020-03;20200301;2;35;42;900;7213;5953;263;335;66;14706;159;75;491;0.0;0;0.0
2020-03;20200301;3;16;64;1812;7142;10772;709;419;15870;20918;566;390;1441;0.0;0;0.0
2020-03;20200301;3;17;94;2574;9395;6282;358;772;12281;19475;259;156;787;0.0;0;0.0
2020-03;20200301;3;25;104;4056;13457;11501;469;395;99;29982;179;120;603;0.0;0;0.0
2020-03;20200301;1;2;206;5107;19456;13399;995;7687;1898;46850;0;0;0;0.0;0;0.0
2020-03;20200301;1;7;254;5663;19156;13220;288;3082;3634;41663;299;165;703;0.0;0;0.0
2020-03;20200301;1;64;132;3962;17642;13872;137;384;84;36129;0;0;0;0.0;0;0.0
2020-02;20200201;2;8;25;818;7086;3186;98;436;12;11649;115;90;401;0.0;0;0.0
2020-02;20200201;3;27;114;2781;9002;13025;1163;320;381;26405;405;241;1007;0.0;0;0.0
2020-02;20200201;1;7;198;4406;14499;10147;184;2222;2707;31656;299;165;705;0.0;0;0.0
2020-02;20200201;1;64;101;3054;14004;10862;105;262;62;28388;0;0;0;0.0;0;0.0
2020-02;20200201;1;72;63;1475;10691;5812;162;549;33;18752;0;0;0;0.0;0;0.0
2020-02;20200201;5;13;144;8341;25900;23582;1312;2230;382;61509;454;304;1640;0.0;0;0.0
2020-02;20200201;2;5;111;3166;11647;7407;403;1188;2957;23922;350;226;954;0.0;0;0.0
2020-02;20200201;2;35;36;650;5496;4585;186;229;17;11182;160;74;489;0.0;0;0.0
2020-02;20200201;3;17;58;1933;7053;4587;194;609;9889;14434;255;157;788;0.0;0;0.0
2020-02;20200201;3;10;157;4250;14707;18724;1021;423;3411;39282;846;654;2006;0.0;0;0.0
2020-02;20200201;3;32;75;3393;9736;13730;94;94;0;27122;0;0;0;0.0;0;0.0
2020-02;20200201;3;33;89;3336;12619;17082;255;114;22;33495;0;0;0;0.0;0;0.0
2020-02;20200201;1;30;40;1710;10231;9859;167;1307;142;23314;0;0;0;0.0;0;0.0
2020-02;20200201;1;29;14;893;4740;5329;180;159;0;11315;64;51;201;0.0;0;0.0
2020-02;20200201;4;66;64;2373;10634;6038;281;116;101;19506;0;0;0;0.0;0;0.0
2020-02;20200201;4;73;54;1526;6285;7248;189;439;0;15741;0;0;0;0.0;0;0.0
2020-02;20200201;2;23;223;5645;20505;9210;623;1141;13020;37347;1018;697;3006;0.0;0;0.0
2020-02;20200201;3;1;65;1883;10208;6124;205;41;9961;18526;0;0;0;0.0;0;0.0
2020-02;20200201;3;16;49;1342;5559;8154;530;234;12639;15868;563;395;1444;0.0;0;0.0
2020-02;20200201;1;12;196;4370;15540;6121;875;131;16196;27233;0;0;0;0.0;0;0.0
2020-02;20200201;1;21;59;2332;12381;6844;137;312;263;22065;168;67;394;0.0;0;0.0
2020-02;20200201;1;14;143;2693;13757;3615;489;598;3874;21295;731;490;1483;0.0;0;0.0
2020-02;20200201;1;2;129;3932;15206;10274;715;6596;1490;36852;0;0;0;0.0;0;0.0
2020-02;20200201;4;69;19;632;3778;2955;21;143;8957;7548;0;0;0;0.0;0;0.0
2020-02;20200201;2;15;156;2791;14357;12752;563;718;0;31337;250;158;854;0.0;0;0.0
2020-02;20200201;2;20;154;3910;16195;7796;357;1087;75;29499;278;149;743;0.0;0;0.0
2020-02;20200201;3;22;96;3470;13487;12880;270;1169;138;31372;173;104;606;0.0;0;0.0
2020-02;20200201;3;3;144;2951;12055;8810;125;622;132;24707;161;88;769;0.0;0;0.0
2020-02;20200201;2;38;55;1400;8909;5389;578;475;35;16806;0;0;0;0.0;0;0.0
2020-02;20200201;3;9;135;1710;12200;8991;562;0;19316;23598;0;0;0;0.0;0;0.0
2020-02;20200201;3;25;74;3186;10536;9133;347;292;79;23568;178;121;604;0.0;0;0.0
2020-02;20200201;3;28;113;4912;13873;23817;739;1034;144;44488;387;289;1065;0.0;0;0.0
2020-02;20200201;1;31;151;3311;17046;14954;789;0;248;36251;499;306;992;0.0;0;0.0
2020-02;20200201;1;53;46;2179;6412;4056;454;336;1854;13483;0;0;0;0.0;0;0.0
2020-01;20200101;4;73;24;818;3296;3764;98;237;0;8237;0;0;0;0.0;0;0.0
2020-01;20200101;2;38;28;773;4727;2809;291;250;20;8878;0;0;0;0.0;0;0.0
2020-01;20200101;2;35;21;344;2811;2436;105;106;11;5823;159;77;486;0.0;0;0.0
2020-01;20200101;3;16;23;683;2930;4191;282;120;6611;8229;566;398;1450;0.0;0;0.0
2020-01;20200101;3;10;81;2286;7796;9820;528;213;1824;20724;846;668;2000;0.0;0;0.0
2020-01;20200101;4;66;32;1292;5571;3205;154;64;60;10318;0;0;0;0.0;0;0.0
2020-01;20200101;3;17;35;1018;3619;2397;108;315;5133;7492;253;160;784;0.0;0;0.0
2020-01;20200101;3;3;77;1552;6045;4524;73;313;64;12584;163;90;773;0.0;0;0.0
2020-01;20200101;3;32;39;1803;4985;7074;55;38;0;13994;0;0;0;0.0;0;0.0
2020-01;20200101;3;33;44;1807;6530;8814;126;55;7;17376;0;0;0;0.0;0;0.0
2020-01;20200101;3;28;60;2588;7402;12317;399;555;74;23321;386;292;1069;0.0;0;0.0
2020-01;20200101;3;27;61;1495;4819;7004;610;176;219;14165;406;241;1007;0.0;0;0.0
2020-01;20200101;2;8;16;429;3751;1577;45;243;9;6061;117;89;402;0.0;0;0.0
2020-01;20200101;2;15;89;1498;7267;6573;283;360;0;16070;247;159;851;0.0;0;0.0
2020-01;20200101;2;5;59;1673;6170;3938;213;628;1558;12681;350;229;949;0.0;0;0.0
2020-01;20200101;3;1;29;1022;5257;3228;120;26;5144;9682;0;0;0;0.0;0;0.0
2020-01;20200101;3;9;60;935;6477;4576;276;0;10230;12324;0;0;0;0.0;0;0.0
2020-01;20200101;1;7;101;2377;7525;5360;85;1174;1455;16622;298;165;701;0.0;0;0.0
2020-01;20200101;1;29;8;465;2465;2766;97;84;0;5885;63;51;200;0.0;0;0.0
2020-01;20200101;1;72;34;806;5857;3118;77;285;19;10177;0;0;0;0.0;0;0.0
2020-01;20200101;5;13;55;4408;13568;12282;716;1126;253;32155;457;309;1649;0.0;0;0.0
2020-01;20200101;2;20;79;2180;8498;4364;188;557;49;15866;276;152;745;0.0;0;0.0
2020-01;20200101;3;22;53;1918;7068;6638;121;614;83;16412;169;105;607;0.0;0;0.0
2020-01;20200101;1;12;91;2286;8162;3181;465;117;8610;14302;0;0;0;0.0;0;0.0
2020-01;20200101;1;2;82;2079;7857;5258;366;3623;776;19265;0;0;0;0.0;0;0.0
2020-01;20200101;1;31;80;1821;8724;7612;400;0;134;18637;499;308;986;0.0;0;0.0
2020-01;20200101;1;53;26;1201;3349;2140;223;162;928;7101;0;0;0;0.0;0;0.0
2020-01;20200101;1;64;58;1698;7380;5896;53;152;28;15237;0;0;0;0.0;0;0.0
2020-01;20200101;4;69;9;319;1955;1484;8;65;4555;3840;0;0;0;0.0;0;0.0
2020-01;20200101;2;23;125;2943;10711;4682;352;566;7214;19379;1018;703;3000;0.0;0;0.0
2020-01;20200101;3;25;36;1713;5562;4713;165;178;51;12367;177;126;601;0.0;0;0.0
2020-01;20200101;1;21;38;1200;6263;3584;93;165;240;11343;169;67;394;0.0;0;0.0
2020-01;20200101;1;14;84;1378;7195;1820;248;299;2044;11024;733;497;1482;0.0;0;0.0
2020-01;20200101;1;30;28;933;5228;5018;88;653;77;11948;0;0;0;0.0;0;0.0
2019-12;20191201;4;69;100;4551;23326;16442;137;951;47726;45507;0;0;0;0.0;0;0.0
2019-12;20191201;3;17;324;10218;46899;31986;692;3135;53682;93254;256;145;782;0.0;0;0.0
2019-12;20191201;3;25;395;15384;59072;54856;655;2033;251;132395;179;102;601;0.0;0;0.0
2019-12;20191201;1;21;302;12932;73977;42679;960;2133;44;132983;170;52;391;0.0;0;0.0
2019-12;20191201;1;30;216;10464;60200;59100;1246;7790;759;139016;0;0;0;0.0;0;0.0
2019-12;20191201;4;73;304;8613;37465;40737;1120;2652;0;90891;0;0;0;0.0;0;0.0
2019-12;20191201;3;16;266;7891;34739;45611;3109;1263;70055;92879;566;370;1449;0.0;0;0.0
2019-12;20191201;1;14;775;15724;85356;21494;2465;3254;24034;129068;741;439;1465;0.0;0;0.0
2019-12;20191201;1;2;736;23377;91356;55144;3804;35009;8196;209426;0;0;0;0.0;0;0.0
2019-12;20191201;1;7;961;22359;83405;59321;838;12342;15332;179226;297;146;695;0.0;0;0.0
2019-12;20191201;1;31;867;17944;100868;97072;5269;0;1624;222020;499;252;988;0.0;0;0.0
2019-12;20191201;1;53;330;12935;38787;22783;1861;1946;10934;78642;0;0;0;0.0;0;0.0
2019-12;20191201;2;15;695;15786;87138;77428;4041;4465;0;189553;245;129;852;0.0;0;0.0
2019-12;20191201;2;5;525;17141;71956;45054;2230;6981;17043;143887;349;195;949;0.0;0;0.0
2019-12;20191201;2;35;122;3399;32145;27503;1299;1305;121;65773;160;67;487;0.0;0;0.0
2019-12;20191201;3;10;851;16212;71507;87725;6011;2090;67295;184396;850;610;2016;0.0;0;0.0
2019-12;20191201;3;3;759;14735;71815;56591;958;3873;580;148731;163;71;775;0.0;0;0.0
2019-12;20191201;3;32;428;18572;56748;84209;626;439;0;161022;0;0;0;0.0;0;0.0
2019-12;20191201;3;33;479;17666;75802;104322;1392;697;161;200358;0;0;0;0.0;0;0.0
2019-12;20191201;1;12;1140;24449;94355;40538;5092;2072;91961;167646;0;0;0;0.0;0;0.0
2019-12;20191201;1;29;101;5290;28681;27792;1137;672;0;63673;64;47;200;0.0;0;0.0
2019-12;20191201;1;64;464;17926;83925;61687;733;1750;635;166485;0;0;0;0.0;0;0.0
2019-12;20191201;5;13;1003;47682;156964;136600;5531;13174;1945;360954;461;295;1651;0.0;0;0.0
2019-12;20191201;2;8;135;3523;39781;11404;295;1889;13935;57027;117;76;403;0.0;0;0.0
2019-12;20191201;3;1;346;11321;57921;35199;1199;3897;49038;109883;0;0;0;0.0;0;0.0
2019-12;20191201;1;72;283;8313;63739;35206;963;3326;278;111830;0;0;0;0.0;0;0.0
2019-12;20191201;4;66;323;12588;58626;30448;1422;716;2033;104123;0;0;0;0.0;0;0.0
2019-12;20191201;2;20;672;19797;96507;49493;1824;7105;412;175398;276;128;746;0.0;0;0.0
2019-12;20191201;2;23;1258;29770;120350;49020;3825;1854;92962;206077;1024;611;2987;0.0;0;0.0
2019-12;20191201;2;38;310;8109;51973;33094;3280;3463;347;100229;0;0;0;0.0;0;0.0
2019-12;20191201;3;9;706;9434;70887;61931;3497;0;101202;146455;0;0;0;0.0;0;0.0
2019-12;20191201;3;22;505;18429;79746;74423;1673;7339;511;182115;169;106;608;0.0;0;0.0
2019-12;20191201;3;28;695;27510;81475;141332;4730;5366;1118;261108;384;249;1063;0.0;0;0.0
2019-12;20191201;3;27;760;15043;50431;86180;7257;1643;2407;161314;408;199;998;0.0;0;0.0
2019-11;20191101;4;69;92;4174;21396;15081;125;872;43636;41740;0;0;0;0.0;0;0.0
2019-11;20191101;2;15;630;14408;79419;69994;3713;4078;0;172242;248;129;852;0.0;0;0.0
2019-11;20191101;2;23;1165;27428;110873;45145;3531;1707;83818;189849;1028;616;2979;0.0;0;0.0
2019-11;20191101;3;16;233;7150;31904;41465;2866;1136;63371;84754;568;372;1447;0.0;0;0.0
2019-11;20191101;1;12;1050;22309;86424;37237;4676;1927;82363;153623;0;0;0;0.0;0;0.0
2019-11;20191101;1;21;272;11697;67308;38656;878;1942;43;120753;172;52;394;0.0;0;0.0
2019-11;20191101;1;7;857;20382;76048;53879;773;11327;13988;163266;298;146;692;0.0;0;0.0
2019-11;20191101;4;73;280;7908;34448;37017;1019;2444;0;83116;0;0;0;0.0;0;0.0
2019-11;20191101;3;22;454;16625;72377;66802;1507;6735;410;164500;170;107;608;0.0;0;0.0
2019-11;20191101;3;32;399;16488;51704;76753;583;403;0;146330;0;0;0;0.0;0;0.0
2019-11;20191101;1;64;422;16428;77044;56026;681;1599;615;152200;0;0;0;0.0;0;0.0
2019-11;20191101;2;8;117;3127;36159;9863;235;1621;13927;51122;118;78;403;0.0;0;0.0
2019-11;20191101;2;5;478;15716;65948;40979;2034;6362;15619;131517;349;196;950;0.0;0;0.0
2019-11;20191101;3;9;642;8530;64703;56984;3147;0;90193;134006;0;0;0;0.0;0;0.0
2019-11;20191101;3;3;698;13443;65090;51400;908;4023;0;135562;164;71;770;0.0;0;0.0
2019-11;20191101;1;72;260;7580;58082;32216;881;3045;260;102064;0;0;0;0.0;0;0.0
2019-11;20191101;5;13;930;43406;144263;125248;4987;12050;1907;330884;462;300;1628;0.0;0;0.0
2019-11;20191101;2;20;620;17799;88176;44759;1677;6439;357;159470;278;130;750;0.0;0;0.0
2019-11;20191101;3;1;318;10343;52783;32292;1127;3462;44114;100325;0;0;0;0.0;0;0.0
2019-11;20191101;3;17;296;9312;42743;29151;631;2857;48925;84990;261;145;779;0.0;0;0.0
2019-11;20191101;3;25;356;13807;53842;50046;522;1911;229;120484;179;103;602;0.0;0;0.0
2019-11;20191101;3;28;638;24765;74222;128371;4324;4870;1031;237190;388;249;1058;0.0;0;0.0
2019-11;20191101;3;27;685;13735;46094;79535;6810;1483;2223;148342;409;201;991;0.0;0;0.0
2019-11;20191101;1;14;709;14357;78257;19799;2244;2897;21995;118263;742;440;1469;0.0;0;0.0
2019-11;20191101;1;2;647;21428;83409;49743;3479;30628;7380;189334;0;0;0;0.0;0;0.0
2019-11;20191101;1;31;802;16197;91633;88748;4873;0;1441;202253;504;252;983;0.0;0;0.0
2019-11;20191101;4;66;299;11365;53550;27733;1318;648;1979;94913;0;0;0;0.0;0;0.0
2019-11;20191101;2;38;277;7449;47645;30160;2989;3205;321;91725;0;0;0;0.0;0;0.0
2019-11;20191101;2;35;115;3107;29382;24992;1209;1182;115;59987;161;67;485;0.0;0;0.0
2019-11;20191101;3;10;786;14833;65326;80522;5573;1892;60634;168932;860;612;2018;0.0;0;0.0
2019-11;20191101;3;33;432;15762;68954;95148;1266;643;157;182205;0;0;0;0.0;0;0.0
2019-11;20191101;1;30;193;9597;54849;53929;1172;7099;674;126839;0;0;0;0.0;0;0.0
2019-11;20191101;1;29;91;4821;25985;25035;1070;593;0;57595;65;47;200;0.0;0;0.0
2019-11;20191101;1;53;302;11813;35542;20779;1685;1793;10009;71914;0;0;0;0.0;0;0.0
2019-10;20191001;4;73;258;7232;31380;33612;942;2246;0;75670;0;0;0;0.0;0;0.0
2019-10;20191001;2;15;570;13027;71826;63389;3418;3758;0;155988;249;129;848;0.0;0;0.0
2019-10;20191001;3;1;280;9413;47794;29556;1031;3163;39552;91237;0;0;0;0.0;0;0.0
2019-10;20191001;3;33;404;14122;62521;86321;1134;564;145;165066;0;0;0;0.0;0;0.0
2019-10;20191001;2;8;97;2666;32295;8141;106;1386;13919;44691;117;78;401;0.0;0;0.0
2019-10;20191001;2;20;559;16005;80180;40588;1523;5815;311;144670;278;129;748;0.0;0;0.0
2019-10;20191001;2;5;433;14289;59998;36786;1847;5813;14254;119166;351;196;942;0.0;0;0.0
2019-10;20191001;3;25;331;12593;48857;45507;484;1782;219;109554;186;103;605;0.0;0;0.0
2019-10;20191001;1;12;958;20352;78877;34020;4250;1787;73849;140244;0;0;0;0.0;0;0.0
2019-10;20191001;1;30;175;8807;49704;48814;1093;6490;604;115083;0;0;0;0.0;0;0.0
2019-10;20191001;1;64;380;14994;70185;50590;627;1456;583;138232;0;0;0;0.0;0;0.0
2019-10;20191001;4;69;84;3838;19672;13866;115;802;40163;38377;0;0;0;0.0;0;0.0
2019-10;20191001;3;10;722;13444;59479;73563;5063;1692;54457;153963;866;614;1987;0.0;0;0.0
2019-10;20191001;3;3;644;12186;59049;46586;840;3692;0;122997;163;71;764;0.0;0;0.0
2019-10;20191001;3;32;366;14647;46938;69754;527;366;0;132598;0;0;0;0.0;0;0.0
2019-10;20191001;1;14;652;13092;71569;17865;2001;2551;20273;107730;743;441;1472;0.0;0;0.0
2019-10;20191001;2;38;238;6809;43472;27260;2661;2980;303;83420;0;0;0;0.0;0;0.0
2019-10;20191001;3;17;269;8474;38895;26527;574;2600;44520;77339;263;145;775;0.0;0;0.0
2019-10;20191001;3;28;579;22369;67619;116222;3895;4313;980;214997;386;250;1046;0.0;0;0.0
2019-10;20191001;1;2;587;19620;75919;45247;3108;27190;6820;171671;0;0;0;0.0;0;0.0
2019-10;20191001;1;31;713;14805;83177;80561;4455;0;1270;183711;503;252;863;0.0;0;0.0
2019-10;20191001;1;72;241;6938;52596;29354;816;2757;236;92702;0;0;0;0.0;0;0.0
2019-10;20191001;4;66;270;10271;48803;25332;1216;581;1939;86473;0;0;0;0.0;0;0.0
2019-10;20191001;5;13;857;39682;132557;115077;4446;10977;1904;303596;463;303;1603;0.0;0;0.0
2019-10;20191001;2;23;1097;25544;99924;41809;3293;1545;75470;173212;1030;618;2963;0.0;0;0.0
2019-10;20191001;2;35;99;2838;26611;22406;1103;1085;104;54142;161;67;480;0.0;0;0.0
2019-10;20191001;3;9;579;7788;58614;52355;2873;0;80742;122209;0;0;0;0.0;0;0.0
2019-10;20191001;3;16;211;6585;29077;37412;2659;1043;57363;76987;566;374;1444;0.0;0;0.0
2019-10;20191001;3;22;408;15154;65990;60148;1360;6126;364;149186;174;108;610;0.0;0;0.0
2019-10;20191001;3;27;617;12628;42116;73416;6267;1337;2088;136381;407;201;980;0.0;0;0.0
2019-10;20191001;1;21;256;10677;61144;35178;815;1752;7;109822;171;52;392;0.0;0;0.0
2019-10;20191001;1;7;769;18456;68734;48752;707;10342;12713;147760;296;146;690;0.0;0;0.0
2019-10;20191001;1;29;82;4403;23534;22805;989;529;0;52342;65;47;200;0.0;0;0.0
2019-10;20191001;1;53;283;10805;32459;18961;1499;1655;9138;65662;0;0;0;0.0;0;0.0
2019-09;20190901;3;10;655;12050;52965;65904;4491;1481;48213;137546;871;615;1990;0.0;0;0.0
2019-09;20190901;3;32;328;12906;41849;62069;469;320;0;117941;0;0;0;0.0;0;0.0
2019-09;20190901;1;12;848;18242;70554;30716;3804;1612;65357;125776;0;0;0;0.0;0;0.0
2019-09;20190901;1;14;588;11771;64322;15817;1787;2237;18200;96522;743;442;1471;0.0;0;0.0
2019-09;20190901;1;30;161;7961;44518;43507;1017;5794;555;102958;0;0;0;0.0;0;0.0
2019-09;20190901;1;31;627;13347;74608;71963;3909;0;1160;164454;503;252;989;0.0;0;0.0
2019-09;20190901;3;1;250;8446;42683;26382;927;2836;34683;81524;0;0;0;0.0;0;0.0
2019-09;20190901;3;25;299;11275;43639;40671;451;1607;202;97942;185;104;595;0.0;0;0.0
2019-09;20190901;1;21;232;9592;54354;31681;747;1595;7;98201;171;52;380;0.0;0;0.0
2019-09;20190901;1;2;526;17688;68289;40314;2669;23943;6061;153429;0;0;0;0.0;0;0.0
2019-09;20190901;1;29;73;3947;21061;20371;886;487;0;46825;64;48;199;0.0;0;0.0
2019-09;20190901;4;69;77;2912;17294;13461;122;649;36206;34515;0;0;0;0.0;0;0.0
2019-09;20190901;4;73;228;6509;28079;30067;848;2024;0;67755;0;0;0;0.0;0;0.0
2019-09;20190901;2;8;90;2357;28849;7234;56;1236;12810;39822;117;79;403;0.0;0;0.0
2019-09;20190901;2;23;981;22855;89408;37408;2946;1383;67085;154981;1032;624;2932;0.0;0;0.0
2019-09;20190901;2;5;404;12878;53686;32751;1638;5236;12828;106593;351;196;937;0.0;0;0.0
2019-09;20190901;2;38;214;6105;38990;24391;2382;2749;275;74831;0;0;0;0.0;0;0.0
2019-09;20190901;3;16;188;5952;26181;33110;2361;939;50884;68731;565;376;1436;0.0;0;0.0
2019-09;20190901;3;17;243;7631;34843;23896;520;2346;39433;69479;265;147;773;0.0;0;0.0
2019-09;20190901;3;27;554;11394;37685;66024;5550;1186;1947;122393;404;203;984;0.0;0;0.0
2019-09;20190901;4;66;245;9203;43674;22646;1101;515;1709;77384;0;0;0;0.0;0;0.0
2019-09;20190901;2;35;93;2534;23632;20113;1018;972;95;48362;159;67;472;0.0;0;0.0
2019-09;20190901;3;28;511;19963;60518;102990;3396;3823;893;191201;389;251;1031;0.0;0;0.0
2019-09;20190901;1;7;676;16631;61466;43621;638;9365;11435;132397;294;149;691;0.0;0;0.0
2019-09;20190901;5;13;765;35755;119308;103512;3925;9837;1476;273102;466;304;1584;0.0;0;0.0
2019-09;20190901;2;15;520;11653;63940;56537;3048;3444;0;139142;250;131;837;0.0;0;0.0
2019-09;20190901;2;20;499;14375;71335;36077;1394;5177;286;128857;278;132;747;0.0;0;0.0
2019-09;20190901;3;9;519;7015;52180;46905;2543;0;71290;109162;0;0;0;0.0;0;0.0
2019-09;20190901;3;22;370;13668;59131;53060;1201;5372;307;132802;173;110;611;0.0;0;0.0
2019-09;20190901;3;3;567;10852;52705;41650;766;3366;0;109906;165;71;768;0.0;0;0.0
2019-09;20190901;3;33;363;12505;55412;76919;1020;495;134;146714;0;0;0;0.0;0;0.0
2019-09;20190901;1;53;257;9712;29029;16961;1301;1504;8196;58764;0;0;0;0.0;0;0.0
2019-09;20190901;1;64;346;13581;63141;45144;562;1310;547;124084;0;0;0;0.0;0;0.0
2019-09;20190901;1;72;213;6299;47200;26196;732;2538;223;83178;0;0;0;0.0;0;0.0
2019-08;20190801;5;13;693;31758;105622;91776;3375;8692;1284;241916;457;310;1595;0.0;0;0.0
2019-08;20190801;2;20;443;12838;63341;32109;1226;4537;266;114494;269;135;734;0.0;0;0.0
2019-08;20190801;3;1;220;7495;37682;23419;830;2520;30885;72166;0;0;0;0.0;0;0.0
2019-08;20190801;3;9;466;6308;46085;41830;2278;0;63866;96967;0;0;0;0.0;0;0.0
2019-08;20190801;3;17;217;6847;30872;21078;464;2070;35216;61548;259;151;771;0.0;0;0.0
2019-08;20190801;1;14;531;10559;57062;14055;1574;1941;16114;85722;728;457;1468;0.0;0;0.0
2019-08;20190801;1;7;611;14836;54791;39063;562;8436;10145;118299;281;150;690;0.0;0;0.0
2019-08;20190801;1;29;63;3540;18775;18229;792;428;0;41827;62;48;195;0.0;0;0.0
2019-08;20190801;4;69;68;3073;15750;11101;92;642;32336;30726;0;0;0;0.0;0;0.0
2019-08;20190801;2;8;83;2108;25631;6565;52;1089;11684;35528;117;81;401;0.0;0;0.0
2019-08;20190801;3;28;452;17922;53624;91213;3045;3381;839;169637;382;261;1030;0.0;0;0.0
2019-08;20190801;1;30;149;7230;39609;38659;897;5106;505;91650;0;0;0;0.0;0;0.0
2019-08;20190801;1;53;227;8733;25741;14876;1107;1371;7274;52055;0;0;0;0.0;0;0.0
2019-08;20190801;2;15;465;10323;56770;50140;2731;3112;0;123541;235;139;833;0.0;0;0.0
2019-08;20190801;2;38;194;5535;34729;21976;2114;2548;247;67096;0;0;0;0.0;0;0.0
2019-08;20190801;3;22;328;12281;52623;47048;1070;4785;268;118135;166;115;611;0.0;0;0.0
2019-08;20190801;3;32;295;11313;37071;55031;397;255;0;104362;0;0;0;0.0;0;0.0
2019-08;20190801;3;27;496;10223;33397;58299;4847;1074;1814;108336;402;204;979;0.0;0;0.0
2019-08;20190801;1;21;213;8629;48788;28084;677;1434;7;87825;167;56;391;0.0;0;0.0
2019-08;20190801;1;2;470;15784;60616;35644;2262;21468;5404;136244;0;0;0;0.0;0;0.0
2019-08;20190801;1;72;192;5673;42635;23502;625;2270;207;74897;0;0;0;0.0;0;0.0
2019-08;20190801;2;5;352;11523;47830;29242;1461;4669;11304;95077;340;208;935;0.0;0;0.0
2019-08;20190801;2;35;87;2265;20960;18037;897;865;81;43111;159;68;470;0.0;0;0.0
2019-08;20190801;3;16;173;5375;23233;29241;2054;835;45382;60911;564;385;1393;0.0;0;0.0
2019-08;20190801;3;10;589;10783;47017;58397;3986;1296;42888;122068;871;623;1969;0.0;0;0.0
2019-08;20190801;3;33;325;11162;49164;68710;890;428;84;130679;0;0;0;0.0;0;0.0
2019-08;20190801;3;25;269;10065;38664;36313;410;1430;188;87151;177;109;597;0.0;0;0.0
2019-08;20190801;1;12;744;16243;62683;27026;3321;1396;58187;111413;0;0;0;0.0;0;0.0
2019-08;20190801;1;64;314;12354;56420;39804;455;1133;429;110480;0;0;0;0.0;0;0.0
2019-08;20190801;4;66;228;8165;38820;20521;992;462;1515;69188;0;0;0;0.0;0;0.0
2019-08;20190801;4;73;204;5858;25046;26766;737;1804;0;60415;0;0;0;0.0;0;0.0
2019-08;20190801;2;23;887;20429;79279;33349;2601;1154;59974;137699;1030;635;2909;0.0;0;0.0
2019-08;20190801;3;3;513;9762;47226;37228;692;2744;0;98165;160;75;766;0.0;0;0.0
2019-08;20190801;1;31;570;11923;66790;64012;3468;0;1049;146763;0;0;0;0.0;0;0.0
2019-07;20190701;4;73;186;5215;21766;23555;642;1581;0;52945;0;0;0;0.0;0;0.0
2019-07;20190701;3;1;204;6558;32646;20615;714;2236;27756;62973;0;0;0;0.0;0;0.0
2019-07;20190701;3;3;454;8593;41326;32493;604;2400;0;85870;157;76;758;0.0;0;0.0
2019-07;20190701;3;25;240;8925;33856;32055;365;1259;171;76700;176;111;590;0.0;0;0.0
2019-07;20190701;1;14;478;9349;49648;11988;1383;1692;13753;74538;718;474;1467;0.0;0;0.0
2019-07;20190701;1;7;536;13012;48044;34514;489;7377;8719;103972;279;155;668;0.0;0;0.0
2019-07;20190701;5;13;598;27101;89063;79136;2894;7544;1047;206336;455;316;1593;0.0;0;0.0
2019-07;20190701;2;8;72;1835;22122;5881;49;957;10486;30916;111;87;401;0.0;0;0.0
2019-07;20190701;2;5;307;10179;41481;25640;1233;4063;9675;82903;338;209;916;0.0;0;0.0
2019-07;20190701;3;33;291;9992;43467;60856;764;357;73;115727;0;0;0;0.0;0;0.0
2019-07;20190701;3;27;420;9046;29341;50542;4238;943;1669;94530;392;214;970;0.0;0;0.0
2019-07;20190701;1;64;281;10893;48853;33653;386;963;394;95029;0;0;0;0.0;0;0.0
2019-07;20190701;1;72;174;4861;36727;20182;558;1974;188;64476;0;0;0;0.0;0;0.0
2019-07;20190701;2;15;406;9031;49223;43613;2381;2710;0;107364;232;142;829;0.0;0;0.0
2019-07;20190701;2;20;387;11341;55431;28210;1033;3934;233;100336;268;137;723;0.0;0;0.0
2019-07;20190701;2;23;780;18024;69010;29050;2257;929;53358;120050;1016;666;2908;0.0;0;0.0
2019-07;20190701;2;38;176;4849;29889;19308;1812;2293;222;58327;0;0;0;0.0;0;0.0
2019-07;20190701;2;35;78;1974;18213;15847;786;753;72;37651;157;69;467;0.0;0;0.0
2019-07;20190701;1;21;192;7710;43342;24764;589;1253;6;77850;169;57;392;0.0;0;0.0
2019-07;20190701;1;2;411;13875;52837;31194;1867;19333;4594;119517;0;0;0;0.0;0;0.0
2019-07;20190701;1;53;209;7769;22625;12791;909;1199;6299;45502;0;0;0;0.0;0;0.0
2019-07;20190701;4;66;205;7172;34211;18554;893;401;886;61436;0;0;0;0.0;0;0.0
2019-07;20190701;1;31;489;10550;58289;56056;3007;0;838;128391;0;0;0;0.0;0;0.0
2019-07;20190701;4;69;58;2628;13471;9495;79;549;27831;26280;0;0;0;0.0;0;0.0
2019-07;20190701;3;9;414;5596;40226;36477;1977;0;57558;84690;0;0;0;0.0;0;0.0
2019-07;20190701;3;16;152;4835;20343;25546;1804;726;40633;53406;546;410;1389;0.0;0;0.0
2019-07;20190701;3;17;199;6070;26736;18241;407;1801;31439;53454;254;155;771;0.0;0;0.0
2019-07;20190701;3;22;289;10831;45752;41035;926;4083;218;102916;163;117;604;0.0;0;0.0
2019-07;20190701;3;10;508;9679;41304;50569;3479;1113;38329;106652;863;641;1963;0.0;0;0.0
2019-07;20190701;3;32;259;10103;32790;48591;338;185;0;92266;0;0;0;0.0;0;0.0
2019-07;20190701;3;28;395;16017;47385;80680;2634;2767;413;149878;375;271;1013;0.0;0;0.0
2019-07;20190701;1;12;661;14247;54786;23213;2787;1219;52200;96913;0;0;0;0.0;0;0.0
2019-07;20190701;1;30;130;6484;34766;34206;785;4447;464;80818;0;0;0;0.0;0;0.0
2019-07;20190701;1;29;56;3160;16468;16098;687;374;0;36843;63;48;191;0.0;0;0.0
2019-06;20190601;4;73;164;4521;18595;20097;552;1357;0;45286;0;0;0;0.0;0;0.0
2019-06;20190601;3;10;426;8340;35519;42960;2926;948;32971;91119;839;672;1962;0.0;0;0.0
2019-06;20190601;3;32;227;8891;28084;41803;285;141;0;79431;0;0;0;0.0;0;0.0
2019-06;20190601;1;12;556;12206;46515;19605;2337;1047;45689;82266;0;0;0;0.0;0;0.0
2019-06;20190601;1;21;159;6613;37231;21269;497;1058;6;66827;170;57;393;0.0;0;0.0
2019-06;20190601;1;31;413;8999;49940;47727;2513;0;678;109592;0;0;0;0.0;0;0.0
2019-06;20190601;1;72;145;4143;31336;17439;492;1646;143;55201;0;0;0;0.0;0;0.0
2019-06;20190601;5;13;522;23047;74633;67050;2237;6339;898;173828;454;323;1589;0.0;0;0.0
2019-06;20190601;2;20;324;9737;47025;24174;881;3348;200;85489;268;139;724;0.0;0;0.0
2019-06;20190601;3;16;170;4520;16252;19859;1313;620;37972;42734;547;418;1390;0.0;0;0.0
2019-06;20190601;3;17;180;5291;22703;15387;367;1495;27478;45423;255;156;771;0.0;0;0.0
2019-06;20190601;3;22;249;9418;39249;35348;784;3319;177;88367;165;120;594;0.0;0;0.0
2019-06;20190601;1;7;472;11268;40982;29417;382;6290;7177;88811;277;159;669;0.0;0;0.0
2019-06;20190601;1;53;182;6861;19308;10679;743;1050;5364;38823;0;0;0;0.0;0;0.0
2019-06;20190601;1;64;238;9252;41466;28503;327;819;335;80605;0;0;0;0.0;0;0.0
2019-06;20190601;4;66;180;6162;29476;16133;759;332;824;53042;0;0;0;0.0;0;0.0
2019-06;20190601;2;5;257;8790;35287;21667;980;3438;8442;70419;340;211;915;0.0;0;0.0
2019-06;20190601;1;30;110;5716;29543;29181;677;3815;398;69042;0;0;0;0.0;0;0.0
2019-06;20190601;2;15;338;7681;42016;37267;1979;2262;0;91543;234;144;826;0.0;0;0.0
2019-06;20190601;2;38;150;4231;25444;16541;1525;2037;195;49928;0;0;0;0.0;0;0.0
2019-06;20190601;1;2;369;11917;44804;26489;1568;16988;3940;102135;0;0;0;0.0;0;0.0
2019-06;20190601;1;29;43;2735;14223;13727;578;336;0;31642;64;48;190;0.0;0;0.0
2019-06;20190601;4;69;49;2236;11461;8078;67;467;23625;22358;0;0;0;0.0;0;0.0
2019-06;20190601;2;8;65;1548;18734;5060;47;779;9173;26233;111;87;404;0.0;0;0.0
2019-06;20190601;2;23;663;15475;58723;24878;1857;747;46394;102343;1020;686;2912;0.0;0;0.0
2019-06;20190601;2;35;65;1658;15608;13680;659;662;65;32332;156;71;468;0.0;0;0.0
2019-06;20190601;3;1;176;5586;27888;17687;595;1943;24216;53875;0;0;0;0.0;0;0.0
2019-06;20190601;3;9;360;4786;34221;31087;1758;0;50084;72212;0;0;0;0.0;0;0.0
2019-06;20190601;3;3;390;7475;35564;27803;485;2047;0;73764;159;79;759;0.0;0;0.0
2019-06;20190601;3;33;264;8659;37280;52526;634;301;66;99664;0;0;0;0.0;0;0.0
2019-06;20190601;3;25;199;7754;28958;27664;324;1079;170;65978;177;113;594;0.0;0;0.0
2019-06;20190601;3;28;347;14028;40603;69434;2186;2344;343;128942;379;275;1008;0.0;0;0.0
2019-06;20190601;3;27;362;7773;25125;43077;3636;826;1293;80799;392;216;964;0.0;0;0.0
2019-06;20190601;1;14;436;8056;42001;10077;1200;1443;11559;63213;719;482;1474;0.0;0;0.0
2019-05;20190501;5;13;442;19248;61701;56461;1608;5187;778;144647;455;324;1570;0.0;0;0.0
2019-05;20190501;2;8;57;1310;15695;4258;42;661;7904;22023;112;90;398;0.0;0;0.0
2019-05;20190501;3;1;163;4665;23360;14863;503;1646;20648;45200;0;0;0;0.0;0;0.0
2019-05;20190501;3;22;212;8042;32938;29767;671;2774;150;74404;168;121;591;0.0;0;0.0
2019-05;20190501;3;3;349;6427;29816;23231;423;1647;0;61893;159;79;752;0.0;0;0.0
2019-05;20190501;1;64;199;7885;35040;23920;268;691;192;68003;0;0;0;0.0;0;0.0
2019-05;20190501;2;5;221;7506;29586;18220;836;2833;6804;59202;345;214;915;0.0;0;0.0
2019-05;20190501;3;9;296;4070;28611;25604;1515;0;42522;60096;0;0;0;0.0;0;0.0
2019-05;20190501;1;2;314;10112;37654;21799;1227;14534;3272;85640;0;0;0;0.0;0;0.0
2019-05;20190501;1;7;419;9520;34325;24790;319;5237;5875;74610;282;163;663;0.0;0;0.0
2019-05;20190501;4;66;160;5220;24887;13851;644;288;788;45050;0;0;0;0.0;0;0.0
2019-05;20190501;4;73;134;3856;15553;17046;476;1144;0;38209;0;0;0;0.0;0;0.0
2019-05;20190501;3;32;194;7598;23429;35218;234;116;0;66789;0;0;0;0.0;0;0.0
2019-05;20190501;3;33;225;7392;31159;44233;505;252;54;83766;0;0;0;0.0;0;0.0
2019-05;20190501;3;25;179;6571;24317;23248;266;927;162;55508;177;118;600;0.0;0;0.0
2019-05;20190501;3;28;298;12014;34058;57836;1826;1964;305;107996;380;277;1011;0.0;0;0.0
2019-05;20190501;1;53;161;5820;16123;8859;573;917;4449;32453;0;0;0;0.0;0;0.0
2019-05;20190501;4;69;55;1668;9363;7274;81;359;19716;18800;0;0;0;0.0;0;0.0
2019-05;20190501;2;15;297;6522;35139;31239;1606;1915;0;76718;238;148;826;0.0;0;0.0
2019-05;20190501;2;23;564;12976;48774;20753;1529;580;39510;85176;1025;694;2917;0.0;0;0.0
2019-05;20190501;3;27;307;6603;21157;36090;2959;715;1047;67831;392;219;967;0.0;0;0.0
2019-05;20190501;1;14;372;6819;34971;8309;1029;1230;9413;52730;722;486;1469;0.0;0;0.0
2019-05;20190501;1;31;355;7638;41610;40075;2062;0;550;91740;0;0;0;0.0;0;0.0
2019-05;20190501;2;20;273;8181;39068;20603;741;2830;177;71696;269;140;723;0.0;0;0.0
2019-05;20190501;2;38;135;3581;21242;14024;1273;1723;171;41978;0;0;0;0.0;0;0.0
2019-05;20190501;2;35;54;1408;12966;11550;553;557;56;27088;159;71;468;0.0;0;0.0
2019-05;20190501;3;16;143;3805;13681;16717;1105;522;31965;35973;552;421;1373;0.0;0;0.0
2019-05;20190501;3;17;158;4447;18882;12818;276;1248;23207;37829;255;157;768;0.0;0;0.0
2019-05;20190501;3;10;346;7041;29549;35586;2485;769;27723;75776;843;677;1959;0.0;0;0.0
2019-05;20190501;1;12;461;10307;38926;15932;1899;824;38686;68349;0;0;0;0.0;0;0.0
2019-05;20190501;1;21;141;5610;31302;17953;398;889;5;56293;170;57;389;0.0;0;0.0
2019-05;20190501;1;30;96;5014;24702;24455;574;3150;353;57991;0;0;0;0.0;0;0.0
2019-05;20190501;1;29;35;2362;11940;11521;458;280;0;26596;64;48;190;0.0;0;0.0
2019-05;20190501;1;72;126;3508;26538;14703;415;1340;126;46630;0;0;0;0.0;0;0.0
2019-04;20190401;4;73;112;3081;12206;13679;386;914;0;30378;0;0;0;0.0;0;0.0
2019-04;20190401;3;10;277;5684;23158;27928;1905;603;21936;59555;845;690;1939;0.0;0;0.0
2019-04;20190401;1;14;316;5424;27366;6599;841;958;7522;41504;724;488;1454;0.0;0;0.0
2019-04;20190401;1;7;357;7600;27061;19948;238;4144;4637;59348;282;164;662;0.0;0;0.0
2019-04;20190401;1;72;106;2788;21418;11724;322;1085;100;37443;0;0;0;0.0;0;0.0
2019-04;20190401;4;66;137;4146;19738;11187;509;229;758;35946;0;0;0;0.0;0;0.0
2019-04;20190401;2;8;48;1041;12373;3459;36;548;6332;17505;113;92;396;0.0;0;0.0
2019-04;20190401;3;25;155;5388;19603;18872;208;788;166;45014;179;120;601;0.0;0;0.0
2019-04;20190401;1;31;291;6046;33036;31557;1603;0;458;72533;0;0;0;0.0;0;0.0
2019-04;20190401;1;64;161;6417;27891;19193;220;551;173;54433;0;0;0;0.0;0;0.0
2019-04;20190401;5;13;344;15145;48828;45073;986;4132;604;114508;457;329;1569;0.0;0;0.0
2019-04;20190401;2;5;180;5998;23215;14492;627;2228;5390;46740;346;216;908;0.0;0;0.0
2019-04;20190401;3;22;180;6534;26306;23682;546;2194;122;59442;168;122;591;0.0;0;0.0
2019-04;20190401;3;3;285;5096;23538;18515;337;1336;0;49107;158;79;748;0.0;0;0.0
2019-04;20190401;3;32;163;6156;18396;28031;176;90;0;53012;0;0;0;0.0;0;0.0
2019-04;20190401;1;29;29;1988;9733;9039;355;226;0;21370;64;48;190;0.0;0;0.0
2019-04;20190401;4;69;33;1495;7664;5403;45;313;15896;14953;0;0;0;0.0;0;0.0
2019-04;20190401;2;15;237;5276;27820;24448;1269;1481;0;60531;241;151;824;0.0;0;0.0
2019-04;20190401;2;20;224;6609;30763;16634;605;2280;145;57115;269;143;722;0.0;0;0.0
2019-04;20190401;2;23;437;10202;38456;16404;1198;459;31533;67156;1025;711;2907;0.0;0;0.0
2019-04;20190401;2;38;103;2428;14390;9591;839;1176;127;28527;0;0;0;0.0;0;0.0
2019-04;20190401;2;35;44;1116;10283;9073;424;427;44;21367;160;72;468;0.0;0;0.0
2019-04;20190401;3;33;175;5962;24524;35306;401;195;44;66563;0;0;0;0.0;0;0.0
2019-04;20190401;3;27;255;5370;16741;28576;2341;591;722;53874;394;219;964;0.0;0;0.0
2019-04;20190401;1;30;75;4201;19617;19435;415;2491;312;46234;0;0;0;0.0;0;0.0
2019-04;20190401;3;1;136;3686;18458;11700;384;1296;16295;35660;0;0;0;0.0;0;0.0
2019-04;20190401;3;9;242;3251;22683;20028;1234;0;33916;47438;0;0;0;0.0;0;0.0
2019-04;20190401;3;16;114;3021;10861;13272;877;414;25379;28559;556;428;1361;0.0;0;0.0
2019-04;20190401;3;17;121;3566;15050;10021;211;989;18377;29958;256;160;757;0.0;0;0.0
2019-04;20190401;3;28;241;9749;27098;45899;1417;1516;259;85920;384;278;1009;0.0;0;0.0
2019-04;20190401;1;12;364;8158;30726;12140;1439;634;30734;53461;0;0;0;0.0;0;0.0
2019-04;20190401;1;21;114;4487;24898;14281;324;707;5;44811;170;61;393;0.0;0;0.0
2019-04;20190401;1;2;262;7999;29925;17248;939;11811;2610;68184;0;0;0;0.0;0;0.0
2019-04;20190401;1;53;142;4753;12795;6822;415;710;3537;25637;0;0;0;0.0;0;0.0
2019-03;20190301;2;20;183;4985;23348;12901;436;1635;106;43488;270;144;713;0.0;0;0.0
2019-03;20190301;2;23;334;7794;29078;12216;874;340;24467;50636;1026;719;2891;0.0;0;0.0
2019-03;20190301;2;35;34;853;7778;6963;323;309;34;16260;160;72;471;0.0;0;0.0
2019-03;20190301;3;1;102;2791;14007;9047;264;940;12603;27151;0;0;0;0.0;0;0.0
2019-03;20190301;3;16;87;2303;8281;10119;669;316;19350;21775;553;435;1362;0.0;0;0.0
2019-03;20190301;3;17;94;2704;11300;7401;150;759;14355;22408;256;164;754;0.0;0;0.0
2019-03;20190301;3;25;124;4149;14661;14286;152;603;100;33975;178;120;601;0.0;0;0.0
2019-03;20190301;1;31;212;4586;25157;23994;1222;0;394;55171;0;0;0;0.0;0;0.0
2019-03;20190301;1;29;23;1556;7385;6948;278;176;0;16366;63;50;188;0.0;0;0.0
2019-03;20190301;1;64;125;4876;21433;14831;158;432;113;41855;0;0;0;0.0;0;0.0
2019-03;20190301;1;72;83;2152;16596;9102;240;806;78;28979;0;0;0;0.0;0;0.0
2019-03;20190301;4;66;99;3193;15200;8888;386;199;686;27965;0;0;0;0.0;0;0.0
2019-03;20190301;4;69;25;1139;5840;4116;34;238;12341;11392;0;0;0;0.0;0;0.0
2019-03;20190301;3;10;217;4363;17530;20943;1348;421;16777;44822;849;699;1932;0.0;0;0.0
2019-03;20190301;3;32;134;4784;13764;21482;124;65;0;40353;0;0;0;0.0;0;0.0
2019-03;20190301;1;21;89;3517;19123;10956;246;523;4;34454;169;64;389;0.0;0;0.0
2019-03;20190301;1;14;250;4163;20578;4894;608;748;5595;31241;724;490;1452;0.0;0;0.0
2019-03;20190301;1;2;204;6081;22937;13232;694;9337;2021;52485;0;0;0;0.0;0;0.0
2019-03;20190301;4;73;93;2350;9326;10656;299;677;0;23401;0;0;0;0.0;0;0.0
2019-03;20190301;3;9;185;2491;17271;14641;942;0;26426;35530;0;0;0;0.0;0;0.0
2019-03;20190301;3;22;144;5024;20395;18309;423;1649;102;45944;166;130;589;0.0;0;0.0
2019-03;20190301;3;27;207;4109;12735;21694;1694;451;588;40890;394;223;957;0.0;0;0.0
2019-03;20190301;1;7;295;5860;20494;15626;178;3109;3440;45562;280;164;656;0.0;0;0.0
2019-03;20190301;5;13;267;11566;36864;34168;760;3072;486;86697;457;331;1568;0.0;0;0.0
2019-03;20190301;2;8;36;796;9283;2691;24;411;5074;13241;112;92;390;0.0;0;0.0
2019-03;20190301;2;15;187;4053;21189;18689;966;1097;0;46181;243;154;823;0.0;0;0.0
2019-03;20190301;3;3;220;3921;17972;14254;247;1065;0;37679;159;81;745;0.0;0;0.0
2019-03;20190301;2;5;131;4560;17554;11062;466;1594;3997;35367;342;220;900;0.0;0;0.0
2019-03;20190301;2;38;94;2191;12919;8656;765;1011;110;25636;0;0;0;0.0;0;0.0
2019-03;20190301;3;33;144;4640;18691;26917;290;140;29;50822;0;0;0;0.0;0;0.0
2019-03;20190301;3;28;168;7521;20590;35021;1077;1139;207;65516;387;284;1004;0.0;0;0.0
2019-03;20190301;1;12;282;6191;23005;8875;1024;487;24164;39864;0;0;0;0.0;0;0.0
2019-03;20190301;1;30;51;3392;14973;15011;331;1836;264;35594;0;0;0;0.0;0;0.0
2019-03;20190301;1;53;113;3610;9481;5253;300;514;2683;19271;0;0;0;0.0;0;0.0
2019-02;20190201;4;66;71;2180;10732;6436;259;153;139;19831;0;0;0;0.0;0;0.0
2019-02;20190201;2;23;221;5208;19107;7998;541;212;16941;33287;1025;727;2894;0.0;0;0.0
2019-02;20190201;2;5;89;3126;11887;7473;296;986;2602;23857;343;221;902;0.0;0;0.0
2019-02;20190201;3;17;65;1713;7361;4863;105;503;9683;14610;254;165;755;0.0;0;0.0
2019-02;20190201;3;10;145;2976;11706;13695;880;268;11291;29670;850;705;1940;0.0;0;0.0
2019-02;20190201;3;33;94;3210;12427;18014;168;91;18;34004;0;0;0;0.0;0;0.0
2019-02;20190201;3;27;151;2779;8545;14533;1053;291;416;27352;396;226;963;0.0;0;0.0
2019-02;20190201;1;14;166;2816;13450;3098;371;530;3629;20431;721;498;1452;0.0;0;0.0
2019-02;20190201;1;29;13;1080;4906;4700;173;113;0;10985;63;51;187;0.0;0;0.0
2019-02;20190201;1;53;87;2506;6089;3527;182;354;1797;12745;0;0;0;0.0;0;0.0
2019-02;20190201;4;69;17;767;3934;2772;23;160;8656;7673;0;0;0;0.0;0;0.0
2019-02;20190201;1;21;66;2413;12910;7567;166;343;2;23465;169;65;390;0.0;0;0.0
2019-02;20190201;1;64;81;3179;14367;10226;110;284;58;28247;0;0;0;0.0;0;0.0
2019-02;20190201;2;15;127;2767;14272;12701;669;706;0;31242;241;152;823;0.0;0;0.0
2019-02;20190201;2;38;60;1480;8637;6002;526;684;75;17389;0;0;0;0.0;0;0.0
2019-02;20190201;3;16;58;1539;5533;6761;447;211;12928;14549;555;438;1363;0.0;0;0.0
2019-02;20190201;3;22;107;3420;13844;12573;287;1117;74;31348;167;131;585;0.0;0;0.0
2019-02;20190201;3;32;95;3331;9074;14199;83;48;0;26830;0;0;0;0.0;0;0.0
2019-02;20190201;1;7;204;3928;13544;10665;118;2068;2260;30527;280;167;657;0.0;0;0.0
2019-02;20190201;4;73;51;1589;6277;7316;193;436;0;15862;0;0;0;0.0;0;0.0
2019-02;20190201;5;13;183;7727;24625;22580;519;2022;338;57656;458;334;1565;0.0;0;0.0
2019-02;20190201;2;35;23;598;5207;4639;211;210;21;10888;160;73;471;0.0;0;0.0
2019-02;20190201;3;1;60;1920;9180;6122;176;641;8560;18099;0;0;0;0.0;0;0.0
2019-02;20190201;3;9;130;1669;11280;9422;643;0;17742;23144;0;0;0;0.0;0;0.0
2019-02;20190201;1;31;149;3139;17069;15806;789;0;299;36952;0;0;0;0.0;0;0.0
2019-02;20190201;2;8;27;563;6024;1863;16;274;3450;8767;109;93;390;0.0;0;0.0
2019-02;20190201;2;20;135;3382;15810;9007;289;1085;81;29708;269;146;719;0.0;0;0.0
2019-02;20190201;3;3;161;2632;12006;9702;149;761;0;25411;156;81;746;0.0;0;0.0
2019-02;20190201;3;25;84;2842;9769;9642;104;402;58;22843;178;123;602;0.0;0;0.0
2019-02;20190201;3;28;115;5135;13819;23302;703;771;156;43845;391;285;1004;0.0;0;0.0
2019-02;20190201;1;12;201;4140;15217;5565;668;289;16470;26080;0;0;0;0.0;0;0.0
2019-02;20190201;1;2;135;4158;15340;8784;441;6416;1380;35274;0;0;0;0.0;0;0.0
2019-02;20190201;1;30;41;2353;10099;10211;220;1205;204;24129;0;0;0;0.0;0;0.0
2019-02;20190201;1;72;54;1469;11298;6259;168;549;56;19797;0;0;0;0.0;0;0.0
2019-01;20190101;4;69;10;377;2015;1392;14;89;4595;3897;0;0;0;0.0;0;0.0
2019-01;20190101;2;23;120;2764;9742;4167;288;113;9439;17194;1027;738;2875;0.0;0;0.0
2019-01;20190101;2;5;52;1697;6606;4046;159;532;1407;13092;342;223;896;0.0;0;0.0
2019-01;20190101;2;35;11;304;2673;2377;108;99;13;5572;159;74;471;0.0;0;0.0
2019-01;20190101;3;9;69;970;5976;4791;321;0;9480;12127;0;0;0;0.0;0;0.0
2019-01;20190101;3;16;31;823;2959;3616;239;113;6915;7781;559;439;1354;0.0;0;0.0
2019-01;20190101;3;28;60;2842;7513;12080;391;379;99;23265;388;288;982;0.0;0;0.0
2019-01;20190101;1;21;32;1219;6381;3879;90;176;2;11777;169;65;380;0.0;0;0.0
2019-01;20190101;1;7;113;2049;6955;5323;66;1063;1174;15569;279;168;653;0.0;0;0.0
2019-01;20190101;1;53;43;1315;3100;1856;100;210;967;6624;0;0;0;0.0;0;0.0
2019-01;20190101;2;15;71;1533;7595;6884;374;403;0;16860;245;157;818;0.0;0;0.0
2019-01;20190101;3;33;60;1736;6489;9377;108;38;14;17808;0;0;0;0.0;0;0.0
2019-01;20190101;3;25;47;1584;5173;5007;65;232;41;12108;180;124;585;0.0;0;0.0
2019-01;20190101;1;14;90;1436;6961;1469;197;279;1962;10432;725;500;1440;0.0;0;0.0
2019-01;20190101;1;31;80;1647;8507;7872;418;0;121;18524;0;0;0;0.0;0;0.0
2019-01;20190101;2;8;17;290;3098;976;9;141;1893;4531;110;93;386;0.0;0;0.0
2019-01;20190101;2;20;75;1865;8462;4883;144;603;41;16032;267;148;721;0.0;0;0.0
2019-01;20190101;3;17;34;900;3786;2497;57;279;5204;7553;254;167;745;0.0;0;0.0
2019-01;20190101;3;10;83;1625;6203;7219;450;144;5878;15724;852;706;1926;0.0;0;0.0
2019-01;20190101;3;3;93;1441;6361;5204;80;395;0;13574;154;85;745;0.0;0;0.0
2019-01;20190101;3;32;56;1896;4716;7386;47;30;0;14131;0;0;0;0.0;0;0.0
2019-01;20190101;1;30;21;1113;5185;5154;106;604;100;12183;0;0;0;0.0;0;0.0
2019-01;20190101;1;29;7;500;2486;2347;101;53;0;5494;63;52;185;0.0;0;0.0
2019-01;20190101;1;64;40;1637;7398;5192;52;141;26;14460;0;0;0;0.0;0;0.0
2019-01;20190101;1;72;29;790;5879;3194;92;300;28;10284;0;0;0;0.0;0;0.0
2019-01;20190101;4;66;33;1145;5751;3460;138;83;83;10610;0;0;0;0.0;0;0.0
2019-01;20190101;3;1;32;1071;4765;3341;91;324;4636;9624;0;0;0;0.0;0;0.0
2019-01;20190101;3;27;74;1580;4650;7839;524;145;251;14812;395;228;948;0.0;0;0.0
2019-01;20190101;4;73;24;828;3335;3733;109;222;0;8251;0;0;0;0.0;0;0.0
2019-01;20190101;5;13;108;4061;12757;11682;282;1079;163;29969;461;334;1560;0.0;0;0.0
2019-01;20190101;2;38;30;822;4619;3261;293;352;44;9377;0;0;0;0.0;0;0.0
2019-01;20190101;3;22;64;1830;7527;6577;165;599;45;16762;167;133;585;0.0;0;0.0
2019-01;20190101;1;12;105;2194;7470;2907;332;435;8509;13443;0;0;0;0.0;0;0.0
2019-01;20190101;1;2;73;2171;7858;4381;219;3205;747;17907;0;0;0;0.0;0;0.0
2018-12;20181201;4;66;330;12119;58766;30937;1778;724;686;104654;0;0;0;0.0;0;0.0
2018-12;20181201;2;15;761;15911;87214;83677;4866;4066;0;196495;245;130;818;0.0;0;0.0
2018-12;20181201;2;20;714;20068;94097;49384;1643;6128;287;172034;266;121;709;0.0;0;0.0
2018-12;20181201;3;9;662;9649;69248;64028;3772;520;99174;147879;0;0;0;0.0;0;0.0
2018-12;20181201;3;16;220;7814;34929;42642;2891;1303;68819;89799;561;358;1363;0.0;0;0.0
2018-12;20181201;3;32;440;19081;58793;84648;700;387;0;164049;0;0;0;0.0;0;0.0
2018-12;20181201;3;28;735;30173;84222;140555;4508;4756;775;264949;391;244;982;0.0;0;0.0
2018-12;20181201;1;12;1119;23926;94779;39904;3994;2546;88830;166268;0;0;0;0.0;0;0.0
2018-12;20181201;1;7;870;21380;81782;61456;965;10936;14055;177389;280;134;654;0.0;0;0.0
2018-12;20181201;1;53;346;14216;40821;20546;1493;3384;6352;80806;0;0;0;0.0;0;0.0
2018-12;20181201;1;64;473;16383;81837;62824;585;1986;351;164088;0;0;0;0.0;0;0.0
2018-12;20181201;4;73;300;8587;36176;42392;1135;2796;0;91386;0;0;0;0.0;0;0.0
2018-12;20181201;3;17;341;9926;45865;32556;794;2749;56775;92231;255;138;748;0.0;0;0.0
2018-12;20181201;3;3;763;13700;66485;59365;1079;3714;0;145106;154;68;747;0.0;0;0.0
2018-12;20181201;3;33;491;17049;74562;106409;1527;644;129;200682;0;0;0;0.0;0;0.0
2018-12;20181201;3;25;394;14639;57634;54039;558;2073;3316;129337;182;104;588;0.0;0;0.0
2018-12;20181201;3;27;754;14300;48788;76302;8548;2095;18252;150787;397;187;946;0.0;0;0.0
2018-12;20181201;1;21;307;12481;74922;43017;1131;2181;88;134039;170;55;384;0.0;0;0.0
2018-12;20181201;1;29;111;5089;27588;29706;1170;641;0;64305;63;35;184;0.0;0;0.0
2018-12;20181201;1;72;290;7874;63678;35689;1103;3647;275;112281;0;0;0;0.0;0;0.0
2018-12;20181201;2;23;1253;30886;116060;49850;3613;1845;94147;203507;1029;615;2875;0.0;0;0.0
2018-12;20181201;2;35;154;3363;31167;25769;1258;1281;99;62992;158;50;467;0.0;0;0.0
2018-12;20181201;3;22;523;14911;62142;52892;1008;3385;42793;134861;169;95;585;0.0;0;0.0
2018-12;20181201;3;10;692;14811;70641;84182;5622;1879;69715;177827;856;580;1928;0.0;0;0.0
2018-12;20181201;1;31;936;17587;102287;92101;4412;0;1127;217323;0;0;0;0.0;0;0.0
2018-12;20181201;5;13;1158;50207;153349;126876;2465;12059;2538;346114;464;257;1567;0.0;0;0.0
2018-12;20181201;2;8;141;3006;37538;11235;96;1438;18881;53454;113;71;386;0.0;0;0.0
2018-12;20181201;2;38;259;8091;49298;35479;3079;3340;489;99546;0;0;0;0.0;0;0.0
2018-12;20181201;3;1;315;10503;52974;32129;908;3318;51975;100147;0;0;0;0.0;0;0.0
2018-12;20181201;1;14;893;15098;84306;21538;1808;1955;21928;125598;728;406;1438;0.0;0;0.0
2018-12;20181201;1;30;220;11937;57920;59301;1276;7301;730;137955;0;0;0;0.0;0;0.0
2018-12;20181201;4;69;98;4269;24761;17073;136;976;47364;47313;0;0;0;0.0;0;0.0
2018-12;20181201;2;5;537;17278;74666;45278;2414;7161;16197;147334;344;183;897;0.0;0;0.0
2018-12;20181201;1;2;803;23874;91913;49972;2973;33185;7706;202720;0;0;0;0.0;0;0.0
2018-11;20181101;2;35;143;3081;28750;23543;1167;1183;92;57867;159;50;465;0.0;0;0.0
2018-11;20181101;3;10;639;13518;64747;77124;5217;1717;63326;162962;856;590;1921;0.0;0;0.0
2018-11;20181101;3;33;445;15166;68249;96960;1444;581;120;182845;0;0;0;0.0;0;0.0
2018-11;20181101;2;8;122;2734;34513;10383;89;1327;17287;49168;114;70;381;0.0;0;0.0
2018-11;20181101;2;15;712;14498;80109;76995;4487;3680;0;180481;241;131;818;0.0;0;0.0
2018-11;20181101;2;38;237;7260;45153;32869;2848;3004;463;91371;0;0;0;0.0;0;0.0
2018-11;20181101;1;7;773;19417;75020;56632;883;9913;12936;162638;281;134;655;0.0;0;0.0
2018-11;20181101;1;72;265;7222;58493;32564;1025;3284;248;102853;0;0;0;0.0;0;0.0
2018-11;20181101;4;66;294;11038;53830;28290;1648;673;670;95773;0;0;0;0.0;0;0.0
2018-11;20181101;4;69;91;3926;22877;15761;122;904;43475;43681;0;0;0;0.0;0;0.0
2018-11;20181101;4;73;280;7874;33276;38847;1068;2537;0;83882;0;0;0;0.0;0;0.0
2018-11;20181101;2;20;654;18403;86339;45012;1486;5534;260;157428;266;122;711;0.0;0;0.0
2018-11;20181101;2;23;1160;28462;106708;45681;3361;1694;85928;187066;1032;618;2875;0.0;0;0.0
2018-11;20181101;3;1;288;9537;48190;29082;833;2979;47399;90909;0;0;0;0.0;0;0.0
2018-11;20181101;3;22;479;13355;55716;46680;842;2784;42760;119856;169;95;585;0.0;0;0.0
2018-11;20181101;3;32;401;16983;54254;77038;645;342;0;149663;0;0;0;0.0;0;0.0
2018-11;20181101;3;27;664;12739;44355;68618;7924;1887;18054;136187;400;189;945;0.0;0;0.0
2018-11;20181101;1;12;1030;21936;86160;36930;3710;3358;81412;153124;0;0;0;0.0;0;0.0
2018-11;20181101;1;31;853;15961;93761;84574;4028;0;1010;199177;0;0;0;0.0;0;0.0
2018-11;20181101;2;5;493;15849;68653;41459;2244;6565;14803;135263;342;186;895;0.0;0;0.0
2018-11;20181101;3;3;698;12411;60694;54231;1009;3421;0;132464;156;68;747;0.0;0;0.0
2018-11;20181101;3;28;674;27131;77029;128433;4171;4440;695;241878;391;244;987;0.0;0;0.0
2018-11;20181101;1;30;202;10909;52965;54389;1180;6628;672;126273;0;0;0;0.0;0;0.0
2018-11;20181101;1;53;319;13128;37697;18948;1392;3164;5432;74648;0;0;0;0.0;0;0.0
2018-11;20181101;5;13;1065;46305;141995;116454;2215;11210;2287;319244;466;258;1574;0.0;0;0.0
2018-11;20181101;3;9;605;8749;63390;59110;3412;520;89823;135786;0;0;0;0.0;0;0.0
2018-11;20181101;3;16;195;7129;32034;38838;2625;1166;62565;81987;562;364;1359;0.0;0;0.0
2018-11;20181101;3;17;306;9038;41865;29939;744;2498;51196;84390;254;139;750;0.0;0;0.0
2018-11;20181101;3;25;334;13248;52370;48371;502;1834;3070;116659;182;105;590;0.0;0;0.0
2018-11;20181101;1;21;282;11435;68791;39410;1042;1989;84;122949;172;55;389;0.0;0;0.0
2018-11;20181101;1;14;812;13700;77444;19827;1593;1686;20285;115062;730;409;1442;0.0;0;0.0
2018-11;20181101;1;2;728;21963;84395;45826;2700;30096;7050;185708;0;0;0;0.0;0;0.0
2018-11;20181101;1;29;93;4649;25238;27353;1020;593;0;58946;63;35;182;0.0;0;0.0
2018-11;20181101;1;64;433;14968;75127;57937;533;1858;332;150856;0;0;0;0.0;0;0.0
2018-10;20181001;5;13;976;42769;130937;106408;2011;9999;2185;293100;464;259;1580;0.0;0;0.0
2018-10;20181001;2;15;646;13206;73112;70671;4114;3350;0;165099;236;133;818;0.0;0;0.0
2018-10;20181001;3;22;433;11897;49685;41221;649;2245;42608;106130;164;96;567;0.0;0;0.0
2018-10;20181001;1;21;265;10486;63073;35739;911;1862;26;112336;172;55;389;0.0;0;0.0
2018-10;20181001;1;7;705;17763;68304;51959;831;8955;11717;148517;275;135;655;0.0;0;0.0
2018-10;20181001;1;64;398;13627;68758;53133;471;1733;307;138120;0;0;0;0.0;0;0.0
2018-10;20181001;2;35;131;2830;26202;21356;1085;1078;85;52682;156;52;466;0.0;0;0.0
2018-10;20181001;3;1;267;8665;43589;26571;781;2681;43368;82554;0;0;0;0.0;0;0.0
2018-10;20181001;3;17;276;8258;38219;27322;696;2247;46281;77018;248;139;744;0.0;0;0.0
2018-10;20181001;1;12;956;20071;79080;33738;3382;2993;73771;140220;0;0;0;0.0;0;0.0
2018-10;20181001;1;30;180;10141;48518;49377;1059;6029;635;115304;0;0;0;0.0;0;0.0
2018-10;20181001;4;69;85;3601;20990;14538;117;843;39988;40174;0;0;0;0.0;0;0.0
2018-10;20181001;4;73;262;7257;30329;35555;995;2329;0;76727;0;0;0;0.0;0;0.0
2018-10;20181001;2;20;606;16820;78980;40983;1338;5011;234;143738;265;122;714;0.0;0;0.0
2018-10;20181001;2;23;1071;26031;97459;41672;3049;1583;78396;170865;1027;626;2874;0.0;0;0.0
2018-10;20181001;3;16;173;6536;29251;35410;2383;1071;56748;74824;557;366;1355;0.0;0;0.0
2018-10;20181001;3;10;586;12309;59179;70511;4778;1550;57420;148913;853;596;1913;0.0;0;0.0
2018-10;20181001;3;32;369;15199;49836;69725;587;311;0;136027;0;0;0;0.0;0;0.0
2018-10;20181001;3;33;411;13688;62430;87893;1335;529;113;166286;0;0;0;0.0;0;0.0
2018-10;20181001;3;27;583;11455;40271;61418;7275;1701;17936;122703;396;193;942;0.0;0;0.0
2018-10;20181001;1;72;246;6624;53319;29881;925;3001;226;93996;0;0;0;0.0;0;0.0
2018-10;20181001;2;5;447;14566;62896;37794;2035;6009;13475;123747;339;188;891;0.0;0;0.0
2018-10;20181001;2;38;211;6633;41137;30317;2625;2654;437;83577;0;0;0;0.0;0;0.0
2018-10;20181001;3;9;556;7964;57731;54512;3113;520;81215;124396;0;0;0;0.0;0;0.0
2018-10;20181001;3;3;628;11343;55116;49581;930;3137;0;120735;156;69;748;0.0;0;0.0
2018-10;20181001;3;28;617;24461;70432;117127;3805;4126;640;220568;392;246;979;0.0;0;0.0
2018-10;20181001;1;2;676;20004;77100;41968;2488;27356;6484;169592;0;0;0;0.0;0;0.0
2018-10;20181001;1;31;777;14572;85726;76956;3670;0;947;181701;0;0;0;0.0;0;0.0
2018-10;20181001;1;53;284;12087;34592;17492;1273;2993;4565;68721;0;0;0;0.0;0;0.0
2018-10;20181001;4;66;273;10106;49173;25832;1503;599;656;87486;0;0;0;0.0;0;0.0
2018-10;20181001;2;8;110;2510;31566;9570;84;1219;15679;45059;115;71;382;0.0;0;0.0
2018-10;20181001;3;25;308;12102;47624;43649;439;1626;3043;105748;180;107;588;0.0;0;0.0
2018-10;20181001;1;14;744;12349;70501;18075;1338;1498;19514;104505;729;415;1443;0.0;0;0.0
2018-10;20181001;1;29;90;4248;23076;25147;914;536;0;54011;60;36;182;0.0;0;0.0
2018-09;20180901;4;73;234;6576;27401;31889;900;2084;0;69084;0;0;0;0.0;0;0.0
2018-09;20180901;2;38;192;6015;37170;27524;2365;2235;405;75501;0;0;0;0.0;0;0.0
2018-09;20180901;3;9;508;7226;51806;49276;2864;520;72397;112200;0;0;0;0.0;0;0.0
2018-09;20180901;3;16;153;5912;26308;31583;2094;958;50578;67008;540;386;1355;0.0;0;0.0
2018-09;20180901;3;22;389;10360;43425;34861;438;1680;42580;91153;166;98;567;0.0;0;0.0
2018-09;20180901;3;25;281;10978;42753;38951;400;1411;3001;94774;179;110;592;0.0;0;0.0
2018-09;20180901;1;2;619;18047;69224;37629;2242;24293;5795;152054;0;0;0;0.0;0;0.0
2018-09;20180901;1;30;164;9217;43393;44017;943;5263;588;102997;0;0;0;0.0;0;0.0
2018-09;20180901;1;64;360;12366;61997;48125;426;1569;279;124843;0;0;0;0.0;0;0.0
2018-09;20180901;2;8;100;2289;28319;8691;66;1081;14314;40546;112;72;378;0.0;0;0.0
2018-09;20180901;2;23;982;23502;87567;37595;2749;1487;69875;153882;986;682;2865;0.0;0;0.0
2018-09;20180901;2;5;410;13171;56503;34124;1816;5431;12147;111455;325;204;890;0.0;0;0.0
2018-09;20180901;2;35;128;2557;23645;19114;976;980;71;47400;153;53;467;0.0;0;0.0
2018-09;20180901;3;33;371;12233;56142;78483;1155;490;104;148874;0;0;0;0.0;0;0.0
2018-09;20180901;3;28;537;22065;63366;104853;3403;3812;563;198036;382;265;981;0.0;0;0.0
2018-09;20180901;3;27;529;10230;34982;54366;6583;1514;17924;108204;384;202;937;0.0;0;0.0
2018-09;20180901;1;72;223;6056;48327;26920;831;2690;189;85047;0;0;0;0.0;0;0.0
2018-09;20180901;5;13;863;38969;118762;95424;1781;8897;2074;264696;453;270;1585;0.0;0;0.0
2018-09;20180901;2;15;588;11893;65529;63774;3773;2982;0;148539;230;142;818;0.0;0;0.0
2018-09;20180901;3;1;245;7751;38730;23789;740;2330;39252;73585;0;0;0;0.0;0;0.0
2018-09;20180901;3;32;333;13564;44954;61882;524;289;0;121546;0;0;0;0.0;0;0.0
2018-09;20180901;1;12;847;18088;71462;30241;2977;2423;65503;126038;0;0;0;0.0;0;0.0
2018-09;20180901;1;7;631;16072;61318;46932;754;7971;10345;133678;266;143;651;0.0;0;0.0
2018-09;20180901;1;31;703;13076;76939;69091;3260;0;749;163069;0;0;0;0.0;0;0.0
2018-09;20180901;1;29;85;3872;20812;22382;752;513;0;48416;59;36;182;0.0;0;0.0
2018-09;20180901;4;66;249;9161;44271;22846;1336;525;586;78388;0;0;0;0.0;0;0.0
2018-09;20180901;4;69;76;3265;19004;13209;108;744;36193;36406;0;0;0;0.0;0;0.0
2018-09;20180901;2;20;537;15108;70475;36739;1210;4497;201;128566;261;126;713;0.0;0;0.0
2018-09;20180901;3;17;255;7419;34190;24780;646;1958;41161;69248;233;147;742;0.0;0;0.0
2018-09;20180901;3;10;521;11197;53248;63210;4328;1391;51328;133895;827;629;1907;0.0;0;0.0
2018-09;20180901;3;3;566;10262;49461;44635;843;2834;0;108601;152;72;744;0.0;0;0.0
2018-09;20180901;1;21;242;9519;56697;32255;804;1714;25;101231;170;56;394;0.0;0;0.0
2018-09;20180901;1;14;683;11261;63909;16243;1160;1332;16463;94588;715;436;1444;0.0;0;0.0
2018-09;20180901;1;53;252;10983;31268;15684;1114;2800;3604;62101;0;0;0;0.0;0;0.0
2018-08;20180801;4;66;229;8227;39567;20609;1172;461;514;70265;0;0;0;0.0;0;0.0
2018-08;20180801;2;23;872;21117;77599;33301;2443;1314;63056;136646;990;691;2860;0.0;0;0.0
2018-08;20180801;2;38;177;5392;33286;25137;2119;1955;379;68066;0;0;0;0.0;0;0.0
2018-08;20180801;3;9;447;6483;46007;43860;2556;520;65171;99873;0;0;0;0.0;0;0.0
2018-08;20180801;3;16;143;5323;23442;27837;1875;855;45255;59475;540;388;1346;0.0;0;0.0
2018-08;20180801;3;17;229;6647;30333;22073;573;1684;37117;61539;233;150;743;0.0;0;0.0
2018-08;20180801;3;10;467;10018;47177;56284;3843;1248;45963;119037;828;638;1904;0.0;0;0.0
2018-08;20180801;3;33;334;10983;50308;70292;987;433;94;133337;0;0;0;0.0;0;0.0
2018-08;20180801;1;7;528;14558;54730;42847;583;6942;8783;120188;266;146;651;0.0;0;0.0
2018-08;20180801;2;15;528;10657;58383;57224;3428;2622;0;132842;230;142;819;0.0;0;0.0
2018-08;20180801;3;32;299;12145;40257;54956;448;253;0;108358;0;0;0;0.0;0;0.0
2018-08;20180801;3;27;465;8962;30443;47286;5779;1343;17846;94278;387;207;937;0.0;0;0.0
2018-08;20180801;1;29;76;3493;18667;19967;650;434;0;43287;59;37;178;0.0;0;0.0
2018-08;20180801;5;13;768;34879;105269;84457;1534;7807;1938;234714;450;274;1587;0.0;0;0.0
2018-08;20180801;3;28;474;19787;56872;93395;2939;3490;510;176957;379;268;983;0.0;0;0.0
2018-08;20180801;1;30;150;8284;38461;39437;805;4694;541;91831;0;0;0;0.0;0;0.0
2018-08;20180801;1;64;318;11087;55588;43141;358;1423;244;111915;0;0;0;0.0;0;0.0
2018-08;20180801;1;72;205;5513;43656;24262;745;2371;182;76752;0;0;0;0.0;0;0.0
2018-08;20180801;2;20;478;13554;62641;33004;1069;3938;175;114684;261;127;707;0.0;0;0.0
2018-08;20180801;2;5;366;11907;50658;30773;1619;4908;10836;100231;326;205;885;0.0;0;0.0
2018-08;20180801;3;1;222;6889;33934;21057;668;2046;35957;64816;0;0;0;0.0;0;0.0
2018-08;20180801;3;25;250;9759;37653;34782;341;1234;2970;84019;179;111;589;0.0;0;0.0
2018-08;20180801;1;21;226;8556;50700;28628;704;1562;9;90376;172;56;388;0.0;0;0.0
2018-08;20180801;1;31;638;11717;68576;61492;2880;0;655;145303;0;0;0;0.0;0;0.0
2018-08;20180801;1;53;220;9875;27871;13907;1004;2598;2659;55475;0;0;0;0.0;0;0.0
2018-08;20180801;4;69;67;2949;16948;11983;98;669;32619;32714;0;0;0;0.0;0;0.0
2018-08;20180801;4;73;203;5960;24608;28672;777;1847;0;62067;0;0;0;0.0;0;0.0
2018-08;20180801;2;8;91;2101;25150;7814;54;965;13099;36175;111;72;379;0.0;0;0.0
2018-08;20180801;2;35;120;2309;21249;17143;854;858;63;42533;152;55;468;0.0;0;0.0
2018-08;20180801;3;22;337;8839;37324;29315;265;1094;42234;77174;167;98;568;0.0;0;0.0
2018-08;20180801;3;3;510;9232;44249;39906;766;2486;0;97149;152;72;738;0.0;0;0.0
2018-08;20180801;1;12;738;16188;63605;26794;2579;1919;58690;111823;0;0;0;0.0;0;0.0
2018-08;20180801;1;14;614;10078;56415;14390;1047;1171;14278;83715;714;438;1449;0.0;0;0.0
2018-08;20180801;1;2;561;16166;61579;33705;1987;21987;5162;135985;0;0;0;0.0;0;0.0
2018-07;20180701;4;69;57;2614;14583;10104;87;588;28003;28033;0;0;0;0.0;0;0.0
2018-07;20180701;4;73;183;5266;21427;26123;666;1625;0;55290;0;0;0;0.0;0;0.0
2018-07;20180701;2;5;316;10531;43788;26872;1430;4253;9379;87190;327;209;854;0.0;0;0.0
2018-07;20180701;3;1;180;5934;28915;18304;605;1756;32838;55694;0;0;0;0.0;0;0.0
2018-07;20180701;3;9;381;5656;40385;38171;2188;520;58369;87301;0;0;0;0.0;0;0.0
2018-07;20180701;3;16;120;4696;20590;24030;1544;724;40214;51704;543;390;1321;0.0;0;0.0
2018-07;20180701;3;32;265;10920;35705;47958;352;215;0;95415;0;0;0;0.0;0;0.0
2018-07;20180701;1;31;546;10248;59433;53355;2450;0;578;126032;0;0;0;0.0;0;0.0
2018-07;20180701;1;53;199;8798;24403;12006;859;2337;1679;48602;0;0;0;0.0;0;0.0
2018-07;20180701;1;64;283;9433;47631;36812;307;1270;214;95736;0;0;0;0.0;0;0.0
2018-07;20180701;1;72;177;4767;37520;20907;657;2034;156;66062;0;0;0;0.0;0;0.0
2018-07;20180701;4;66;204;7278;34427;18236;1033;388;390;61566;0;0;0;0.0;0;0.0
2018-07;20180701;2;8;80;1844;21475;6740;45;827;11801;31011;117;76;381;0.0;0;0.0
2018-07;20180701;2;35;106;2007;18582;14900;730;722;53;37047;154;57;468;0.0;0;0.0
2018-07;20180701;3;17;204;5852;26115;19208;515;1439;33080;53333;233;151;729;0.0;0;0.0
2018-07;20180701;3;33;292;9843;44499;62222;833;402;86;118091;0;0;0;0.0;0;0.0
2018-07;20180701;3;27;409;7842;25929;39865;4951;1164;17668;80160;388;208;935;0.0;0;0.0
2018-07;20180701;1;2;498;14106;53345;29336;1718;19630;4481;118633;0;0;0;0.0;0;0.0
2018-07;20180701;5;13;653;30022;88213;71374;1283;6681;1614;198226;456;278;1549;0.0;0;0.0
2018-07;20180701;2;15;473;9263;50699;49684;3048;2213;0;115380;230;146;817;0.0;0;0.0
2018-07;20180701;2;20;422;11921;54496;28811;915;3353;153;99918;261;129;701;0.0;0;0.0
2018-07;20180701;3;22;275;7223;29714;22034;191;799;43007;60236;169;98;570;0.0;0;0.0
2018-07;20180701;3;10;410;8869;41194;48816;3348;1133;40669;103770;831;648;1848;0.0;0;0.0
2018-07;20180701;3;28;429;17787;50398;82061;2490;3122;454;156287;384;268;977;0.0;0;0.0
2018-07;20180701;1;21;203;7562;44816;24652;563;1412;3;79208;172;56;383;0.0;0;0.0
2018-07;20180701;1;29;65;3074;16254;17554;537;384;0;37868;59;39;176;0.0;0;0.0
2018-07;20180701;3;25;218;8570;32707;30530;294;1035;2892;73354;178;114;586;0.0;0;0.0
2018-07;20180701;1;12;630;14187;55073;23072;2256;1665;52153;96883;0;0;0;0.0;0;0.0
2018-07;20180701;2;23;765;18575;67106;28775;2103;1127;56206;118451;991;697;2850;0.0;0;0.0
2018-07;20180701;2;38;153;4649;28574;22017;1822;1726;322;58941;0;0;0;0.0;0;0.0
2018-07;20180701;3;3;442;8153;38388;34629;661;2053;0;84326;154;73;740;0.0;0;0.0
2018-07;20180701;1;14;532;8793;48688;12465;941;1044;12169;72463;714;439;1453;0.0;0;0.0
2018-07;20180701;1;7;462;12746;47912;37577;508;6094;7729;105299;266;147;645;0.0;0;0.0
2018-07;20180701;1;30;137;7367;33383;34780;677;4065;486;80409;0;0;0;0.0;0;0.0
2018-06;20180601;2;38;139;4051;24576;19341;1557;1533;291;51197;0;0;0;0.0;0;0.0
2018-06;20180601;3;3;384;7124;32955;29464;569;1770;0;72266;155;77;727;0.0;0;0.0
2018-06;20180601;1;21;178;6529;38242;21020;463;1220;3;67652;171;57;385;0.0;0;0.0
2018-06;20180601;1;64;246;8153;40890;31491;266;1120;188;82166;0;0;0;0.0;0;0.0
2018-06;20180601;4;69;48;2319;12467;8594;76;511;23911;24015;0;0;0;0.0;0;0.0
2018-06;20180601;4;73;162;4586;18462;21566;553;1371;0;46700;0;0;0;0.0;0;0.0
2018-06;20180601;2;8;70;1606;18191;5852;38;691;10313;26448;120;78;375;0.0;0;0.0
2018-06;20180601;2;15;411;7981;43347;42660;2597;1868;0;98864;228;149;793;0.0;0;0.0
2018-06;20180601;3;32;212;9618;30820;41002;277;235;0;82164;0;0;0;0.0;0;0.0
2018-06;20180601;1;14;456;7648;41271;10439;814;903;10266;61531;714;440;1386;0.0;0;0.0
2018-06;20180601;1;30;120;6465;28437;29547;557;3453;435;68579;0;0;0;0.0;0;0.0
2018-06;20180601;1;53;177;7663;20900;10228;723;2179;707;41870;0;0;0;0.0;0;0.0
2018-06;20180601;5;13;565;25623;73730;60050;1052;5622;1275;166642;454;295;1552;0.0;0;0.0
2018-06;20180601;2;5;266;9155;37409;23242;1237;3609;7906;74918;330;216;853;0.0;0;0.0
2018-06;20180601;3;9;322;4858;34437;32497;1891;486;50743;74491;0;0;0;0.0;0;0.0
2018-06;20180601;3;10;364;7622;35200;41505;2786;968;34999;88445;834;661;1850;0.0;0;0.0
2018-06;20180601;3;33;262;8583;38412;53663;697;345;70;101962;0;0;0;0.0;0;0.0
2018-06;20180601;3;28;369;15588;43687;70349;2060;2753;410;134806;389;269;992;0.0;0;0.0
2018-06;20180601;1;7;450;11016;41050;31709;403;5208;6433;89836;264;155;617;0.0;0;0.0
2018-06;20180601;1;31;468;8858;50661;45452;2072;0;496;107511;0;0;0;0.0;0;0.0
2018-06;20180601;3;16;107;4027;17599;20526;1301;600;34850;44160;545;392;1300;0.0;0;0.0
2018-06;20180601;3;17;182;5079;21977;16202;419;1204;28699;45063;230;155;726;0.0;0;0.0
2018-06;20180601;3;22;242;6299;25658;18946;164;689;36377;51998;169;102;569;0.0;0;0.0
2018-06;20180601;1;29;56;2663;13931;15056;452;328;0;32486;59;43;176;0.0;0;0.0
2018-06;20180601;1;72;148;4168;32372;17916;557;1739;138;56900;0;0;0;0.0;0;0.0
2018-06;20180601;4;66;185;6249;29584;15880;884;331;342;53113;0;0;0;0.0;0;0.0
2018-06;20180601;2;20;366;10258;46346;24449;769;2782;126;84970;260;132;704;0.0;0;0.0
2018-06;20180601;2;23;654;16121;57067;24269;1753;949;49202;100813;999;708;2860;0.0;0;0.0
2018-06;20180601;2;35;90;1736;15944;12770;613;636;46;31789;154;54;468;0.0;0;0.0
2018-06;20180601;3;1;156;5144;24195;15265;519;1487;29468;46766;0;0;0;0.0;0;0.0
2018-06;20180601;3;25;195;7510;27857;26115;243;882;2790;62802;178;112;582;0.0;0;0.0
2018-06;20180601;3;27;343;6663;22532;32386;4086;959;17104;66969;390;208;930;0.0;0;0.0
2018-06;20180601;1;12;548;12166;46553;19390;1886;1437;45208;81980;0;0;0;0.0;0;0.0
2018-06;20180601;1;2;427;12042;44965;25392;1458;17019;3832;101303;0;0;0;0.0;0;0.0
2018-05;20180501;5;13;493;21501;60707;50088;790;4701;1106;138280;448;298;1544;0.0;0;0.0
2018-05;20180501;2;20;316;8614;38629;20517;646;2295;101;71017;259;134;702;0.0;0;0.0
2018-05;20180501;3;22;210;5383;21808;16292;146;618;29805;44457;161;115;571;0.0;0;0.0
2018-05;20180501;1;21;162;5526;32104;17406;374;1056;3;56628;171;58;378;0.0;0;0.0
2018-05;20180501;2;35;74;1500;13486;10695;512;519;39;26786;154;57;467;0.0;0;0.0
2018-05;20180501;3;28;323;13351;36917;58759;1694;2354;360;113398;392;273;989;0.0;0;0.0
2018-05;20180501;1;12;459;10153;38742;15907;1462;1155;38167;67878;0;0;0;0.0;0;0.0
2018-05;20180501;1;30;108;5509;23791;24574;471;2799;361;57252;0;0;0;0.0;0;0.0
2018-05;20180501;1;31;401;7524;42564;37698;1654;0;431;89841;0;0;0;0.0;0;0.0
2018-05;20180501;4;66;161;5286;24819;13663;721;272;305;44922;0;0;0;0.0;0;0.0
2018-05;20180501;4;69;41;1983;10419;7260;61;426;20292;20190;0;0;0;0.0;0;0.0
2018-05;20180501;2;8;61;1360;15039;4968;31;555;8624;22014;120;83;376;0.0;0;0.0
2018-05;20180501;3;9;265;4113;28972;26957;1589;412;43105;62308;0;0;0;0.0;0;0.0
2018-05;20180501;3;3;338;6056;27689;24641;480;1458;0;60662;156;78;719;0.0;0;0.0
2018-05;20180501;3;32;206;8212;25812;34374;254;160;0;69018;0;0;0;0.0;0;0.0
2018-05;20180501;3;25;168;6332;22919;21838;186;751;2764;52194;178;114;582;0.0;0;0.0
2018-05;20180501;3;27;298;5588;18734;25842;3369;794;15936;54625;384;215;935;0.0;0;0.0
2018-05;20180501;1;14;389;6401;34337;8405;653;749;8523;50934;700;454;1370;0.0;0;0.0
2018-05;20180501;1;64;205;6940;34733;26396;221;993;158;69488;0;0;0;0.0;0;0.0
2018-05;20180501;1;72;121;3557;27500;15115;439;1493;121;48225;0;0;0;0.0;0;0.0
2018-05;20180501;4;73;146;3865;15454;18371;443;1137;0;39416;0;0;0;0.0;0;0.0
2018-05;20180501;2;15;360;6725;36386;35907;2210;1581;0;83169;226;155;787;0.0;0;0.0
2018-05;20180501;2;23;549;13590;47557;20359;1486;770;41668;84311;998;723;2865;0.0;0;0.0
2018-05;20180501;3;1;131;4233;19635;12343;445;1186;25888;37973;0;0;0;0.0;0;0.0
2018-05;20180501;3;16;89;3369;14757;17029;1106;486;29429;36836;544;407;1287;0.0;0;0.0
2018-05;20180501;3;17;149;4287;18291;13425;337;991;24071;37480;230;155;726;0.0;0;0.0
2018-05;20180501;1;7;384;9311;34260;26318;309;4291;5246;74873;263;156;617;0.0;0;0.0
2018-05;20180501;1;29;50;2232;11636;12730;387;273;0;27308;58;44;177;0.0;0;0.0
2018-05;20180501;1;53;156;6474;17585;8563;596;1879;83;35253;0;0;0;0.0;0;0.0
2018-05;20180501;2;5;231;7760;31295;19588;1065;2957;6582;62896;328;218;853;0.0;0;0.0
2018-05;20180501;2;38;118;3461;20631;16313;1325;1275;232;43123;0;0;0;0.0;0;0.0
2018-05;20180501;3;10;300;6456;29534;34410;2282;800;29500;73782;831;679;1838;0.0;0;0.0
2018-05;20180501;3;33;229;7347;32324;44994;542;285;61;85721;0;0;0;0.0;0;0.0
2018-05;20180501;1;2;371;10209;37595;21328;1238;14376;3189;85117;0;0;0;0.0;0;0.0
2018-04;20180401;4;66;131;4269;19631;10994;586;219;216;35830;0;0;0;0.0;0;0.0
2018-04;20180401;4;69;36;1622;8304;5849;50;337;16166;16198;0;0;0;0.0;0;0.0
2018-04;20180401;2;8;48;1111;12022;4027;27;435;6846;17670;115;88;377;0.0;0;0.0
2018-04;20180401;2;20;260;6965;30631;16472;517;1824;83;56669;256;137;698;0.0;0;0.0
2018-04;20180401;1;2;302;8331;29948;17126;962;11523;2507;68192;0;0;0;0.0;0;0.0
2018-04;20180401;1;53;128;5175;13961;6792;463;1522;61;28041;0;0;0;0.0;0;0.0
2018-04;20180401;2;38;97;2795;16504;13319;1086;1009;198;34810;0;0;0;0.0;0;0.0
2018-04;20180401;2;35;66;1257;10759;8357;418;391;30;21248;153;60;466;0.0;0;0.0
2018-04;20180401;3;9;205;3345;23070;21241;1235;336;34287;49432;0;0;0;0.0;0;0.0
2018-04;20180401;3;17;131;3467;14498;10580;251;767;18854;29694;230;158;727;0.0;0;0.0
2018-04;20180401;3;22;181;4461;17944;13504;111;552;22618;36753;157;115;569;0.0;0;0.0
2018-04;20180401;3;10;234;5219;23489;27130;1756;613;23360;58441;827;701;1840;0.0;0;0.0
2018-04;20180401;3;32;162;6617;20351;27268;212;119;0;54729;0;0;0;0.0;0;0.0
2018-04;20180401;1;14;315;5216;27171;6537;515;579;6642;40333;697;471;1366;0.0;0;0.0
2018-04;20180401;1;31;333;6101;34122;29492;1230;0;383;71278;0;0;0;0.0;0;0.0
2018-04;20180401;1;64;165;5712;27982;20940;172;826;129;55797;0;0;0;0.0;0;0.0
2018-04;20180401;2;15;301;5466;28915;28779;1763;1141;0;66365;225;156;790;0.0;0;0.0
2018-04;20180401;2;23;436;10998;37673;16169;1165;588;33123;67029;988;749;2870;0.0;0;0.0
2018-04;20180401;2;5;187;6455;25013;15841;858;2351;5065;50705;321;227;855;0.0;0;0.0
2018-04;20180401;3;1;111;3350;14839;9417;369;936;21745;29022;0;0;0;0.0;0;0.0
2018-04;20180401;3;16;76;2711;11752;13455;880;381;23341;29255;541;417;1284;0.0;0;0.0
2018-04;20180401;3;33;192;6012;25818;35605;415;238;45;68280;0;0;0;0.0;0;0.0
2018-04;20180401;1;12;351;8190;30487;12635;1147;884;29902;53694;0;0;0;0.0;0;0.0
2018-04;20180401;1;29;44;1788;9264;10203;296;212;0;21807;59;44;177;0.0;0;0.0
2018-04;20180401;4;73;123;3052;12306;14720;335;913;0;31449;0;0;0;0.0;0;0.0
2018-04;20180401;5;13;396;17401;47630;39832;582;3711;905;109552;451;299;1545;0.0;0;0.0
2018-04;20180401;3;25;144;5103;17918;17389;146;543;2740;41243;176;124;584;0.0;0;0.0
2018-04;20180401;1;21;127;4472;25689;13806;279;837;3;45210;169;59;378;0.0;0;0.0
2018-04;20180401;1;30;97;4511;18846;19271;325;2169;300;45219;0;0;0;0.0;0;0.0
2018-04;20180401;1;72;103;2889;22406;12414;350;1222;105;39384;0;0;0;0.0;0;0.0
2018-04;20180401;3;3;255;5023;22102;19467;383;1095;0;48325;155;81;720;0.0;0;0.0
2018-04;20180401;3;28;270;11004;29691;46598;1326;1915;288;90804;390;275;988;0.0;0;0.0
2018-04;20180401;3;27;242;4296;14010;18598;2584;615;15727;40345;382;222;944;0.0;0;0.0
2018-04;20180401;1;7;311;7514;27352;20912;229;3391;4023;59709;250;159;616;0.0;0;0.0
2018-03;20180301;4;66;99;3237;14925;8743;450;156;167;27610;0;0;0;0.0;0;0.0
2018-03;20180301;4;73;88;2354;9411;11382;246;660;0;24141;0;0;0;0.0;0;0.0
2018-03;20180301;3;10;174;3993;17607;20202;1309;442;17890;43727;825;705;1863;0.0;0;0.0
2018-03;20180301;3;25;112;3876;13290;13226;114;387;2705;31005;176;125;580;0.0;0;0.0
2018-03;20180301;1;21;99;3502;19415;10702;204;648;2;34570;169;60;383;0.0;0;0.0
2018-03;20180301;2;23;320;8408;28302;12205;863;452;25516;50550;989;760;2873;0.0;0;0.0
2018-03;20180301;2;5;155;4982;19074;12260;676;1753;3668;38900;323;227;854;0.0;0;0.0
2018-03;20180301;2;38;77;2113;12601;10301;785;754;136;26631;0;0;0;0.0;0;0.0
2018-03;20180301;3;32;118;5037;15437;20696;162;81;0;41531;0;0;0;0.0;0;0.0
2018-03;20180301;1;29;33;1329;6805;7813;217;150;0;16347;60;45;177;0.0;0;0.0
2018-03;20180301;5;13;315;13349;35972;30661;404;2809;723;83510;450;306;1535;0.0;0;0.0
2018-03;20180301;2;35;56;970;8150;6305;285;287;22;16053;153;60;467;0.0;0;0.0
2018-03;20180301;3;1;84;2443;10388;6779;299;669;17830;20662;0;0;0;0.0;0;0.0
2018-03;20180301;3;3;199;3898;16858;14974;299;798;0;37026;155;81;728;0.0;0;0.0
2018-03;20180301;3;27;180;3160;10220;13221;1863;491;13454;29135;381;225;949;0.0;0;0.0
2018-03;20180301;1;53;98;3903;10415;5135;351;1202;43;21104;0;0;0;0.0;0;0.0
2018-03;20180301;1;64;126;4306;21421;15706;140;649;121;42348;0;0;0;0.0;0;0.0
2018-03;20180301;2;15;239;4207;21748;22042;1390;854;0;50480;225;155;792;0.0;0;0.0
2018-03;20180301;2;20;211;5323;23327;12904;395;1375;60;43535;256;138;698;0.0;0;0.0
2018-03;20180301;3;9;157;2548;17392;15985;932;253;26560;37267;0;0;0;0.0;0;0.0
2018-03;20180301;3;17;102;2615;10829;7851;180;572;14418;22149;230;161;740;0.0;0;0.0
2018-03;20180301;3;22;140;3579;14110;11000;95;443;16430;29367;158;116;574;0.0;0;0.0
2018-03;20180301;3;28;210;8603;22677;35268;975;1513;240;69246;393;278;990;0.0;0;0.0
2018-03;20180301;1;14;247;3981;20274;4798;372;438;4931;30110;699;476;1368;0.0;0;0.0
2018-03;20180301;1;2;239;6355;22792;13026;750;9182;1917;52344;0;0;0;0.0;0;0.0
2018-03;20180301;1;7;247;5662;20771;16052;165;2504;2937;45401;251;163;613;0.0;0;0.0
2018-03;20180301;1;30;79;3508;14226;14364;234;1639;250;34050;0;0;0;0.0;0;0.0
2018-03;20180301;1;72;75;2232;17423;9529;266;901;91;30426;0;0;0;0.0;0;0.0
2018-03;20180301;4;69;27;1261;6385;4527;36;254;12570;12490;0;0;0;0.0;0;0.0
2018-03;20180301;2;8;34;872;8944;3126;19;304;5412;13299;115;88;378;0.0;0;0.0
2018-03;20180301;3;16;53;2081;8826;9973;622;291;17923;21846;540;418;1289;0.0;0;0.0
2018-03;20180301;3;33;155;4693;19747;26962;323;170;39;52050;0;0;0;0.0;0;0.0
2018-03;20180301;1;12;274;6173;22983;9167;832;618;22899;40047;0;0;0;0.0;0;0.0
2018-03;20180301;1;31;256;4664;25572;22091;874;0;342;53457;0;0;0;0.0;0;0.0
2018-02;20180201;2;20;157;3557;15706;8989;261;884;44;29554;253;139;696;0.0;0;0.0
2018-02;20180201;2;23;222;5673;18689;8099;563;300;17585;33546;992;764;2875;0.0;0;0.0
2018-02;20180201;2;5;109;3449;13154;8539;445;1192;2428;26888;322;229;857;0.0;0;0.0
2018-02;20180201;3;32;81;3449;10435;13769;101;50;0;27885;0;0;0;0.0;0;0.0
2018-02;20180201;3;33;107;3299;13379;18203;203;117;29;35308;0;0;0;0.0;0;0.0
2018-02;20180201;3;25;73;2460;8374;8797;72;233;2676;20009;175;127;584;0.0;0;0.0
2018-02;20180201;3;28;137;5977;15473;23616;646;1047;177;46896;393;278;993;0.0;0;0.0
2018-02;20180201;1;7;171;3703;13659;10499;100;1579;2189;29711;251;164;616;0.0;0;0.0
2018-02;20180201;4;66;70;2205;10164;6309;319;116;124;19183;0;0;0;0.0;0;0.0
2018-02;20180201;2;15;161;2861;14677;15031;945;531;0;34206;226;156;800;0.0;0;0.0
2018-02;20180201;2;35;39;645;5501;4191;179;180;16;10735;153;60;468;0.0;0;0.0
2018-02;20180201;3;9;108;1643;11471;10649;636;158;18386;24665;0;0;0;0.0;0;0.0
2018-02;20180201;1;12;183;4151;15045;5822;547;418;15591;26166;0;0;0;0.0;0;0.0
2018-02;20180201;1;31;186;3163;17051;14660;583;0;274;35643;0;0;0;0.0;0;0.0
2018-02;20180201;4;69;19;858;4294;2883;26;160;8761;8240;0;0;0;0.0;0;0.0
2018-02;20180201;3;1;55;1466;5970;3960;201;445;14114;12097;0;0;0;0.0;0;0.0
2018-02;20180201;3;16;44;1438;5961;6672;398;187;12349;14700;541;419;1298;0.0;0;0.0
2018-02;20180201;3;17;74;1753;7166;5330;120;369;9964;14812;229;163;741;0.0;0;0.0
2018-02;20180201;3;10;111;2696;11851;13281;865;295;12253;29099;831;711;1885;0.0;0;0.0
2018-02;20180201;1;21;68;2436;13009;7185;124;441;2;23263;169;60;383;0.0;0;0.0
2018-02;20180201;1;29;22;883;4457;5248;128;94;0;10832;60;45;178;0.0;0;0.0
2018-02;20180201;4;73;61;1582;6428;7693;168;407;0;16339;0;0;0;0.0;0;0.0
2018-02;20180201;5;13;211;9185;24531;21087;257;1884;556;57155;451;308;1525;0.0;0;0.0
2018-02;20180201;2;8;23;584;5988;2107;7;194;3817;8903;117;87;379;0.0;0;0.0
2018-02;20180201;3;22;89;2454;9499;7323;54;297;11353;19716;159;116;573;0.0;0;0.0
2018-02;20180201;1;14;164;2799;13363;3284;251;289;3319;20150;701;476;1367;0.0;0;0.0
2018-02;20180201;1;2;154;4421;15374;8807;494;6389;1333;35639;0;0;0;0.0;0;0.0
2018-02;20180201;1;30;53;2434;9689;9392;125;1067;154;22760;0;0;0;0.0;0;0.0
2018-02;20180201;2;38;59;1438;8557;7174;488;502;100;18218;0;0;0;0.0;0;0.0
2018-02;20180201;3;3;135;2665;11450;10206;207;528;0;25191;155;84;730;0.0;0;0.0
2018-02;20180201;3;27;121;2072;6776;8691;1165;324;9753;19149;385;225;958;0.0;0;0.0
2018-02;20180201;1;53;69;2605;6855;3381;257;839;26;14006;0;0;0;0.0;0;0.0
2018-02;20180201;1;64;76;2833;14374;10597;83;417;0;28380;0;0;0;0.0;0;0.0
2018-02;20180201;1;72;52;1561;12130;6642;168;574;64;21127;0;0;0;0.0;0;0.0
2018-01;20180101;4;66;37;1084;5315;3323;158;65;64;9982;0;0;0;0.0;0;0.0
2018-01;20180101;5;13;118;4720;12727;10949;132;1017;285;29663;454;309;1551;0.0;0;0.0
2018-01;20180101;2;20;84;1862;8313;4640;130;454;24;15483;249;141;703;0.0;0;0.0
2018-01;20180101;2;23;110;2812;9492;4057;290;141;9485;16902;993;767;2881;0.0;0;0.0
2018-01;20180101;2;38;28;757;4448;3828;234;278;52;9573;0;0;0;0.0;0;0.0
2018-01;20180101;3;16;25;728;3033;3433;188;96;6640;7503;542;418;1304;0.0;0;0.0
2018-01;20180101;3;17;38;973;3638;2751;60;210;5581;7670;230;165;743;0.0;0;0.0
2018-01;20180101;3;22;57;1283;4796;3791;34;163;6281;10124;159;116;557;0.0;0;0.0
2018-01;20180101;3;28;77;3224;8208;12450;362;605;88;24926;392;280;1002;0.0;0;0.0
2018-01;20180101;1;64;49;1449;7698;5462;51;223;0;14932;0;0;0;0.0;0;0.0
2018-01;20180101;2;35;23;335;2905;2147;90;96;8;5596;153;61;470;0.0;0;0.0
2018-01;20180101;3;10;60;1372;5969;6865;451;137;6623;14854;833;717;1893;0.0;0;0.0
2018-01;20180101;3;33;75;1836;7124;9593;85;65;12;18778;0;0;0;0.0;0;0.0
2018-01;20180101;1;31;94;1697;8767;7558;298;0;135;18414;0;0;0;0.0;0;0.0
2018-01;20180101;4;69;11;410;2239;1569;11;90;4643;4330;0;0;0;0.0;0;0.0
2018-01;20180101;2;15;82;1535;7768;7867;490;268;0;18010;228;159;800;0.0;0;0.0
2018-01;20180101;1;12;93;2162;7719;2959;280;234;8023;13447;0;0;0;0.0;0;0.0
2018-01;20180101;1;21;40;1238;6772;3789;77;219;2;12135;168;60;384;0.0;0;0.0
2018-01;20180101;1;14;87;1495;6726;1687;135;153;1830;10283;700;478;1382;0.0;0;0.0
2018-01;20180101;4;73;24;824;3403;4094;107;224;0;8676;0;0;0;0.0;0;0.0
2018-01;20180101;2;8;11;307;3111;1005;3;112;2086;4549;116;88;381;0.0;0;0.0
2018-01;20180101;2;5;53;1784;6806;4542;226;647;1288;14058;323;229;858;0.0;0;0.0
2018-01;20180101;3;1;27;759;3080;2181;118;262;7515;6427;0;0;0;0.0;0;0.0
2018-01;20180101;3;9;65;838;5959;5482;318;84;10179;12746;0;0;0;0.0;0;0.0
2018-01;20180101;3;27;67;1095;3540;4644;610;173;5236;10129;385;227;948;0.0;0;0.0
2018-01;20180101;1;7;88;2007;7146;5223;40;765;1172;15269;250;164;618;0.0;0;0.0
2018-01;20180101;1;30;26;1316;5107;4722;74;524;83;11769;0;0;0;0.0;0;0.0
2018-01;20180101;1;29;14;471;2337;2811;74;55;0;5762;61;45;179;0.0;0;0.0
2018-01;20180101;1;53;40;1331;3468;1800;137;474;13;7250;0;0;0;0.0;0;0.0
2018-01;20180101;3;3;76;1410;6133;5377;98;308;0;13402;156;85;732;0.0;0;0.0
2018-01;20180101;3;25;37;1121;3738;4168;37;124;2637;9225;176;127;586;0.0;0;0.0
2018-01;20180101;1;2;78;2250;8009;4625;254;3374;730;18590;0;0;0;0.0;0;0.0
2018-01;20180101;1;72;27;800;6615;3539;92;314;26;11387;0;0;0;0.0;0;0.0
2017-12;20171201;4;69;0;0;0;0;0;0;92226;0;0;0;0;0.0;0;0.0
2017-12;20171201;2;5;586;17899;73041;46626;2853;7124;15623;148129;320;198;863;0.0;0;0.0
2017-12;20171201;3;17;358;10218;45837;29952;583;2359;54623;89307;231;126;740;0.0;0;0.0
2017-12;20171201;3;3;813;14399;67478;60795;1148;3132;0;147765;157;67;731;0.0;0;0.0
2017-12;20171201;1;14;879;15806;85177;21510;1471;1685;19252;126528;695;382;1384;0.0;0;0.0
2017-12;20171201;1;30;235;11445;57984;55247;1088;5306;759;131305;0;0;0;0.0;0;0.0
2017-12;20171201;1;31;848;18070;105772;80395;3440;0;1011;208525;0;0;0;0.0;0;0.0
2017-12;20171201;1;53;367;15268;43690;21868;2009;6933;238;90135;0;0;0;0.0;0;0.0
2017-12;20171201;2;15;757;16290;88406;86285;6713;3235;0;201686;227;132;805;0.0;0;0.0
2017-12;20171201;3;16;241;7971;36447;38036;2006;1195;64209;85896;546;366;1322;0.0;0;0.0
2017-12;20171201;1;12;1139;23519;94877;41544;4133;2403;91450;167615;0;0;0;0.0;0;0.0
2017-12;20171201;1;29;115;4961;26936;32158;838;1063;0;66071;59;40;180;0.0;0;0.0
2017-12;20171201;1;72;327;8208;63518;32592;1255;3150;251;109050;0;0;0;0.0;0;0.0
2017-12;20171201;3;22;434;13005;58327;46780;517;2464;60201;121527;158;98;562;0.0;0;0.0
2017-12;20171201;3;32;481;20260;60136;82517;796;347;0;164537;0;0;0;0.0;0;0.0
2017-12;20171201;3;33;479;17531;76512;106990;1595;511;112;203618;0;0;0;0.0;0;0.0
2017-12;20171201;3;28;700;31224;85225;133291;5109;8442;724;263991;391;239;1003;0.0;0;0.0
2017-12;20171201;3;27;693;13373;40985;48761;7611;1641;53240;113064;384;189;954;0.0;0;0.0
2017-12;20171201;1;64;434;16111;83962;59171;851;2560;0;163089;0;0;0;0.0;0;0.0
2017-12;20171201;4;66;241;10684;47223;21201;1587;630;22338;81566;0;0;0;0.0;0;0.0
2017-12;20171201;4;73;278;8881;35260;40293;1011;2463;0;88186;0;0;0;0.0;0;0.0
2017-12;20171201;5;13;1274;54005;157356;116282;1440;13239;3124;343596;455;233;1554;0.0;0;0.0
2017-12;20171201;2;8;134;2973;35883;10976;84;1520;18175;51570;117;70;388;0.0;0;0.0
2017-12;20171201;2;23;1079;31654;109477;49615;4366;1622;92134;197813;990;645;2851;0.0;0;0.0
2017-12;20171201;2;38;124;249;6471;54658;33697;2285;2776;97484;0;0;0;0.0;0;0.0
2017-12;20171201;3;1;250;7797;36874;23181;700;3237;77060;72039;0;0;0;0.0;0;0.0
2017-12;20171201;3;9;688;9664;69034;66053;3793;876;98860;150108;0;0;0;0.0;0;0.0
2017-12;20171201;3;10;665;14774;67810;82271;5964;1515;68435;172999;832;598;1902;0.0;0;0.0
2017-12;20171201;1;21;322;13654;76807;39256;964;2807;29;133810;168;51;383;0.0;0;0.0
2017-12;20171201;1;7;950;18855;79658;75726;1280;8856;14887;185325;247;129;619;0.0;0;0.0
2017-12;20171201;2;20;714;22522;90305;45248;1981;5636;207;166406;251;120;698;0.0;0;0.0
2017-12;20171201;2;35;145;3638;34611;23822;863;1145;312;64224;155;54;470;0.0;0;0.0
2017-12;20171201;3;25;367;14857;55747;51299;511;1764;4748;124545;177;99;595;0.0;0;0.0
2017-12;20171201;1;2;845;24955;92485;45980;3024;34081;6362;201370;0;0;0;0.0;0;0.0
2017-11;20171101;4;66;212;9646;42244;18616;1427;587;22285;72732;0;0;0;0.0;0;0.0
2017-11;20171101;2;15;686;14819;80555;77964;6309;2949;0;183282;228;132;806;0.0;0;0.0
2017-11;20171101;3;9;624;8866;63229;60649;3511;825;89374;137704;0;0;0;0.0;0;0.0
2017-11;20171101;3;17;320;9255;42236;27229;524;2151;49791;81715;230;126;738;0.0;0;0.0
2017-11;20171101;1;14;794;14334;78139;19698;1336;1523;17658;115824;696;387;1386;0.0;0;0.0
2017-11;20171101;2;20;636;20618;82330;41369;1839;5135;180;151927;250;123;698;0.0;0;0.0
2017-11;20171101;2;23;967;28932;100226;45461;4044;1460;84067;181090;994;648;2844;0.0;0;0.0
2017-11;20171101;2;5;529;16304;66697;42404;2638;6497;14337;135069;318;200;865;0.0;0;0.0
2017-11;20171101;2;35;126;3294;31738;21691;820;1052;308;58721;158;54;470;0.0;0;0.0
2017-11;20171101;3;1;218;7025;33456;21265;641;2991;69508;65596;0;0;0;0.0;0;0.0
2017-11;20171101;3;16;223;7225;33482;34939;1816;1114;58702;78799;548;368;1325;0.0;0;0.0
2017-11;20171101;3;22;386;11837;53325;42742;491;2285;54984;111066;159;98;562;0.0;0;0.0
2017-11;20171101;3;10;610;13427;61850;75510;5473;1344;62325;158214;836;603;1901;0.0;0;0.0
2017-11;20171101;1;12;1027;21363;86861;38452;3849;2178;83361;153730;0;0;0;0.0;0;0.0
2017-11;20171101;1;21;282;12339;70143;35234;882;2525;27;121405;167;52;381;0.0;0;0.0
2017-11;20171101;1;64;383;14603;75880;53291;793;2321;0;147271;0;0;0;0.0;0;0.0
2017-11;20171101;3;33;433;15724;69626;97779;1502;436;90;185500;0;0;0;0.0;0;0.0
2017-11;20171101;3;25;324;13401;50865;46368;482;1626;4700;113066;173;103;597;0.0;0;0.0
2017-11;20171101;3;28;639;28139;77438;121779;4825;7782;646;240602;389;241;1009;0.0;0;0.0
2017-11;20171101;1;2;768;22629;84465;41682;2794;30677;5682;183015;0;0;0;0.0;0;0.0
2017-11;20171101;1;53;329;13877;39923;20144;1891;6421;218;82585;0;0;0;0.0;0;0.0
2017-11;20171101;4;69;0;0;0;0;0;0;84507;0;0;0;0;0.0;0;0.0
2017-11;20171101;4;73;254;8178;32119;36756;941;2249;0;80497;0;0;0;0.0;0;0.0
2017-11;20171101;2;8;117;2725;32771;10039;75;1353;16464;47080;116;72;390;0.0;0;0.0
2017-11;20171101;3;3;737;13116;61681;55232;1065;2787;0;134618;157;66;730;0.0;0;0.0
2017-11;20171101;3;32;425;18065;54739;75435;740;309;0;149713;0;0;0;0.0;0;0.0
2017-11;20171101;1;7;877;17405;72130;68978;824;8175;13742;168389;246;129;619;0.0;0;0.0
2017-11;20171101;1;29;104;4492;24331;29140;791;968;0;59826;59;40;180;0.0;0;0.0
2017-11;20171101;5;13;1148;49501;145292;107376;1320;12245;3027;316882;459;233;1557;0.0;0;0.0
2017-11;20171101;3;27;640;12266;37456;44638;7024;1517;48107;103541;384;188;939;0.0;0;0.0
2017-11;20171101;1;30;209;10053;52486;50403;1017;4779;572;118947;0;0;0;0.0;0;0.0
2017-11;20171101;1;31;765;16271;96632;73220;3156;0;858;190044;0;0;0;0.0;0;0.0
2017-11;20171101;1;72;297;7482;57878;29417;1131;2788;224;98993;0;0;0;0.0;0;0.0
2017-10;20171001;4;69;0;0;0;0;0;0;77305;0;0;0;0;0.0;0;0.0
2017-10;20171001;2;38;251;5798;38778;30651;2018;2354;3637;79850;0;0;0;0.0;0;0.0
2017-10;20171001;3;32;386;16253;49293;68141;704;275;0;135052;0;0;0;0.0;0;0.0
2017-10;20171001;3;28;589;25457;69966;109762;4424;7099;603;217297;388;243;994;0.0;0;0.0
2017-10;20171001;1;30;195;9095;47605;45448;937;4259;507;107539;0;0;0;0.0;0;0.0
2017-10;20171001;4;73;230;7503;29327;33426;859;2030;0;73375;0;0;0;0.0;0;0.0
2017-10;20171001;5;13;1060;45538;133515;98839;1187;11260;2543;291399;461;231;1562;0.0;0;0.0
2017-10;20171001;2;15;628;13422;72373;69444;5733;2569;0;164169;225;134;804;0.0;0;0.0
2017-10;20171001;2;23;875;26222;90782;41443;3753;1281;75784;164356;994;657;2840;0.0;0;0.0
2017-10;20171001;2;35;115;2989;28959;19911;742;934;134;53650;157;56;467;0.0;0;0.0
2017-10;20171001;3;33;386;14195;62921;88329;1408;382;74;167621;0;0;0;0.0;0;0.0
2017-10;20171001;3;25;292;12213;45945;41831;444;1417;4665;102142;175;104;594;0.0;0;0.0
2017-10;20171001;3;27;594;11168;34072;40272;6424;1372;43546;93902;381;189;940;0.0;0;0.0
2017-10;20171001;1;64;360;13442;68747;48561;746;2131;0;133987;0;0;0;0.0;0;0.0
2017-10;20171001;4;66;192;8666;37292;16034;1215;528;22196;63927;0;0;0;0.0;0;0.0
2017-10;20171001;2;20;580;18918;74306;37497;1718;4644;160;137663;248;123;697;0.0;0;0.0
2017-10;20171001;3;1;198;6334;30204;19543;586;2730;62313;59595;0;0;0;0.0;0;0.0
2017-10;20171001;3;16;202;6664;31111;32359;1683;1043;54141;73062;549;368;1326;0.0;0;0.0
2017-10;20171001;3;17;284;8475;38450;24452;474;1964;44727;74099;229;127;735;0.0;0;0.0
2017-10;20171001;3;10;561;12146;55957;68597;5021;1192;56020;143474;837;610;1890;0.0;0;0.0
2017-10;20171001;3;3;665;11939;55656;50290;960;2545;0;122055;154;69;730;0.0;0;0.0
2017-10;20171001;1;14;725;12983;71130;17872;1198;1352;16034;105260;695;388;1387;0.0;0;0.0
2017-10;20171001;1;2;692;20663;76623;37887;2540;27424;5017;165829;0;0;0;0.0;0;0.0
2017-10;20171001;1;29;97;4112;22026;26338;693;874;0;54140;60;40;181;0.0;0;0.0
2017-10;20171001;2;8;107;2442;29672;9199;72;1224;14918;42716;116;73;390;0.0;0;0.0
2017-10;20171001;3;22;363;10708;48588;39120;463;2121;49654;101363;157;97;562;0.0;0;0.0
2017-10;20171001;1;31;696;14814;87958;66087;2836;0;785;172391;0;0;0;0.0;0;0.0
2017-10;20171001;1;53;298;12547;36078;18507;1753;5818;205;75001;0;0;0;0.0;0;0.0
2017-10;20171001;2;5;488;14936;60417;38653;2442;5832;12941;122768;316;203;865;0.0;0;0.0
2017-10;20171001;3;9;551;8042;57234;55329;3213;730;80271;125099;0;0;0;0.0;0;0.0
2017-10;20171001;1;12;925;19326;79046;35099;3521;1915;74671;139832;0;0;0;0.0;0;0.0
2017-10;20171001;1;21;259;11152;63319;32045;800;2261;14;109836;167;52;376;0.0;0;0.0
2017-10;20171001;1;7;804;15955;65201;62313;756;6813;12597;151842;244;130;613;0.0;0;0.0
2017-10;20171001;1;72;271;6849;52480;26814;1037;2481;201;89932;0;0;0;0.0;0;0.0
2017-09;20170901;2;8;101;2275;26515;8197;62;1045;13340;38195;115;73;389;0.0;0;0.0
2017-09;20170901;3;22;328;9671;43683;35204;411;1909;44148;91206;157;97;562;0.0;0;0.0
2017-09;20170901;3;32;337;14519;43879;60548;641;224;0;120148;0;0;0;0.0;0;0.0
2017-09;20170901;3;25;251;10948;40638;37125;402;1217;4627;90581;175;106;597;0.0;0;0.0
2017-09;20170901;3;27;543;10087;30601;36167;5898;1226;37999;84522;378;191;938;0.0;0;0.0
2017-09;20170901;4;69;0;0;0;0;0;0;69620;0;0;0;0;0.0;0;0.0
2017-09;20170901;3;28;511;22629;62539;97067;3910;6401;522;193057;391;244;999;0.0;0;0.0
2017-09;20170901;1;30;172;8092;42080;40265;864;3695;437;95168;0;0;0;0.0;0;0.0
2017-09;20170901;1;31;616;13214;78644;58497;2509;0;690;153480;0;0;0;0.0;0;0.0
2017-09;20170901;1;29;91;3731;19594;23410;618;789;0;48233;60;40;179;0.0;0;0.0
2017-09;20170901;1;72;237;6209;46935;24012;937;2216;176;80546;0;0;0;0.0;0;0.0
2017-09;20170901;4;66;164;7650;32107;13380;1042;441;22121;54784;0;0;0;0.0;0;0.0
2017-09;20170901;5;13;954;41273;120122;89244;1093;10116;2285;262802;458;232;1543;0.0;0;0.0
2017-09;20170901;2;23;804;23517;80734;37123;3414;1134;67237;146726;996;660;2822;0.0;0;0.0
2017-09;20170901;2;5;436;13342;53969;34528;2181;5210;11560;109666;316;203;870;0.0;0;0.0
2017-09;20170901;2;35;103;2713;26013;17859;668;846;126;48202;155;58;467;0.0;0;0.0
2017-09;20170901;3;1;180;5667;26734;17616;512;2457;55189;53166;0;0;0;0.0;0;0.0
2017-09;20170901;3;9;497;7241;51325;49449;2910;676;71006;112098;0;0;0;0.0;0;0.0
2017-09;20170901;3;17;265;7547;34390;21842;409;1748;39666;66201;231;128;734;0.0;0;0.0
2017-09;20170901;3;33;335;12619;55990;78179;1253;334;61;148710;0;0;0;0.0;0;0.0
2017-09;20170901;1;12;841;17321;70662;31482;3142;1730;65470;125178;0;0;0;0.0;0;0.0
2017-09;20170901;1;64;322;12162;61561;43795;697;1892;0;120429;0;0;0;0.0;0;0.0
2017-09;20170901;4;73;206;6713;26235;29944;767;1840;0;65705;0;0;0;0.0;0;0.0
2017-09;20170901;2;20;546;16980;66141;33365;1574;4168;140;122774;246;125;699;0.0;0;0.0
2017-09;20170901;3;16;180;5946;27726;28794;1488;935;47927;65069;549;371;1327;0.0;0;0.0
2017-09;20170901;3;10;505;10915;49727;60941;4475;1020;49580;127583;839;612;1890;0.0;0;0.0
2017-09;20170901;1;2;615;18322;68348;33781;2277;24324;4701;147667;0;0;0;0.0;0;0.0
2017-09;20170901;2;15;564;12035;64671;62013;5114;2271;0;146668;228;134;787;0.0;0;0.0
2017-09;20170901;2;38;242;5219;34814;27606;1772;1995;3166;71648;0;0;0;0.0;0;0.0
2017-09;20170901;3;3;592;10662;49623;44744;853;2251;0;108725;151;70;730;0.0;0;0.0
2017-09;20170901;1;21;228;9953;55929;28624;701;1997;13;97432;167;53;346;0.0;0;0.0
2017-09;20170901;1;14;660;11616;63582;15917;1080;1232;14172;94087;692;393;1387;0.0;0;0.0
2017-09;20170901;1;7;731;13980;58190;55739;688;6195;11452;135523;241;134;616;0.0;0;0.0
2017-09;20170901;1;53;269;11183;31976;16677;1617;5148;219;66870;0;0;0;0.0;0;0.0
2017-08;20170801;4;69;0;0;0;0;0;0;62256;0;0;0;0;0.0;0;0.0
2017-08;20170801;2;15;512;10739;57877;55306;4424;1989;0;130847;227;134;787;0.0;0;0.0
2017-08;20170801;2;23;717;21048;72011;33317;2878;818;60404;130789;994;666;2785;0.0;0;0.0
2017-08;20170801;2;5;392;12000;47993;30995;1942;4627;10431;97949;316;208;870;0.0;0;0.0
2017-08;20170801;2;38;230;4678;31180;25050;1589;1755;2769;64482;0;0;0;0.0;0;0.0
2017-08;20170801;2;35;90;2484;23304;16054;599;755;122;43286;155;59;467;0.0;0;0.0
2017-08;20170801;3;1;156;5088;23537;15734;468;2222;49171;47205;0;0;0;0.0;0;0.0
2017-08;20170801;3;32;280;12881;39271;54248;564;185;0;107429;0;0;0;0.0;0;0.0
2017-08;20170801;3;25;223;9707;36045;33182;363;1037;4596;80557;175;107;602;0.0;0;0.0
2017-08;20170801;1;21;201;8906;49977;25472;601;1810;11;86967;165;54;346;0.0;0;0.0
2017-08;20170801;1;14;599;10337;56680;14018;944;1104;12413;83682;693;394;1382;0.0;0;0.0
2017-08;20170801;1;53;239;9985;28503;14874;1409;4660;193;59670;0;0;0;0.0;0;0.0
2017-08;20170801;4;73;184;6066;23468;26739;662;1661;0;58780;0;0;0;0.0;0;0.0
2017-08;20170801;5;13;868;36763;106747;79691;979;9021;1953;234069;455;241;1519;0.0;0;0.0
2017-08;20170801;2;8;88;2005;23434;7346;54;919;12148;33846;117;72;391;0.0;0;0.0
2017-08;20170801;3;9;446;6546;45841;43787;2534;626;63795;99780;0;0;0;0.0;0;0.0
2017-08;20170801;3;28;457;20248;56070;86357;3427;5730;480;172289;385;255;995;0.0;0;0.0
2017-08;20170801;3;27;474;9213;27705;32233;5577;1195;32761;76397;374;195;932;0.0;0;0.0
2017-08;20170801;3;17;233;6778;30557;19386;337;1561;35544;58852;232;129;735;0.0;0;0.0
2017-08;20170801;3;22;285;8708;39098;31235;371;1737;39954;81434;158;103;562;0.0;0;0.0
2017-08;20170801;3;3;536;9551;44425;39888;760;2007;0;97167;146;70;728;0.0;0;0.0
2017-08;20170801;1;12;761;15394;63125;28097;2749;1483;58687;111609;0;0;0;0.0;0;0.0
2017-08;20170801;1;2;545;16339;60697;30269;1992;22014;4624;131856;0;0;0;0.0;0;0.0
2017-08;20170801;3;10;467;9717;44270;53982;3944;914;44249;113294;842;617;1896;0.0;0;0.0
2017-08;20170801;1;7;667;12519;51904;50077;597;5450;10247;121214;240;139;614;0.0;0;0.0
2017-08;20170801;1;29;82;3343;17498;20864;561;735;0;43083;59;40;175;0.0;0;0.0
2017-08;20170801;1;72;210;5593;42369;21611;843;1965;170;72591;0;0;0;0.0;0;0.0
2017-08;20170801;4;66;139;6702;27444;11189;883;385;22047;46742;0;0;0;0.0;0;0.0
2017-08;20170801;2;20;485;15194;58658;30110;1432;3674;124;109553;245;126;698;0.0;0;0.0
2017-08;20170801;3;16;164;5324;24599;25461;1322;840;42995;57710;547;375;1318;0.0;0;0.0
2017-08;20170801;3;33;307;11221;49783;69919;1083;303;59;132616;0;0;0;0.0;0;0.0
2017-08;20170801;1;30;158;7250;37552;35908;744;3220;365;84832;0;0;0;0.0;0;0.0
2017-08;20170801;1;31;535;11781;70485;51788;2207;0;578;136796;0;0;0;0.0;0;0.0
2017-08;20170801;1;64;289;10981;54961;39291;637;1610;0;107769;0;0;0;0.0;0;0.0
2017-07;20170701;4;73;155;5336;20576;23376;572;1443;0;51458;0;0;0;0.0;0;0.0
2017-07;20170701;3;17;214;5929;26623;16652;290;1372;31951;51080;230;131;729;0.0;0;0.0
2017-07;20170701;3;10;415;8663;38746;46753;3423;783;39427;98783;842;621;1868;0.0;0;0.0
2017-07;20170701;1;14;528;9058;49150;12120;825;965;10656;72646;694;400;1380;0.0;0;0.0
2017-07;20170701;1;64;259;9695;47448;33627;547;1290;0;92866;0;0;0;0.0;0;0.0
2017-07;20170701;3;22;252;7585;33549;26612;334;1531;35955;69863;159;108;563;0.0;0;0.0
2017-07;20170701;3;32;259;11661;34967;47382;473;151;0;94893;0;0;0;0.0;0;0.0
2017-07;20170701;3;33;282;10002;43979;61830;912;272;57;117277;0;0;0;0.0;0;0.0
2017-07;20170701;3;28;421;18136;49514;75848;2966;5024;442;151909;384;257;992;0.0;0;0.0
2017-07;20170701;3;27;423;8170;24166;27751;4989;1100;29137;66599;373;198;917;0.0;0;0.0
2017-07;20170701;1;12;676;13449;54932;24505;2425;1326;52565;97313;0;0;0;0.0;0;0.0
2017-07;20170701;1;7;581;11042;45420;44117;522;4796;8702;106478;242;143;607;0.0;0;0.0
2017-07;20170701;1;29;69;2958;15313;18332;488;658;0;37818;58;40;174;0.0;0;0.0
2017-07;20170701;1;53;210;8781;24948;12777;1200;4016;176;51932;0;0;0;0.0;0;0.0
2017-07;20170701;5;13;735;31517;90036;68158;856;7740;1561;199042;448;248;1512;0.0;0;0.0
2017-07;20170701;2;38;215;4062;26837;21906;1346;1486;2422;55852;0;0;0;0.0;0;0.0
2017-07;20170701;2;35;78;2181;20370;14075;525;624;119;37853;155;61;467;0.0;0;0.0
2017-07;20170701;3;3;482;8517;39056;34927;679;1748;0;85409;146;72;725;0.0;0;0.0
2017-07;20170701;1;30;134;6432;32836;31680;620;2642;348;74344;0;0;0;0.0;0;0.0
2017-07;20170701;1;72;178;4848;36103;18683;732;1686;142;62230;0;0;0;0.0;0;0.0
2017-07;20170701;4;66;88;5002;20160;7932;621;323;26670;34126;0;0;0;0.0;0;0.0
2017-07;20170701;4;69;0;0;0;0;0;0;53159;0;0;0;0;0.0;0;0.0
2017-07;20170701;2;8;80;1777;20182;6366;45;750;10747;29200;116;74;388;0.0;0;0.0
2017-07;20170701;2;15;463;9458;50612;47637;3728;1710;0;113608;221;139;777;0.0;0;0.0
2017-07;20170701;2;20;435;13428;51037;26559;1253;3222;110;95934;240;130;696;0.0;0;0.0
2017-07;20170701;2;23;616;18512;62441;28976;2497;724;53658;113766;994;669;2788;0.0;0;0.0
2017-07;20170701;3;9;389;5778;40245;37880;2225;554;57465;87071;0;0;0;0.0;0;0.0
2017-07;20170701;3;16;144;4736;21591;22319;1126;747;38656;50663;536;388;1312;0.0;0;0.0
2017-07;20170701;1;21;180;7812;43951;22450;512;1564;10;76469;165;55;347;0.0;0;0.0
2017-07;20170701;1;31;464;10354;61604;44828;1842;0;518;119092;0;0;0;0.0;0;0.0
2017-07;20170701;2;5;348;10616;41797;27025;1678;3971;8791;85435;316;211;870;0.0;0;0.0
2017-07;20170701;3;1;134;4519;20440;13583;420;2021;43801;41117;0;0;0;0.0;0;0.0
2017-07;20170701;3;25;199;8463;31603;29168;299;909;4084;70641;175;107;601;0.0;0;0.0
2017-07;20170701;1;2;483;14261;53186;26259;1711;19964;4080;115864;0;0;0;0.0;0;0.0
2017-06;20170601;3;22;219;6504;28320;22476;295;1354;31801;59168;155;123;564;0.0;0;0.0
2017-06;20170601;1;14;451;7815;41692;10179;676;797;8786;61610;689;401;1391;0.0;0;0.0
2017-06;20170601;1;7;512;9410;38750;37894;370;4100;7410;91036;238;155;589;0.0;0;0.0
2017-06;20170601;1;29;57;2548;13196;15611;406;570;0;32388;58;41;174;0.0;0;0.0
2017-06;20170601;4;73;143;4518;17601;20185;491;1217;0;44155;0;0;0;0.0;0;0.0
2017-06;20170601;5;13;626;26671;75082;57646;758;6646;1206;167429;444;258;1519;0.0;0;0.0
2017-06;20170601;2;15;407;8226;43337;40566;3119;1485;0;97140;220;146;763;0.0;0;0.0
2017-06;20170601;3;1;119;3902;17384;11491;348;1794;38184;35038;0;0;0;0.0;0;0.0
2017-06;20170601;3;16;125;4097;18470;19025;968;644;33650;43329;533;396;1310;0.0;0;0.0
2017-06;20170601;1;21;161;6703;37395;19103;427;1333;9;65122;167;56;347;0.0;0;0.0
2017-06;20170601;1;2;413;12205;45212;22482;1486;17567;3566;99365;0;0;0;0.0;0;0.0
2017-06;20170601;1;72;152;4226;30714;16208;629;1413;118;53342;0;0;0;0.0;0;0.0
2017-06;20170601;2;20;368;11544;43166;22997;1070;2728;93;81873;238;131;696;0.0;0;0.0
2017-06;20170601;2;38;205;3424;22960;19047;1138;1244;2001;48018;0;0;0;0.0;0;0.0
2017-06;20170601;2;35;65;1895;17563;12038;437;537;106;32535;155;62;465;0.0;0;0.0
2017-06;20170601;3;17;186;5177;22720;13969;254;1202;27999;43508;228;135;728;0.0;0;0.0
2017-06;20170601;1;12;588;11536;46651;20730;2014;1080;45833;82599;0;0;0;0.0;0;0.0
2017-06;20170601;1;30;112;5571;28096;26892;516;2151;300;63338;0;0;0;0.0;0;0.0
2017-06;20170601;4;66;80;4348;17234;6948;549;290;23171;29449;0;0;0;0.0;0;0.0
2017-06;20170601;4;69;0;0;0;0;0;0;44615;0;0;0;0;0.0;0;0.0
2017-06;20170601;2;8;67;1544;16984;5409;35;634;9426;24673;117;74;387;0.0;0;0.0
2017-06;20170601;3;9;333;5055;34443;31973;1923;481;50181;74208;0;0;0;0.0;0;0.0
2017-06;20170601;3;3;428;7389;33413;30163;607;1550;0;73550;141;71;709;0.0;0;0.0
2017-06;20170601;3;32;222;10150;30153;40782;402;114;0;81823;0;0;0;0.0;0;0.0
2017-06;20170601;3;33;244;8701;37915;53350;767;240;48;101217;0;0;0;0.0;0;0.0
2017-06;20170601;3;25;173;7374;27291;24868;234;774;3516;60714;179;115;593;0.0;0;0.0
2017-06;20170601;3;28;372;15776;42595;64998;2498;4248;396;130487;382;262;972;0.0;0;0.0
2017-06;20170601;3;27;359;7130;20645;23299;4351;939;25493;56723;373;201;919;0.0;0;0.0
2017-06;20170601;2;23;528;16016;53018;24716;2159;593;46603;97030;993;679;2791;0.0;0;0.0
2017-06;20170601;2;5;306;9188;35824;23198;1419;3393;7413;73328;317;218;868;0.0;0;0.0
2017-06;20170601;3;10;367;7485;33108;39539;2890;666;34245;84055;827;649;1877;0.0;0;0.0
2017-06;20170601;1;31;388;8867;52744;37775;1540;0;444;101314;0;0;0;0.0;0;0.0
2017-06;20170601;1;53;183;7433;21234;10887;999;3421;152;44157;0;0;0;0.0;0;0.0
2017-06;20170601;1;64;229;8447;40562;28610;454;1083;0;79385;0;0;0;0.0;0;0.0
2017-05;20170501;3;25;139;6177;22895;20526;186;657;2778;50580;177;115;594;0.0;0;0.0
2017-05;20170501;1;2;345;10100;37386;18787;1238;14995;3020;82851;0;0;0;0.0;0;0.0
2017-05;20170501;1;7;441;7907;32050;31072;252;3371;6406;75093;241;159;588;0.0;0;0.0
2017-05;20170501;1;64;197;7181;33849;23841;406;926;0;66400;0;0;0;0.0;0;0.0
2017-05;20170501;4;69;0;0;0;0;0;0;36701;0;0;0;0;0.0;0;0.0
2017-05;20170501;5;13;540;21977;61873;47877;638;5503;906;138408;442;260;1520;0.0;0;0.0
2017-05;20170501;2;20;322;9633;35773;19169;931;2246;79;68074;240;130;691;0.0;0;0.0
2017-05;20170501;2;23;451;13454;43937;20593;1851;471;38964;80757;994;694;2793;0.0;0;0.0
2017-05;20170501;1;31;326;7465;44239;30943;1229;0;383;84202;0;0;0;0.0;0;0.0
2017-05;20170501;1;72;138;3517;25598;13636;527;1218;92;44634;0;0;0;0.0;0;0.0
2017-05;20170501;3;1;100;3289;14373;9457;282;1494;31991;28995;0;0;0;0.0;0;0.0
2017-05;20170501;3;9;267;4282;28652;26092;1548;385;42317;61226;0;0;0;0.0;0;0.0
2017-05;20170501;3;27;309;6055;17173;19056;3554;679;21569;46826;372;208;920;0.0;0;0.0
2017-05;20170501;1;29;50;2166;10955;12929;342;482;0;26924;57;41;174;0.0;0;0.0
2017-05;20170501;1;53;156;6221;17524;8978;834;2874;139;36587;0;0;0;0.0;0;0.0
2017-05;20170501;2;8;52;1292;13946;4483;33;538;7950;20344;116;76;385;0.0;0;0.0
2017-05;20170501;2;15;348;7025;36320;33789;2556;1257;0;81295;220;147;765;0.0;0;0.0
2017-05;20170501;2;5;262;7792;29788;19495;1185;2730;6229;61252;318;214;871;0.0;0;0.0
2017-05;20170501;2;38;0;0;0;0;0;0;41919;0;0;0;0;0.0;0;0.0
2017-05;20170501;3;17;164;4401;18658;11417;222;1010;23541;35872;231;139;730;0.0;0;0.0
2017-05;20170501;3;22;182;5428;23482;18424;222;1192;26970;48930;156;126;566;0.0;0;0.0
2017-05;20170501;3;10;292;6365;27665;32550;2401;550;28580;69823;828;657;1890;0.0;0;0.0
2017-05;20170501;3;33;195;7404;31729;44453;634;207;46;84622;0;0;0;0.0;0;0.0
2017-05;20170501;3;28;314;13352;35433;53902;2051;3506;309;108558;376;265;975;0.0;0;0.0
2017-05;20170501;4;66;66;3653;14443;5857;461;249;19520;24729;0;0;0;0.0;0;0.0
2017-05;20170501;4;73;113;3776;14551;16962;414;1004;0;36820;0;0;0;0.0;0;0.0
2017-05;20170501;2;35;53;1603;14589;9899;344;451;95;26939;155;61;465;0.0;0;0.0
2017-05;20170501;3;16;106;3514;15410;15738;748;588;28239;36104;533;401;1317;0.0;0;0.0
2017-05;20170501;3;3;353;6270;27774;25336;516;1260;0;61509;140;72;710;0.0;0;0.0
2017-05;20170501;3;32;182;8616;24852;33830;353;92;0;67925;0;0;0;0.0;0;0.0
2017-05;20170501;1;12;493;9704;38475;17050;1597;896;38786;68215;0;0;0;0.0;0;0.0
2017-05;20170501;1;21;142;5675;30889;15872;348;1103;8;54029;168;56;347;0.0;0;0.0
2017-05;20170501;1;14;370;6545;34350;8429;543;660;7496;50897;692;412;1397;0.0;0;0.0
2017-05;20170501;1;30;95;4681;23405;22084;409;1634;266;52308;0;0;0;0.0;0;0.0
2017-04;20170401;4;66;55;2884;11354;4679;361;193;15733;19526;0;0;0;0.0;0;0.0
2017-04;20170401;2;8;45;1055;11013;3530;25;435;6249;16103;116;80;387;0.0;0;0.0
2017-04;20170401;2;35;43;1266;11532;7787;291;348;47;21267;156;61;467;0.0;0;0.0
2017-04;20170401;3;1;80;2625;11171;7558;224;1180;25396;22838;0;0;0;0.0;0;0.0
2017-04;20170401;3;32;151;6934;19595;26523;297;81;0;53581;0;0;0;0.0;0;0.0
2017-04;20170401;3;33;157;6004;25143;35245;500;154;40;67203;0;0;0;0.0;0;0.0
2017-04;20170401;1;21;109;4615;24385;12397;272;876;8;42654;168;56;349;0.0;0;0.0
2017-04;20170401;1;31;266;6000;35372;24028;890;0;299;66556;0;0;0;0.0;0;0.0
2017-04;20170401;1;29;45;1737;8722;10366;283;392;0;21545;58;42;176;0.0;0;0.0
2017-04;20170401;4;73;99;3018;11521;13369;301;790;0;29098;0;0;0;0.0;0;0.0
2017-04;20170401;2;15;284;5590;28848;26723;1909;979;0;64333;220;148;767;0.0;0;0.0
2017-04;20170401;3;10;234;5148;21970;25385;1887;447;22459;55071;827;675;1900;0.0;0;0.0
2017-04;20170401;3;3;291;5079;21961;20043;414;983;0;48771;142;72;710;0.0;0;0.0
2017-04;20170401;1;53;119;5014;13912;6866;650;2283;126;28844;0;0;0;0.0;0;0.0
2017-04;20170401;1;64;171;5884;26909;19004;342;713;0;53023;0;0;0;0.0;0;0.0
2017-04;20170401;4;69;0;0;0;0;0;0;29027;0;0;0;0;0.0;0;0.0
2017-04;20170401;2;20;255;7705;28020;15264;741;1709;68;53694;240;130;678;0.0;0;0.0
2017-04;20170401;3;17;139;3539;14569;8896;191;831;18633;28165;231;142;731;0.0;0;0.0
2017-04;20170401;3;22;143;4338;18597;14508;180;1028;21394;38794;156;126;566;0.0;0;0.0
2017-04;20170401;3;25;118;4918;18118;16287;141;515;2300;40097;178;119;593;0.0;0;0.0
2017-04;20170401;1;12;383;7809;30322;13286;1185;675;30723;53660;0;0;0;0.0;0;0.0
2017-04;20170401;1;7;367;6327;25586;24762;191;2624;4847;59857;241;159;588;0.0;0;0.0
2017-04;20170401;2;5;225;6374;23396;15651;960;2094;4928;48700;316;214;871;0.0;0;0.0
2017-04;20170401;2;38;0;0;0;0;0;0;33532;0;0;0;0;0.0;0;0.0
2017-04;20170401;3;9;218;3436;22880;20414;1183;291;33701;48422;0;0;0;0.0;0;0.0
2017-04;20170401;3;16;88;2778;12091;12224;580;401;22376;28162;533;404;1319;0.0;0;0.0
2017-04;20170401;3;28;256;10752;27795;42124;1590;2739;260;85256;377;267;980;0.0;0;0.0
2017-04;20170401;1;72;114;2846;20476;10966;431;976;77;35809;0;0;0;0.0;0;0.0
2017-04;20170401;5;13;452;17529;48997;37888;506;4301;669;109673;446;264;1497;0.0;0;0.0
2017-04;20170401;2;23;351;10783;34554;16219;1453;378;30714;63738;998;704;2794;0.0;0;0.0
2017-04;20170401;3;27;262;4850;13573;14781;2799;553;17091;36818;372;212;922;0.0;0;0.0
2017-04;20170401;1;14;300;5309;27205;6449;448;494;5879;40205;692;413;1402;0.0;0;0.0
2017-04;20170401;1;2;289;7919;29711;15008;961;12161;2320;66049;0;0;0;0.0;0;0.0
2017-04;20170401;1;30;75;3716;18645;17251;321;1137;222;41145;0;0;0;0.0;0;0.0
2017-03;20170301;4;69;0;0;0;0;0;0;22098;0;0;0;0;0.0;0;0.0
2017-03;20170301;2;15;220;4206;21843;20172;1318;717;0;48476;221;148;767;0.0;0;0.0
2017-03;20170301;2;38;0;0;0;0;0;0;25633;0;0;0;0;0.0;0;0.0
2017-03;20170301;2;35;34;958;8645;5780;207;275;31;15899;156;61;463;0.0;0;0.0
2017-03;20170301;3;1;59;2025;8317;5533;154;861;19325;16949;0;0;0;0.0;0;0.0
2017-03;20170301;3;3;234;3900;16421;15110;329;760;0;36754;142;72;733;0.0;0;0.0
2017-03;20170301;3;27;206;3745;10145;10964;1994;442;12919;27496;375;212;924;0.0;0;0.0
2017-03;20170301;1;21;84;3442;18268;9393;194;706;8;32087;166;56;350;0.0;0;0.0
2017-03;20170301;1;7;305;4802;19350;18742;137;1896;3634;45232;241;159;588;0.0;0;0.0
2017-03;20170301;1;30;55;2721;13994;12901;233;808;169;30712;0;0;0;0.0;0;0.0
2017-03;20170301;4;66;43;2159;8536;3593;256;144;11825;14731;0;0;0;0.0;0;0.0
2017-03;20170301;5;13;335;13170;36568;28419;367;3117;474;81976;447;264;1502;0.0;0;0.0
2017-03;20170301;2;5;164;4905;17496;12082;750;1508;3678;36905;318;215;861;0.0;0;0.0
2017-03;20170301;3;10;166;3967;16500;18571;1340;343;17045;40887;824;687;1912;0.0;0;0.0
2017-03;20170301;3;32;120;5267;14708;19877;247;49;0;40268;0;0;0;0.0;0;0.0
2017-03;20170301;1;29;36;1305;6595;7975;187;318;0;16416;58;43;176;0.0;0;0.0
2017-03;20170301;3;16;64;2114;9109;9082;436;292;17055;21097;529;405;1323;0.0;0;0.0
2017-03;20170301;3;22;116;3284;13851;10805;139;877;16372;29072;155;128;567;0.0;0;0.0
2017-03;20170301;1;14;221;4068;20239;4579;313;364;4382;29784;692;418;1408;0.0;0;0.0
2017-03;20170301;1;2;229;5925;22065;11431;712;9358;1709;49720;0;0;0;0.0;0;0.0
2017-03;20170301;1;31;198;4619;26712;17975;677;0;243;50181;0;0;0;0.0;0;0.0
2017-03;20170301;4;73;80;2308;8675;10046;237;577;0;21923;0;0;0;0.0;0;0.0
2017-03;20170301;2;23;268;8391;25942;11784;928;274;23177;47587;1000;707;2794;0.0;0;0.0
2017-03;20170301;1;64;137;4543;20543;14148;246;494;0;40111;0;0;0;0.0;0;0.0
2017-03;20170301;2;8;32;788;8121;2664;15;329;4799;11949;116;79;388;0.0;0;0.0
2017-03;20170301;2;20;209;5897;21056;11500;578;1261;55;40501;240;132;691;0.0;0;0.0
2017-03;20170301;3;9;153;2630;17207;14876;848;213;25849;35927;0;0;0;0.0;0;0.0
2017-03;20170301;3;17;96;2711;10652;6581;162;647;14235;20849;231;144;732;0.0;0;0.0
2017-03;20170301;3;33;130;4653;18729;26569;391;115;30;50587;0;0;0;0.0;0;0.0
2017-03;20170301;3;25;95;3735;13887;12046;100;393;1701;30256;177;122;601;0.0;0;0.0
2017-03;20170301;3;28;203;8276;20694;31247;1160;2019;233;63599;379;269;984;0.0;0;0.0
2017-03;20170301;1;12;295;5879;22535;9617;849;518;23628;39693;0;0;0;0.0;0;0.0
2017-03;20170301;1;53;92;3815;10314;5079;497;1743;113;21540;0;0;0;0.0;0;0.0
2017-03;20170301;1;72;83;2205;15686;8323;329;732;66;27358;0;0;0;0.0;0;0.0
2017-02;20170201;4;66;25;1467;5646;2398;155;97;7875;9788;0;0;0;0.0;0;0.0
2017-02;20170201;4;73;55;1532;5658;6621;169;368;0;14403;0;0;0;0.0;0;0.0
2017-02;20170201;2;8;25;581;5263;1718;8;221;3214;7816;116;79;391;0.0;0;0.0
2017-02;20170201;2;20;144;4024;13949;7449;379;832;41;26777;241;133;695;0.0;0;0.0
2017-02;20170201;3;16;42;1468;5959;5784;267;205;11052;13725;527;405;1325;0.0;0;0.0
2017-02;20170201;3;22;87;2183;9159;6934;91;641;10822;19095;156;128;567;0.0;0;0.0
2017-02;20170201;3;33;91;3171;12140;17175;275;83;13;32935;0;0;0;0.0;0;0.0
2017-02;20170201;3;27;137;2481;6594;7081;1235;291;8465;17819;372;215;924;0.0;0;0.0
2017-02;20170201;2;23;175;5486;16941;7712;585;173;15044;31072;997;707;2797;0.0;0;0.0
2017-02;20170201;2;38;0;0;0;0;0;0;17216;0;0;0;0;0.0;0;0.0
2017-02;20170201;3;17;64;1778;6680;4264;108;428;9232;13322;232;145;736;0.0;0;0.0
2017-02;20170201;3;32;83;3562;9240;12808;149;31;0;25873;0;0;0;0.0;0;0.0
2017-02;20170201;3;25;66;2425;9272;7751;54;248;1072;19816;179;122;601;0.0;0;0.0
2017-02;20170201;1;64;103;3110;13802;9320;166;320;0;26821;0;0;0;0.0;0;0.0
2017-02;20170201;1;72;66;1526;10616;5597;229;532;45;18566;0;0;0;0.0;0;0.0
2017-02;20170201;4;69;0;0;0;0;0;0;14760;0;0;0;0;0.0;0;0.0
2017-02;20170201;5;13;229;8599;23567;18384;242;1993;333;53014;447;265;1527;0.0;0;0.0
2017-02;20170201;3;9;97;1771;11349;9564;507;139;16733;23427;0;0;0;0.0;0;0.0
2017-02;20170201;1;12;187;3892;14536;5995;517;315;15212;25442;0;0;0;0.0;0;0.0
2017-02;20170201;1;14;146;2721;12938;2857;193;245;2818;19100;689;419;1415;0.0;0;0.0
2017-02;20170201;1;30;39;1802;9241;8119;136;502;111;19839;0;0;0;0.0;0;0.0
2017-02;20170201;1;53;64;2459;6574;3269;334;1104;94;13804;0;0;0;0.0;0;0.0
2017-02;20170201;2;5;116;3380;11523;8124;474;964;2435;24581;319;218;854;0.0;0;0.0
2017-02;20170201;3;10;114;2739;10975;11694;775;241;10980;26538;828;691;1907;0.0;0;0.0
2017-02;20170201;3;3;159;2583;10657;9845;185;527;0;23956;139;73;735;0.0;0;0.0
2017-02;20170201;1;21;61;2262;11793;6195;116;517;1;20944;165;58;352;0.0;0;0.0
2017-02;20170201;1;2;167;3928;14308;7348;481;6101;1120;32333;0;0;0;0.0;0;0.0
2017-02;20170201;1;7;215;3316;12791;12221;92;1220;2306;29855;239;159;586;0.0;0;0.0
2017-02;20170201;1;29;27;894;4301;5227;117;241;0;10807;59;44;176;0.0;0;0.0
2017-02;20170201;2;15;146;2813;14371;13139;754;467;0;31690;221;150;763;0.0;0;0.0
2017-02;20170201;3;1;45;1377;5318;3514;101;570;12494;10925;0;0;0;0.0;0;0.0
2017-02;20170201;3;28;135;5549;13344;19656;714;1301;161;40699;380;272;980;0.0;0;0.0
2017-02;20170201;1;31;136;3074;17468;11760;415;0;174;32853;0;0;0;0.0;0;0.0
2017-01;20170101;5;13;127;4482;12052;9479;126;1012;183;27278;436;275;1526;0.0;0;0.0
2017-01;20170101;2;38;0;0;0;0;0;0;9600;0;0;0;0;0.0;0;0.0
2017-01;20170101;3;9;43;968;5999;4847;252;80;8774;12189;0;0;0;0.0;0;0.0
2017-01;20170101;3;28;71;2868;6860;9950;365;700;56;20814;376;273;976;0.0;0;0.0
2017-01;20170101;1;14;100;1499;6639;1326;116;108;1470;9788;682;431;1384;0.0;0;0.0
2017-01;20170101;1;30;25;998;4875;4083;66;232;64;10279;0;0;0;0.0;0;0.0
2017-01;20170101;1;31;88;1731;9097;6213;213;0;118;17342;0;0;0;0.0;0;0.0
2017-01;20170101;4;66;8;778;3019;1280;79;40;4230;5204;0;0;0;0.0;0;0.0
2017-01;20170101;4;69;0;0;0;0;0;0;8022;0;0;0;0;0.0;0;0.0
2017-01;20170101;2;23;104;3013;8863;3932;257;102;7887;16271;991;722;2793;0.0;0;0.0
2017-01;20170101;2;5;68;1910;6081;4395;254;504;1274;13212;319;220;844;0.0;0;0.0
2017-01;20170101;3;17;36;988;3419;2179;52;231;4841;6905;226;145;730;0.0;0;0.0
2017-01;20170101;3;25;32;1288;4959;3936;26;144;482;10385;177;124;592;0.0;0;0.0
2017-01;20170101;1;7;126;1851;6779;6151;51;592;1207;15550;235;161;573;0.0;0;0.0
2017-01;20170101;4;73;31;882;3080;3567;77;199;0;7836;0;0;0;0.0;0;0.0
2017-01;20170101;2;15;90;1527;7507;6899;377;239;0;16639;221;155;761;0.0;0;0.0
2017-01;20170101;3;1;27;747;2630;1793;37;301;6455;5535;0;0;0;0.0;0;0.0
2017-01;20170101;3;22;47;1154;4710;3686;43;291;5643;9931;155;128;568;0.0;0;0.0
2017-01;20170101;3;32;40;1924;4600;6450;70;18;0;13102;0;0;0;0.0;0;0.0
2017-01;20170101;1;12;112;2062;7473;3058;289;176;7940;13170;0;0;0;0.0;0;0.0
2017-01;20170101;1;21;34;1217;6023;3297;53;299;1;10923;164;58;353;0.0;0;0.0
2017-01;20170101;1;29;16;496;2262;2769;59;131;0;5733;58;44;174;0.0;0;0.0
2017-01;20170101;1;53;38;1354;3411;1655;161;547;26;7166;0;0;0;0.0;0;0.0
2017-01;20170101;2;8;11;338;2792;915;8;125;1801;4189;115;80;393;0.0;0;0.0
2017-01;20170101;2;20;91;2232;7287;3937;182;418;33;14147;240;132;693;0.0;0;0.0
2017-01;20170101;3;16;22;847;3136;3042;137;107;5730;7291;527;406;1319;0.0;0;0.0
2017-01;20170101;3;10;69;1583;5800;6077;398;127;5663;14054;817;709;1890;0.0;0;0.0
2017-01;20170101;3;27;70;1330;3445;3579;663;164;4257;9251;370;216;921;0.0;0;0.0
2017-01;20170101;3;3;92;1476;5722;5008;103;229;0;12630;137;75;727;0.0;0;0.0
2017-01;20170101;3;33;48;1804;6261;8682;140;43;7;16978;0;0;0;0.0;0;0.0
2017-01;20170101;1;2;99;2123;7543;3923;297;3146;569;17131;0;0;0;0.0;0;0.0
2017-01;20170101;1;64;54;1734;7523;4991;84;160;0;14546;0;0;0;0.0;0;0.0
2017-01;20170101;1;72;32;889;6057;3103;111;351;22;10543;0;0;0;0.0;0;0.0
2016-12;20161201;2;8;141;3133;36576;13389;93;1558;19992;54890;116;52;387;0.0;0;0.0
2016-12;20161201;2;20;843;24541;93475;48162;699;5494;279;173214;238;107;659;0.0;0;0.0
2016-12;20161201;2;38;288;7761;44418;42646;3766;2861;4383;101740;0;0;0;0.0;0;0.0
2016-12;20161201;2;35;177;3959;37089;23888;695;1492;0;67300;153;62;459;0.0;0;0.0
2016-12;20161201;1;2;999;25291;80209;31427;1582;38839;1772;178347;0;0;0;0.0;0;0.0
2016-12;20161201;1;7;1053;19707;81222;83744;851;8014;15613;194591;236;129;573;0.0;0;0.0
2016-12;20161201;1;53;350;15238;43614;22779;2326;6269;165;90576;0;0;0;0.0;0;0.0
2016-12;20161201;4;69;122;5615;27685;18175;147;1430;47034;53174;0;0;0;0.0;0;0.0
2016-12;20161201;3;33;468;17574;76460;108888;1934;490;285;205814;0;0;0;0.0;0;0.0
2016-12;20161201;1;12;1182;23805;94997;42088;3560;2201;94588;167833;0;0;0;0.0;0;0.0
2016-12;20161201;1;14;889;16539;87236;19420;1466;1599;16530;127149;680;370;1331;0.0;0;0.0
2016-12;20161201;1;31;803;17886;117298;67905;2427;0;745;206319;0;0;0;0.0;0;0.0
2016-12;20161201;1;64;479;18514;84078;60293;842;1614;0;165820;0;0;0;0.0;0;0.0
2016-12;20161201;5;13;1223;50757;155870;117521;1300;14162;16341;340833;433;213;1530;0.0;0;0.0
2016-12;20161201;2;15;749;14157;99600;84859;2741;2378;0;204484;221;127;744;0.0;0;0.0
2016-12;20161201;2;5;617;18613;74042;52212;3059;7376;16077;155919;319;178;842;0.0;0;0.0
2016-12;20161201;3;9;770;10789;73941;65498;4022;1172;102621;156192;0;0;0;0.0;0;0.0
2016-12;20161201;3;10;837;16243;71694;78778;6982;3693;49978;178227;814;580;1866;0.0;0;0.0
2016-12;20161201;3;32;434;19120;59698;86303;924;703;0;167182;0;0;0;0.0;0;0.0
2016-12;20161201;1;30;204;10197;53129;58966;1312;4399;911;128207;0;0;0;0.0;0;0.0
2016-12;20161201;1;72;325;9447;65956;31564;1041;4626;247;112959;0;0;0;0.0;0;0.0
2016-12;20161201;4;66;164;8809;37261;13801;961;1541;46822;62537;0;0;0;0.0;0;0.0
2016-12;20161201;2;23;1426;32964;111912;50023;2339;1161;94776;199825;990;616;2781;0.0;0;0.0
2016-12;20161201;3;22;519;13305;58559;47200;607;3930;64423;124120;156;95;567;0.0;0;0.0
2016-12;20161201;3;3;841;16129;67456;63899;1398;4149;0;153872;138;59;699;0.0;0;0.0
2016-12;20161201;4;73;266;9991;35416;44346;1218;2536;0;93773;0;0;0;0.0;0;0.0
2016-12;20161201;3;1;320;8546;37453;18494;402;3329;77652;68544;0;0;0;0.0;0;0.0
2016-12;20161201;3;16;320;9282;39220;34984;1820;1362;70608;86988;525;335;1310;0.0;0;0.0
2016-12;20161201;3;17;392;11430;47392;24406;493;3286;58491;87399;229;113;720;0.0;0;0.0
2016-12;20161201;3;25;375;15796;59741;46910;338;2161;7314;125321;176;105;590;0.0;0;0.0
2016-12;20161201;3;28;865;35176;89459;131817;5110;9656;747;272083;370;233;963;0.0;0;0.0
2016-12;20161201;3;27;655;15187;43118;43536;8186;1813;51576;112495;370;181;923;0.0;0;0.0
2016-12;20161201;1;21;299;14104;73340;38637;813;2632;390;129825;163;47;356;0.0;0;0.0
2016-12;20161201;1;29;136;4740;26949;34254;726;2946;0;69751;60;32;174;0.0;0;0.0
2016-11;20161101;2;23;1315;29483;103782;45114;2123;1066;85802;182883;991;624;2716;0.0;0;0.0
2016-11;20161101;2;35;157;3557;33742;21514;639;1356;0;60965;153;62;459;0.0;0;0.0
2016-11;20161101;3;28;771;31583;81528;120462;4776;9012;647;248132;370;234;947;0.0;0;0.0
2016-11;20161101;3;27;587;13786;39150;39774;7565;1678;46452;102540;361;182;911;0.0;0;0.0
2016-11;20161101;1;12;1066;21679;86904;38896;3316;2034;85839;153895;0;0;0;0.0;0;0.0
2016-11;20161101;4;73;243;9073;31971;40275;1133;2344;0;85039;0;0;0;0.0;0;0.0
2016-11;20161101;5;13;1111;46080;143657;107274;1202;13034;15851;312358;437;213;1532;0.0;0;0.0
2016-11;20161101;2;5;551;16912;67741;47772;2826;6742;14758;142544;319;179;837;0.0;0;0.0
2016-11;20161101;3;9;710;9845;67636;60272;3716;1071;92674;143250;0;0;0;0.0;0;0.0
2016-11;20161101;3;17;351;10437;43553;21980;429;3047;53120;79797;231;114;706;0.0;0;0.0
2016-11;20161101;3;10;753;14728;65193;71900;6361;3397;44857;162332;813;586;1828;0.0;0;0.0
2016-11;20161101;1;21;261;12798;66702;34748;745;2343;388;117597;164;47;355;0.0;0;0.0
2016-11;20161101;1;7;894;16905;73151;76907;680;7061;15495;175598;238;133;570;0.0;0;0.0
2016-11;20161101;1;29;116;4298;24523;31356;648;2763;0;63704;60;32;174;0.0;0;0.0
2016-11;20161101;1;72;294;8532;59989;28745;961;4230;228;102751;0;0;0;0.0;0;0.0
2016-11;20161101;4;66;153;7967;33972;12521;894;1498;41829;57005;0;0;0;0.0;0;0.0
2016-11;20161101;4;69;111;5099;25221;16469;142;1334;42358;48376;0;0;0;0.0;0;0.0
2016-11;20161101;2;20;754;22302;85515;43869;634;5058;97;158132;239;106;663;0.0;0;0.0
2016-11;20161101;3;16;287;8401;35956;31844;1619;1236;63815;79343;523;336;1297;0.0;0;0.0
2016-11;20161101;3;32;384;17083;54309;78285;862;666;0;151589;0;0;0;0.0;0;0.0
2016-11;20161101;3;33;405;15746;69175;99041;1801;445;105;186613;0;0;0;0.0;0;0.0
2016-11;20161101;1;14;795;14796;80234;17829;1367;1468;15146;116489;685;372;1338;0.0;0;0.0
2016-11;20161101;1;2;910;22685;73270;28699;1425;34466;1633;161455;0;0;0;0.0;0;0.0
2016-11;20161101;2;15;616;11496;91151;76623;1894;1903;0;183683;221;127;743;0.0;0;0.0
2016-11;20161101;3;1;288;7704;34185;16843;375;3076;69969;62471;0;0;0;0.0;0;0.0
2016-11;20161101;3;22;434;11409;50618;41707;554;3348;62714;108070;156;94;568;0.0;0;0.0
2016-11;20161101;3;3;751;14663;61105;58127;1292;3829;0;139767;137;59;706;0.0;0;0.0
2016-11;20161101;1;30;191;9158;47910;54014;1200;4147;769;116620;0;0;0;0.0;0;0.0
2016-11;20161101;1;53;303;13803;39635;20998;2198;5721;143;82658;0;0;0;0.0;0;0.0
2016-11;20161101;1;64;434;16722;76491;55078;763;1416;0;150904;0;0;0;0.0;0;0.0
2016-11;20161101;2;8;124;2803;33439;12399;88;1412;18320;50265;115;52;393;0.0;0;0.0
2016-11;20161101;2;38;264;7026;40465;38929;3632;2658;4083;92974;0;0;0;0.0;0;0.0
2016-11;20161101;3;25;345;14405;54520;41829;296;1907;6670;113302;176;105;575;0.0;0;0.0
2016-11;20161101;1;31;720;16236;107712;62024;2154;0;624;188846;0;0;0;0.0;0;0.0
2016-10;20161001;4;66;134;7247;30842;11259;821;1456;37779;51759;0;0;0;0.0;0;0.0
2016-10;20161001;2;8;105;2566;30714;11508;83;1283;16817;46259;116;52;394;0.0;0;0.0
2016-10;20161001;2;38;249;6790;38495;35583;1623;2484;3558;85224;0;0;0;0.0;0;0.0
2016-10;20161001;3;1;267;6924;31130;15376;339;2818;63180;56854;0;0;0;0.0;0;0.0
2016-10;20161001;1;14;731;13584;73575;16306;1252;1328;13402;106776;682;371;1342;0.0;0;0.0
2016-10;20161001;1;30;176;8344;43408;49232;1064;3887;561;106111;0;0;0;0.0;0;0.0
2016-10;20161001;4;73;223;8303;28941;36894;1044;2120;0;77525;0;0;0;0.0;0;0.0
2016-10;20161001;3;16;252;7620;32585;28932;1499;1120;57550;72008;522;336;1283;0.0;0;0.0
2016-10;20161001;3;17;315;9515;39946;19956;381;2811;47824;72924;234;113;708;0.0;0;0.0
2016-10;20161001;3;10;686;13412;59148;65370;5754;3114;40309;147484;816;586;1806;0.0;0;0.0
2016-10;20161001;3;32;345;15286;49088;70890;796;651;0;137056;0;0;0;0.0;0;0.0
2016-10;20161001;3;25;316;13157;49754;37451;266;1710;6092;102654;174;107;560;0.0;0;0.0
2016-10;20161001;3;28;697;28781;74384;109309;4384;8250;585;225805;367;236;914;0.0;0;0.0
2016-10;20161001;1;72;273;7835;54812;26320;875;3858;219;93973;0;0;0;0.0;0;0.0
2016-10;20161001;2;15;566;10547;83625;70295;1737;1746;0;168516;223;127;744;0.0;0;0.0
2016-10;20161001;2;20;687;20418;78128;40073;569;4618;84;144493;234;108;664;0.0;0;0.0
2016-10;20161001;2;23;1176;26746;94522;41442;1852;947;76976;166685;993;628;2702;0.0;0;0.0
2016-10;20161001;3;27;540;12609;35672;36473;6958;1537;41378;93789;359;184;879;0.0;0;0.0
2016-10;20161001;1;12;971;19696;79184;35746;3082;1887;77157;140566;0;0;0;0.0;0;0.0
2016-10;20161001;1;7;813;15369;66528;70053;619;6420;14087;159802;239;133;571;0.0;0;0.0
2016-10;20161001;1;64;404;15304;69744;50611;719;1291;0;138073;0;0;0;0.0;0;0.0
2016-10;20161001;5;13;1029;42116;132001;98031;1090;11932;15731;286199;437;214;1525;0.0;0;0.0
2016-10;20161001;2;35;144;3287;30858;19584;572;1266;0;55711;155;62;459;0.0;0;0.0
2016-10;20161001;3;3;668;13395;54889;52570;1193;3624;0;126339;138;59;691;0.0;0;0.0
2016-10;20161001;3;33;371;14328;62855;89473;1664;397;96;169088;0;0;0;0.0;0;0.0
2016-10;20161001;4;69;105;4740;23302;14799;132;1244;38767;44322;0;0;0;0.0;0;0.0
2016-10;20161001;2;5;493;15454;61786;43610;2543;6123;14092;130009;319;179;831;0.0;0;0.0
2016-10;20161001;3;9;651;9062;61822;55316;3423;960;83476;131234;0;0;0;0.0;0;0.0
2016-10;20161001;3;22;404;10383;48095;38906;494;3201;53806;101483;154;97;571;0.0;0;0.0
2016-10;20161001;1;21;239;11750;60661;31394;683;2072;385;106799;162;48;355;0.0;0;0.0
2016-10;20161001;1;2;836;20549;66868;26341;1295;30879;1471;146768;0;0;0;0.0;0;0.0
2016-10;20161001;1;31;653;14794;99051;56117;1883;0;549;172498;0;0;0;0.0;0;0.0
2016-10;20161001;1;29;105;3973;22432;28522;577;2632;0;58241;59;32;175;0.0;0;0.0
2016-10;20161001;1;53;278;12537;36067;19327;2021;5143;120;75373;0;0;0;0.0;0;0.0
2016-09;20160901;2;15;515;9606;76156;64003;1580;1589;0;153449;216;127;744;0.0;0;0.0
2016-09;20160901;2;5;447;14044;55912;39890;2321;5518;12264;118132;318;180;831;0.0;0;0.0
2016-09;20160901;3;3;611;12148;49011;47083;1094;3437;0;113384;137;59;693;0.0;0;0.0
2016-09;20160901;1;14;668;12290;66652;14516;1148;1234;11499;96508;680;381;1343;0.0;0;0.0
2016-09;20160901;2;20;624;18405;70503;36036;504;4203;69;130275;231;111;663;0.0;0;0.0
2016-09;20160901;3;1;242;6215;28027;13853;313;2520;56505;51170;0;0;0;0.0;0;0.0
2016-09;20160901;3;16;229;6619;29119;25885;1351;1007;51713;64210;522;342;1283;0.0;0;0.0
2016-09;20160901;3;25;285;11901;44642;33688;244;1598;5383;92358;170;112;566;0.0;0;0.0
2016-09;20160901;3;28;634;25915;67160;97949;3946;7436;496;203040;366;237;918;0.0;0;0.0
2016-09;20160901;3;27;489;11364;32096;32751;6299;1388;36963;84387;362;184;884;0.0;0;0.0
2016-09;20160901;1;21;216;10660;54364;27958;594;1859;383;95651;158;51;357;0.0;0;0.0
2016-09;20160901;1;2;769;18308;60185;23924;1153;27731;1430;132070;0;0;0;0.0;0;0.0
2016-09;20160901;1;7;787;14733;60995;62423;595;6159;11397;145692;231;133;559;0.0;0;0.0
2016-09;20160901;1;30;165;7589;38639;44234;1003;3535;506;95165;0;0;0;0.0;0;0.0
2016-09;20160901;1;31;584;13421;89333;50225;1647;0;480;155210;0;0;0;0.0;0;0.0
2016-09;20160901;1;53;256;11312;32275;17457;1839;4619;107;67758;0;0;0;0.0;0;0.0
2016-09;20160901;1;64;357;13751;62769;46107;651;1150;0;124785;0;0;0;0.0;0;0.0
2016-09;20160901;4;66;123;6509;27470;9975;725;1417;33999;46219;0;0;0;0.0;0;0.0
2016-09;20160901;4;69;94;4311;21279;13366;118;1155;35262;40323;0;0;0;0.0;0;0.0
2016-09;20160901;5;13;915;38102;119313;88254;972;10808;15634;258364;432;220;1463;0.0;0;0.0
2016-09;20160901;2;8;93;2276;27782;10549;76;1177;15274;41953;114;52;394;0.0;0;0.0
2016-09;20160901;2;23;1061;24058;84646;37677;1556;789;68872;149787;990;640;2696;0.0;0;0.0
2016-09;20160901;3;9;590;8210;55867;49808;3078;853;74494;118406;0;0;0;0.0;0;0.0
2016-09;20160901;3;32;309;13583;43755;63739;720;637;0;122743;0;0;0;0.0;0;0.0
2016-09;20160901;3;33;331;12838;56397;80162;1474;355;89;151557;0;0;0;0.0;0;0.0
2016-09;20160901;1;29;91;3617;19973;25524;498;2430;0;52133;59;32;174;0.0;0;0.0
2016-09;20160901;2;38;223;6251;34669;32397;1443;2253;3220;77236;0;0;0;0.0;0;0.0
2016-09;20160901;3;22;368;9942;43778;35297;438;2954;46736;92777;152;98;571;0.0;0;0.0
2016-09;20160901;1;12;872;17669;70828;32250;2744;1722;68597;126085;0;0;0;0.0;0;0.0
2016-09;20160901;1;72;253;7159;49757;23788;759;3431;198;85147;0;0;0;0.0;0;0.0
2016-09;20160901;4;73;202;7532;25890;33470;911;1912;0;69917;0;0;0;0.0;0;0.0
2016-09;20160901;2;35;134;3038;27872;17580;520;1172;0;50316;155;62;457;0.0;0;0.0
2016-09;20160901;3;17;280;8585;35951;18040;337;2554;42915;65747;232;114;702;0.0;0;0.0
2016-09;20160901;3;10;605;11949;52658;58315;5146;2809;36050;131482;813;588;1816;0.0;0;0.0
2016-08;20160801;4;69;86;3943;19145;12167;101;1062;31731;36504;0;0;0;0.0;0;0.0
2016-08;20160801;4;73;183;6797;23082;30158;781;1708;0;62709;0;0;0;0.0;0;0.0
2016-08;20160801;3;16;203;5791;25703;23010;1187;901;46653;56795;509;360;1279;0.0;0;0.0
2016-08;20160801;3;28;587;23420;60275;87391;3462;6652;461;181787;359;241;926;0.0;0;0.0
2016-08;20160801;3;27;438;10241;28609;28988;5496;1238;33405;75010;355;192;884;0.0;0;0.0
2016-08;20160801;1;7;708;13384;54872;56422;531;5590;10177;131507;223;138;556;0.0;0;0.0
2016-08;20160801;1;31;532;12051;80174;44774;1408;0;427;138939;0;0;0;0.0;0;0.0
2016-08;20160801;2;20;560;16492;63118;32580;438;3780;61;116968;221;120;658;0.0;0;0.0
2016-08;20160801;2;23;979;21417;75952;33269;985;743;62043;133345;980;685;2698;0.0;0;0.0
2016-08;20160801;3;22;336;8925;39111;31217;383;2591;42488;82563;145;98;567;0.0;0;0.0
2016-08;20160801;1;12;790;15714;62750;28834;2452;1562;61940;112102;0;0;0;0.0;0;0.0
2016-08;20160801;1;30;147;6815;34262;39643;907;3152;459;84926;0;0;0;0.0;0;0.0
2016-08;20160801;1;29;84;3285;17759;22973;443;2226;0;46770;57;33;176;0.0;0;0.0
2016-08;20160801;1;64;322;12324;55850;41621;588;1028;0;111733;0;0;0;0.0;0;0.0
2016-08;20160801;2;8;83;2081;24908;9516;71;1010;14055;37669;112;54;394;0.0;0;0.0
2016-08;20160801;2;38;197;5733;31102;29603;1290;1984;2832;69909;0;0;0;0.0;0;0.0
2016-08;20160801;3;3;556;11154;43845;42276;982;3217;0;102030;133;60;691;0.0;0;0.0
2016-08;20160801;3;33;298;11563;50501;72238;1246;318;82;136164;0;0;0;0.0;0;0.0
2016-08;20160801;3;25;257;10662;39642;30565;219;1428;4726;82773;163;115;555;0.0;0;0.0
2016-08;20160801;1;14;595;10847;58545;12592;1002;1072;11331;84653;669;408;1346;0.0;0;0.0
2016-08;20160801;2;15;462;8617;68320;57430;1418;1426;0;137673;207;130;744;0.0;0;0.0
2016-08;20160801;2;5;401;12634;50038;36170;2099;4913;10974;106255;307;187;829;0.0;0;0.0
2016-08;20160801;2;35;121;2736;24955;15862;461;1048;0;45183;151;66;456;0.0;0;0.0
2016-08;20160801;3;10;546;10685;46663;51720;4541;2510;32678;116665;801;618;1826;0.0;0;0.0
2016-08;20160801;3;32;269;12202;38974;57532;639;616;0;110232;0;0;0;0.0;0;0.0
2016-08;20160801;1;21;200;9651;48815;24976;546;1662;307;85850;153;51;361;0.0;0;0.0
2016-08;20160801;4;66;110;5820;24364;8963;663;1358;30847;41278;0;0;0;0.0;0;0.0
2016-08;20160801;5;13;818;33974;106025;78499;826;9926;15220;230068;421;229;1473;0.0;0;0.0
2016-08;20160801;3;1;222;5535;25005;12249;270;2237;50783;45518;0;0;0;0.0;0;0.0
2016-08;20160801;3;9;534;7434;49920;44080;2705;758;67305;105431;0;0;0;0.0;0;0.0
2016-08;20160801;3;17;264;7692;31996;16076;279;2316;38769;58623;222;123;700;0.0;0;0.0
2016-08;20160801;1;2;702;16146;53516;21754;972;25279;1399;118369;0;0;0;0.0;0;0.0
2016-08;20160801;1;53;232;10130;28583;15433;1690;4096;95;60164;0;0;0;0.0;0;0.0
2016-08;20160801;1;72;231;6476;45031;21439;665;3054;186;76896;0;0;0;0.0;0;0.0
2016-07;20160701;2;15;401;7484;59414;50060;1238;1240;0;119837;204;132;737;0.0;0;0.0
2016-07;20160701;2;5;349;11207;43306;31876;1812;4186;9449;92736;305;190;826;0.0;0;0.0
2016-07;20160701;2;35;106;2412;21883;13802;410;932;0;39545;151;67;457;0.0;0;0.0
2016-07;20160701;3;1;191;4844;21833;10572;228;2000;45330;39668;0;0;0;0.0;0;0.0
2016-07;20160701;3;17;232;6688;27756;13856;247;2075;35068;50854;220;127;702;0.0;0;0.0
2016-07;20160701;3;10;467;9361;40639;44965;3854;2189;29503;101475;804;631;1819;0.0;0;0.0
2016-07;20160701;3;25;224;9426;34491;27242;195;1296;4101;72874;162;115;555;0.0;0;0.0
2016-07;20160701;1;53;205;8831;24809;13389;1506;3564;79;52304;0;0;0;0.0;0;0.0
2016-07;20160701;1;64;274;10655;47207;35724;497;863;0;95220;0;0;0;0.0;0;0.0
2016-07;20160701;1;72;199;5637;38703;18452;556;2577;176;66124;0;0;0;0.0;0;0.0
2016-07;20160701;4;66;93;5076;20992;7884;585;1300;27079;35930;0;0;0;0.0;0;0.0
2016-07;20160701;3;9;458;6619;44087;37923;2366;680;60921;92133;0;0;0;0.0;0;0.0
2016-07;20160701;3;16;182;5260;22352;20099;1000;824;41710;49717;510;365;1283;0.0;0;0.0
2016-07;20160701;3;28;536;20851;53186;76996;3013;5836;404;160418;353;247;931;0.0;0;0.0
2016-07;20160701;1;21;167;8537;42958;22110;490;1425;305;75687;153;55;358;0.0;0;0.0
2016-07;20160701;4;73;164;6028;20133;26319;632;1469;0;54745;0;0;0;0.0;0;0.0
2016-07;20160701;5;13;701;28655;88674;65793;691;8705;14886;193219;419;236;1465;0.0;0;0.0
2016-07;20160701;2;23;851;18530;66616;28510;831;684;55141;116022;980;690;2693;0.0;0;0.0
2016-07;20160701;1;14;527;9547;50921;10808;889;910;9704;73602;667;413;1348;0.0;0;0.0
2016-07;20160701;1;29;74;2964;15524;20363;371;1947;0;41243;56;34;176;0.0;0;0.0
2016-07;20160701;4;69;74;3436;16411;10541;92;929;27057;31483;0;0;0;0.0;0;0.0
2016-07;20160701;2;8;77;1767;21452;8380;61;894;12712;32631;113;55;391;0.0;0;0.0
2016-07;20160701;2;20;499;14486;55530;28727;362;3301;55;102905;218;120;653;0.0;0;0.0
2016-07;20160701;2;38;170;5135;26745;25834;1093;1728;2435;60705;0;0;0;0.0;0;0.0
2016-07;20160701;3;3;499;9972;38140;37037;819;2919;0;89386;133;62;689;0.0;0;0.0
2016-07;20160701;3;32;238;10917;34562;50797;529;596;0;97639;0;0;0;0.0;0;0.0
2016-07;20160701;3;27;398;8863;24711;24890;4825;1077;29821;64764;346;205;886;0.0;0;0.0
2016-07;20160701;1;12;688;13771;54439;24985;2060;1398;55745;97341;0;0;0;0.0;0;0.0
2016-07;20160701;3;22;292;7841;33530;26545;325;2209;37937;70742;145;98;565;0.0;0;0.0
2016-07;20160701;3;33;272;10298;44763;64395;1081;285;71;121094;0;0;0;0.0;0;0.0
2016-07;20160701;1;2;608;13919;46752;19025;727;22957;1259;103988;0;0;0;0.0;0;0.0
2016-07;20160701;1;7;635;11790;48077;50487;428;4840;8353;116257;224;141;552;0.0;0;0.0
2016-07;20160701;1;30;138;6092;29887;34870;743;2739;418;74469;0;0;0;0.0;0;0.0
2016-07;20160701;1;31;454;10601;70048;39027;1193;0;341;121323;0;0;0;0.0;0;0.0
2016-06;20160601;4;73;145;5142;16956;22739;477;1234;0;46693;0;0;0;0.0;0;0.0
2016-06;20160601;2;15;343;6391;50749;42777;1058;1059;0;102377;201;133;732;0.0;0;0.0
2016-06;20160601;2;5;299;9723;36723;27444;1570;3510;8072;79269;305;191;821;0.0;0;0.0
2016-06;20160601;2;35;99;2077;18693;11844;338;799;0;33850;148;67;457;0.0;0;0.0
2016-06;20160601;3;32;210;9504;29760;43541;460;587;0;84062;0;0;0;0.0;0;0.0
2016-06;20160601;3;25;189;8109;29428;23732;161;1159;3461;62778;162;115;545;0.0;0;0.0
2016-06;20160601;1;21;145;7470;36689;18939;414;1212;304;64869;151;56;348;0.0;0;0.0
2016-06;20160601;1;31;385;9173;59842;32961;1021;0;283;103382;0;0;0;0.0;0;0.0
2016-06;20160601;1;53;176;7527;20945;11218;1365;3032;68;44263;0;0;0;0.0;0;0.0
2016-06;20160601;1;64;228;9178;39888;30493;401;691;0;80879;0;0;0;0.0;0;0.0
2016-06;20160601;4;69;59;3194;14078;8534;87;849;22813;26801;0;0;0;0.0;0;0.0
2016-06;20160601;2;20;426;12419;47494;24809;294;2860;47;88302;220;120;652;0.0;0;0.0
2016-06;20160601;3;1;170;4068;18653;9003;202;1731;39649;33827;0;0;0;0.0;0;0.0
2016-06;20160601;1;7;556;10317;41193;42909;375;4236;7310;99586;221;146;552;0.0;0;0.0
2016-06;20160601;1;30;118;5345;25339;29833;630;2336;367;63601;0;0;0;0.0;0;0.0
2016-06;20160601;5;13;571;23727;72496;53797;549;7448;14641;158588;416;238;1457;0.0;0;0.0
2016-06;20160601;2;23;739;15703;57401;23724;433;592;47944;98592;980;703;2693;0.0;0;0.0
2016-06;20160601;2;38;150;4506;22802;22312;949;1464;2026;52183;0;0;0;0.0;0;0.0
2016-06;20160601;3;17;200;5744;23548;11614;203;1783;30646;43092;220;127;703;0.0;0;0.0
2016-06;20160601;3;27;317;7479;20909;20899;4118;984;26098;54706;346;208;888;0.0;0;0.0
2016-06;20160601;4;66;78;4478;17844;6664;462;1245;23415;30771;0;0;0;0.0;0;0.0
2016-06;20160601;3;22;243;6784;28355;22176;243;1847;33560;59648;144;101;541;0.0;0;0.0
2016-06;20160601;3;10;391;8013;34434;38090;3259;1837;25830;86024;800;639;1821;0.0;0;0.0
2016-06;20160601;3;28;476;17371;44179;64772;2600;4987;366;134385;351;253;947;0.0;0;0.0
2016-06;20160601;1;14;448;8088;42786;8943;749;741;9063;61755;665;418;1332;0.0;0;0.0
2016-06;20160601;1;2;536;11590;39785;16374;517;19982;1187;88784;0;0;0;0.0;0;0.0
2016-06;20160601;1;29;66;2578;13179;17350;299;1707;0;35179;55;34;172;0.0;0;0.0
2016-06;20160601;2;8;66;1526;18095;7168;48;751;11108;27654;115;53;390;0.0;0;0.0
2016-06;20160601;3;9;387;5703;37515;32069;2007;590;53220;78271;0;0;0;0.0;0;0.0
2016-06;20160601;3;16;157;4586;19038;17087;831;723;36370;42422;512;363;1286;0.0;0;0.0
2016-06;20160601;3;3;442;8795;32023;31912;677;2661;0;76510;133;65;684;0.0;0;0.0
2016-06;20160601;3;33;237;9076;38675;55395;886;253;60;104522;0;0;0;0.0;0;0.0
2016-06;20160601;1;12;589;11801;45922;20874;1750;1239;48512;82175;0;0;0;0.0;0;0.0
2016-06;20160601;1;72;172;4892;33159;15861;461;2178;157;56723;0;0;0;0.0;0;0.0
2016-05;20160501;5;13;478;19348;58861;43361;444;6200;14506;128692;413;242;1466;0.0;0;0.0
2016-05;20160501;3;9;319;4838;31394;26282;1692;479;45522;65004;0;0;0;0.0;0;0.0
2016-05;20160501;3;3;389;7665;26760;27070;544;2290;0;64718;136;67;685;0.0;0;0.0
2016-05;20160501;3;28;408;14979;37540;54143;2110;4149;336;113329;351;256;953;0.0;0;0.0
2016-05;20160501;3;27;258;6324;17418;17012;3374;790;22472;45176;346;209;890;0.0;0;0.0
2016-05;20160501;1;72;150;4227;28156;13483;368;1761;138;48145;0;0;0;0.0;0;0.0
2016-05;20160501;4;73;128;4382;14165;19410;304;1054;0;39443;0;0;0;0.0;0;0.0
2016-05;20160501;2;8;52;1300;15217;6104;43;613;9431;23329;117;58;393;0.0;0;0.0
2016-05;20160501;2;38;128;3982;19205;18916;751;1184;1742;44166;0;0;0;0.0;0;0.0
2016-05;20160501;3;1;158;3383;15496;7553;162;1410;33758;28162;0;0;0;0.0;0;0.0
2016-05;20160501;3;16;133;3912;15924;14189;686;604;30935;35448;510;381;1288;0.0;0;0.0
2016-05;20160501;1;7;494;8839;34771;36176;308;3594;6252;84182;221;151;545;0.0;0;0.0
2016-05;20160501;1;53;153;6339;17452;9078;1172;2495;50;36689;0;0;0;0.0;0;0.0
2016-05;20160501;3;17;162;4832;19542;9668;162;1560;26164;35926;222;129;703;0.0;0;0.0
2016-05;20160501;3;10;326;6778;28785;31454;2667;1512;22156;71522;799;654;1837;0.0;0;0.0
2016-05;20160501;3;32;191;8137;25138;36386;406;581;0;70839;0;0;0;0.0;0;0.0
2016-05;20160501;3;33;202;7795;32519;46692;743;202;54;88153;0;0;0;0.0;0;0.0
2016-05;20160501;3;25;164;6878;24405;20101;145;971;2897;52664;164;115;521;0.0;0;0.0
2016-05;20160501;1;21;125;6334;30604;15971;343;1020;303;54397;152;58;350;0.0;0;0.0
2016-05;20160501;1;14;368;6891;35623;7189;546;600;7584;51217;666;426;1335;0.0;0;0.0
2016-05;20160501;1;2;455;9502;33644;13685;385;17081;1138;74752;0;0;0;0.0;0;0.0
2016-05;20160501;4;66;69;3802;14838;5565;382;1092;19917;25748;0;0;0;0.0;0;0.0
2016-05;20160501;4;69;50;2694;11873;7197;73;716;18885;22603;0;0;0;0.0;0;0.0
2016-05;20160501;2;23;610;13345;47420;19927;352;540;40852;82194;981;713;2698;0.0;0;0.0
2016-05;20160501;2;35;86;1796;15794;9795;272;661;0;28404;148;71;458;0.0;0;0.0
2016-05;20160501;1;30;107;4667;21145;24977;492;1980;326;53368;0;0;0;0.0;0;0.0
2016-05;20160501;1;31;319;7751;50293;27391;840;0;246;86594;0;0;0;0.0;0;0.0
2016-05;20160501;2;15;289;5375;42672;35951;889;890;0;86066;203;134;735;0.0;0;0.0
2016-05;20160501;2;20;357;10586;39932;21103;235;2461;40;74674;220;121;653;0.0;0;0.0
2016-05;20160501;2;5;269;8301;30631;23009;1326;2870;6767;66406;305;197;822;0.0;0;0.0
2016-05;20160501;3;22;200;5811;23848;18252;198;1547;28825;49856;144;105;529;0.0;0;0.0
2016-05;20160501;1;12;495;9913;38126;17051;1407;1065;41459;68057;0;0;0;0.0;0;0.0
2016-05;20160501;1;29;56;2244;10989;14665;247;1462;0;29663;55;35;174;0.0;0;0.0
2016-05;20160501;1;64;202;7743;33156;25991;334;569;0;67995;0;0;0;0.0;0;0.0
2016-04;20160401;2;35;68;1485;12629;7465;229;510;0;22386;150;75;459;0.0;0;0.0
2016-04;20160401;3;25;136;5614;19173;15743;98;753;2269;41517;163;117;522;0.0;0;0.0
2016-04;20160401;1;29;43;1889;8686;11600;170;1232;0;23620;52;37;176;0.0;0;0.0
2016-04;20160401;4;66;58;3037;11432;4409;314;864;15956;20114;0;0;0;0.0;0;0.0
2016-04;20160401;4;69;45;1987;9106;5629;54;537;15517;17358;0;0;0;0.0;0;0.0
2016-04;20160401;2;23;499;10769;37201;15600;272;485;32431;64826;982;721;2699;0.0;0;0.0
2016-04;20160401;2;5;213;6764;24518;18300;1081;2238;5377;53114;305;197;823;0.0;0;0.0
2016-04;20160401;3;1;138;2655;12180;6007;130;1153;26488;22263;0;0;0;0.0;0;0.0
2016-04;20160401;3;3;330;6293;20830;21723;345;1596;0;51117;135;70;683;0.0;0;0.0
2016-04;20160401;3;32;152;6626;20009;28500;347;507;0;56141;0;0;0;0.0;0;0.0
2016-04;20160401;1;12;401;7976;30353;13209;1083;834;32970;53856;0;0;0;0.0;0;0.0
2016-04;20160401;2;15;230;4275;33930;28580;707;708;0;68430;203;137;736;0.0;0;0.0
2016-04;20160401;3;10;270;5383;22967;24498;2131;1136;17484;56385;801;670;1852;0.0;0;0.0
2016-04;20160401;3;33;164;6381;25625;36612;585;155;43;69522;0;0;0;0.0;0;0.0
2016-04;20160401;3;28;329;12214;29824;42242;1623;3290;282;89522;353;258;954;0.0;0;0.0
2016-04;20160401;1;14;306;5535;28194;5603;433;471;5659;40542;664;433;1339;0.0;0;0.0
2016-04;20160401;1;2;370;7413;26996;10921;213;13517;1059;59430;0;0;0;0.0;0;0.0
2016-04;20160401;1;53;119;5113;13828;6983;932;1947;39;28922;0;0;0;0.0;0;0.0
2016-04;20160401;4;73;114;3517;11171;15534;127;823;0;31286;0;0;0;0.0;0;0.0
2016-04;20160401;5;13;397;14838;45126;32931;317;4820;14364;98429;412;253;1459;0.0;0;0.0
2016-04;20160401;2;8;40;1063;12132;4851;34;492;7451;18612;117;58;397;0.0;0;0.0
2016-04;20160401;3;17;124;3900;15519;7570;133;1263;20543;28509;223;129;708;0.0;0;0.0
2016-04;20160401;3;27;208;5140;13992;13022;2617;640;17635;35619;346;215;891;0.0;0;0.0
2016-04;20160401;1;21;98;5120;23963;12649;292;805;300;42927;150;59;350;0.0;0;0.0
2016-04;20160401;1;30;99;3934;16678;19732;365;1569;274;42377;0;0;0;0.0;0;0.0
2016-04;20160401;1;31;250;6275;39752;21786;662;0;190;68725;0;0;0;0.0;0;0.0
2016-04;20160401;2;20;300;8451;31543;16608;186;2027;35;59115;220;123;652;0.0;0;0.0
2016-04;20160401;2;38;110;3350;15226;14882;492;970;1451;35030;0;0;0;0.0;0;0.0
2016-04;20160401;3;9;252;3943;24978;20609;1337;394;36037;51513;0;0;0;0.0;0;0.0
2016-04;20160401;3;16;115;3166;12628;11291;531;487;24378;28218;510;381;1282;0.0;0;0.0
2016-04;20160401;3;22;166;4719;18957;14239;161;1242;22657;39484;143;109;479;0.0;0;0.0
2016-04;20160401;1;7;411;7204;27739;28649;243;2887;4999;67133;219;152;545;0.0;0;0.0
2016-04;20160401;1;64;166;6323;25854;20677;254;375;0;53649;0;0;0;0.0;0;0.0
2016-04;20160401;1;72;128;3487;22724;10769;284;1374;125;38766;0;0;0;0.0;0;0.0
2016-03;20160301;4;73;91;2746;8470;11752;100;625;0;23784;0;0;0;0.0;0;0.0
2016-03;20160301;2;8;27;822;9262;3652;22;359;5595;14144;117;58;399;0.0;0;0.0
2016-03;20160301;2;20;243;6495;23606;12380;133;1538;21;44395;221;124;653;0.0;0;0.0
2016-03;20160301;3;17;94;2997;11597;5557;106;1022;15204;21373;223;132;709;0.0;0;0.0
2016-03;20160301;3;10;202;4088;17224;18215;1589;877;13217;42195;805;689;1873;0.0;0;0.0
2016-03;20160301;3;3;240;4951;15365;16661;203;1092;0;38512;135;72;684;0.0;0;0.0
2016-03;20160301;3;33;129;5001;19449;27271;471;118;34;52439;0;0;0;0.0;0;0.0
2016-03;20160301;2;38;85;2680;11411;10886;358;742;1064;26162;0;0;0;0.0;0;0.0
2016-03;20160301;3;22;129;3649;14417;10446;124;920;17374;29685;142;113;480;0.0;0;0.0
2016-03;20160301;3;32;116;5118;15018;21212;288;417;0;42169;0;0;0;0.0;0;0.0
2016-03;20160301;1;21;70;3905;17546;9245;221;554;298;31541;149;61;351;0.0;0;0.0
2016-03;20160301;4;69;28;1523;6713;4069;41;405;11783;12779;0;0;0;0.0;0;0.0
2016-03;20160301;5;13;313;11183;33454;24732;233;3601;11064;73516;413;257;1461;0.0;0;0.0
2016-03;20160301;2;23;370;8288;28179;11301;155;260;24698;48553;981;729;2710;0.0;0;0.0
2016-03;20160301;3;1;119;2018;9184;4367;102;864;20018;16654;0;0;0;0.0;0;0.0
2016-03;20160301;3;9;179;3047;18770;15244;951;320;27014;38511;0;0;0;0.0;0;0.0
2016-03;20160301;3;16;91;2388;9407;8388;394;388;18408;21056;511;385;1268;0.0;0;0.0
2016-03;20160301;1;14;230;4161;20789;4272;340;361;4054;30153;659;439;1348;0.0;0;0.0
2016-03;20160301;1;7;335;5379;20937;21093;179;2260;3614;50183;221;155;547;0.0;0;0.0
2016-03;20160301;1;31;198;4765;29546;16202;510;0;142;51221;0;0;0;0.0;0;0.0
2016-03;20160301;1;72;96;2537;16969;8092;204;1059;114;28957;0;0;0;0.0;0;0.0
2016-03;20160301;2;15;175;3252;25805;21731;538;538;0;52039;202;140;730;0.0;0;0.0
2016-03;20160301;2;5;154;5334;18730;14527;851;1621;3426;41217;304;199;821;0.0;0;0.0
2016-03;20160301;3;25;116;4346;14180;11919;71;578;1741;31210;162;120;522;0.0;0;0.0
2016-03;20160301;1;2;284;5621;20216;8213;150;10343;807;44827;0;0;0;0.0;0;0.0
2016-03;20160301;1;30;79;3100;12079;14665;290;1163;187;31376;0;0;0;0.0;0;0.0
2016-03;20160301;4;66;45;2264;8466;3403;258;637;12324;15073;0;0;0;0.0;0;0.0
2016-03;20160301;2;35;57;1098;9639;5620;166;377;0;16957;151;76;459;0.0;0;0.0
2016-03;20160301;3;28;251;9544;22508;31795;1246;2501;243;67845;351;264;933;0.0;0;0.0
2016-03;20160301;3;27;158;3916;10461;9614;1932;473;13131;26554;343;216;892;0.0;0;0.0
2016-03;20160301;1;12;313;6101;22712;9802;800;617;24690;40345;0;0;0;0.0;0;0.0
2016-03;20160301;1;29;33;1533;6424;8708;135;943;0;17776;52;38;179;0.0;0;0.0
2016-03;20160301;1;53;90;3858;10345;5049;702;1470;32;21514;0;0;0;0.0;0;0.0
2016-03;20160301;1;64;135;4861;18858;15640;184;259;0;39937;0;0;0;0.0;0;0.0
2016-02;20160201;5;13;214;7085;21260;16165;151;2041;9346;46916;410;262;1452;0.0;0;0.0
2016-02;20160201;2;8;17;499;6015;2446;13;232;3766;9222;117;59;402;0.0;0;0.0
2016-02;20160201;2;23;259;5354;18541;7191;90;217;16891;31652;981;739;2717;0.0;0;0.0
2016-02;20160201;2;5;102;3533;12410;9513;552;1073;2831;27183;303;199;821;0.0;0;0.0
2016-02;20160201;2;38;62;1917;7400;7032;105;528;644;17044;0;0;0;0.0;0;0.0
2016-02;20160201;3;28;177;6513;15115;20858;774;1677;139;45114;347;265;928;0.0;0;0.0
2016-02;20160201;4;69;20;989;4338;2642;22;249;7844;8260;0;0;0;0.0;0;0.0
2016-02;20160201;4;73;68;1854;5725;7908;59;412;0;16026;0;0;0;0.0;0;0.0
2016-02;20160201;2;15;117;2167;17202;14496;359;359;0;34700;200;141;732;0.0;0;0.0
2016-02;20160201;2;35;39;702;6361;3769;86;252;0;11209;150;78;459;0.0;0;0.0
2016-02;20160201;3;33;85;3415;12815;18151;324;67;32;34857;0;0;0;0.0;0;0.0
2016-02;20160201;1;21;43;2539;11353;5962;152;371;271;20420;149;61;352;0.0;0;0.0
2016-02;20160201;1;72;63;1483;10814;5243;65;686;17;18354;0;0;0;0.0;0;0.0
2016-02;20160201;2;20;155;4360;15651;8232;80;1001;10;29479;219;124;652;0.0;0;0.0
2016-02;20160201;3;17;64;2017;7523;3656;75;674;10154;14009;222;134;702;0.0;0;0.0
2016-02;20160201;3;22;87;2431;9679;6827;80;620;11733;19724;142;112;484;0.0;0;0.0
2016-02;20160201;3;3;155;3461;10270;11391;96;661;0;26034;136;74;685;0.0;0;0.0
2016-02;20160201;3;25;83;2955;9399;7901;47;405;1146;20790;162;123;523;0.0;0;0.0
2016-02;20160201;3;27;103;2548;7007;6191;1223;321;8932;17393;342;215;894;0.0;0;0.0
2016-02;20160201;1;64;79;3156;12163;10477;84;193;0;26152;0;0;0;0.0;0;0.0
2016-02;20160201;4;66;27;1488;5557;2362;180;400;8598;10014;0;0;0;0.0;0;0.0
2016-02;20160201;3;1;77;1316;5969;2810;66;534;13386;10772;0;0;0;0.0;0;0.0
2016-02;20160201;3;9;115;2054;12214;10052;569;215;17914;25219;0;0;0;0.0;0;0.0
2016-02;20160201;3;16;49;1572;6275;5600;266;280;12173;14042;510;393;1265;0.0;0;0.0
2016-02;20160201;3;10;127;2697;11421;11976;1061;602;8896;27884;807;692;1874;0.0;0;0.0
2016-02;20160201;1;12;200;4021;14566;6258;509;291;16125;25845;0;0;0;0.0;0;0.0
2016-02;20160201;1;14;138;2683;13269;2666;222;245;2586;19223;657;440;1345;0.0;0;0.0
2016-02;20160201;1;30;52;2135;7658;9713;182;743;103;20483;0;0;0;0.0;0;0.0
2016-02;20160201;1;31;112;3104;18867;10207;334;0;84;32624;0;0;0;0.0;0;0.0
2016-02;20160201;1;53;54;2543;6817;3181;518;991;21;14104;0;0;0;0.0;0;0.0
2016-02;20160201;3;32;82;3487;9987;13921;205;261;0;27943;0;0;0;0.0;0;0.0
2016-02;20160201;1;2;179;3592;13088;5256;96;6626;501;28837;0;0;0;0.0;0;0.0
2016-02;20160201;1;7;198;3616;13633;13477;114;1510;2381;32548;220;156;551;0.0;0;0.0
2016-02;20160201;1;29;20;957;4083;5596;91;620;0;11367;51;41;179;0.0;0;0.0
2016-01;20160101;2;20;92;2225;8000;4161;42;482;5;15002;223;126;652;0.0;0;0.0
2016-01;20160101;2;5;55;1818;6401;5051;299;550;1477;14174;301;202;819;0.0;0;0.0
2016-01;20160101;2;35;22;395;3345;2010;48;140;0;5960;148;80;459;0.0;0;0.0
2016-01;20160101;3;9;58;1087;6236;5093;279;107;9479;12860;0;0;0;0.0;0;0.0
2016-01;20160101;3;33;42;1820;6671;9531;178;38;13;18280;0;0;0;0.0;0;0.0
2016-01;20160101;1;14;58;1376;6673;1430;136;136;1344;9809;656;447;1330;0.0;0;0.0
2016-01;20160101;1;64;36;1607;6077;5394;40;110;0;13264;0;0;0;0.0;0;0.0
2016-01;20160101;2;23;135;2725;9299;3577;50;104;8973;15890;978;745;2724;0.0;0;0.0
2016-01;20160101;3;17;35;1026;3942;1909;48;349;5412;7309;224;135;701;0.0;0;0.0
2016-01;20160101;3;10;66;1383;5770;6223;537;316;4743;14295;803;695;1827;0.0;0;0.0
2016-01;20160101;3;32;43;1915;5401;7317;92;158;0;14926;0;0;0;0.0;0;0.0
2016-01;20160101;1;53;23;1251;3542;1585;303;448;14;7152;0;0;0;0.0;0;0.0
2016-01;20160101;2;8;8;252;3075;1215;8;124;1918;4682;117;60;400;0.0;0;0.0
2016-01;20160101;2;38;31;978;3758;3645;57;273;322;8742;0;0;0;0.0;0;0.0
2016-01;20160101;3;1;43;688;3083;1419;28;254;7030;5515;0;0;0;0.0;0;0.0
2016-01;20160101;3;22;45;1279;4907;3479;37;346;6380;10093;144;113;489;0.0;0;0.0
2016-01;20160101;3;27;55;1350;3679;3184;631;163;4908;9062;337;219;882;0.0;0;0.0
2016-01;20160101;1;21;26;1352;5675;3140;99;189;105;10481;148;61;352;0.0;0;0.0
2016-01;20160101;4;69;14;503;2203;1373;14;125;4100;4232;0;0;0;0.0;0;0.0
2016-01;20160101;4;73;35;1001;3071;4370;32;233;0;8742;0;0;0;0.0;0;0.0
2016-01;20160101;5;13;112;3654;10958;8431;69;1055;4752;24279;411;260;1443;0.0;0;0.0
2016-01;20160101;3;3;96;1836;5291;6217;55;405;0;13900;135;75;679;0.0;0;0.0
2016-01;20160101;1;2;85;1799;6703;2612;47;3271;65;14517;0;0;0;0.0;0;0.0
2016-01;20160101;1;7;91;1973;6838;6970;57;799;1200;16728;220;156;553;0.0;0;0.0
2016-01;20160101;1;31;59;1514;9545;5173;150;0;41;16441;0;0;0;0.0;0;0.0
2016-01;20160101;4;66;20;828;2976;1232;90;196;4622;5342;0;0;0;0.0;0;0.0
2016-01;20160101;2;15;60;1114;8861;7500;186;185;0;17906;203;142;730;0.0;0;0.0
2016-01;20160101;3;16;27;808;3310;2912;123;139;6376;7319;512;395;1252;0.0;0;0.0
2016-01;20160101;3;25;40;1543;4988;4398;23;230;617;11222;161;124;524;0.0;0;0.0
2016-01;20160101;3;28;97;3478;7993;10981;399;890;92;23838;346;266;922;0.0;0;0.0
2016-01;20160101;1;12;101;2007;7361;3133;279;154;8168;13035;0;0;0;0.0;0;0.0
2016-01;20160101;1;30;21;1141;3835;5191;115;375;42;10678;0;0;0;0.0;0;0.0
2016-01;20160101;1;29;7;502;2078;2700;54;333;0;5674;52;39;178;0.0;0;0.0
2016-01;20160101;1;72;27;746;5697;2768;29;348;11;9615;0;0;0;0.0;0;0.0
2015-12;20151201;2;15;661;12258;96990;81245;1993;2033;0;195180;202;116;730;0.0;0;0.0
2015-12;20151201;2;38;0;0;0;0;0;0;102122;0;0;0;0;0.0;0;0.0
2015-12;20151201;3;9;729;10507;68760;67342;3085;1318;98383;151741;0;0;0;0.0;0;0.0
2015-12;20151201;3;22;376;9902;36676;30217;264;3156;96229;80591;146;84;489;0.0;0;0.0
2015-12;20151201;3;28;1009;32761;79059;122440;4849;10595;1286;250713;346;223;917;0.0;0;0.0
2015-12;20151201;3;27;669;15820;40974;35627;7496;1631;47519;102217;330;206;877;0.0;0;0.0
2015-12;20151201;1;12;1050;22515;87027;43700;3225;1832;90576;159349;0;0;0;0.0;0;0.0
2015-12;20151201;2;8;151;2926;35760;13099;68;1517;19552;53521;118;55;402;0.0;0;0.0
2015-12;20151201;2;20;893;24451;92494;41753;633;5859;94;166083;222;105;656;0.0;0;0.0
2015-12;20151201;2;5;656;18466;61750;40108;822;6321;52077;128123;302;167;823;0.0;0;0.0
2015-12;20151201;3;10;789;15406;64613;69673;6592;3119;46123;160192;801;574;1809;0.0;0;0.0
2015-12;20151201;3;3;864;18127;58863;60422;529;4790;0;143595;136;51;659;0.0;0;0.0
2015-12;20151201;3;25;392;15646;54521;44498;375;2890;7412;118322;161;104;500;0.0;0;0.0
2015-12;20151201;1;31;760;19510;109213;62618;1630;0;676;193731;0;0;0;0.0;0;0.0
2015-12;20151201;4;69;126;6356;26004;13283;107;1436;47888;47312;0;0;0;0.0;0;0.0
2015-12;20151201;5;13;937;35284;121579;93957;846;10584;87227;263187;407;216;1446;0.0;0;0.0
2015-12;20151201;3;1;467;7452;35239;19367;440;3560;74627;66525;0;0;0;0.0;0;0.0
2015-12;20151201;3;16;314;8873;37081;34639;1792;1505;67018;84204;516;330;1243;0.0;0;0.0
2015-12;20151201;3;17;365;10510;44435;22747;294;4653;55703;83004;228;107;690;0.0;0;0.0
2015-12;20151201;1;21;346;16304;70558;35174;994;2576;120;125952;149;61;352;0.0;0;0.0
2015-12;20151201;1;7;1168;20239;79243;78834;501;7958;14816;187943;222;127;553;0.0;0;0.0
2015-12;20151201;1;72;352;9651;63755;29875;344;3327;76;107304;0;0;0;0.0;0;0.0
2015-12;20151201;2;35;147;4789;35291;20998;697;1441;0;63363;150;57;457;0.0;0;0.0
2015-12;20151201;3;32;426;15805;55251;86642;1053;1662;0;160839;0;0;0;0.0;0;0.0
2015-12;20151201;3;33;437;17538;73168;104652;1905;379;212;198079;0;0;0;0.0;0;0.0
2015-12;20151201;1;14;886;14783;84168;17163;996;1573;16327;119569;656;360;1288;0.0;0;0.0
2015-12;20151201;1;30;256;13150;44971;58438;891;4849;529;122555;0;0;0;0.0;0;0.0
2015-12;20151201;1;29;149;5825;24422;33053;312;2935;0;66696;52;29;178;0.0;0;0.0
2015-12;20151201;1;64;485;19032;74601;65043;509;826;0;160496;0;0;0;0.0;0;0.0
2015-12;20151201;4;66;187;7865;32798;8697;634;2232;54143;52413;0;0;0;0.0;0;0.0
2015-12;20151201;4;73;309;9796;32391;47524;415;2756;71;93191;0;0;0;0.0;0;0.0
2015-12;20151201;2;23;1329;31222;112794;44965;688;1350;91289;192348;968;627;2729;0.0;0;0.0
2015-12;20151201;1;2;749;20485;79805;32051;554;34589;2612;168233;0;0;0;0.0;0;0.0
2015-12;20151201;1;53;392;12636;44474;23543;1155;3345;151;85545;0;0;0;0.0;0;0.0
2015-11;20151101;4;73;276;8887;29593;43581;368;2565;71;85270;0;0;0;0.0;0;0.0
2015-11;20151101;2;15;604;11194;88528;74096;1817;1855;0;178094;203;118;701;0.0;0;0.0
2015-11;20151101;2;5;602;16939;56642;36792;754;5797;47770;117526;298;170;821;0.0;0;0.0
2015-11;20151101;2;35;137;4461;32497;19251;646;1321;0;58313;152;58;457;0.0;0;0.0
2015-11;20151101;3;17;331;9592;40685;20759;252;4282;50519;75901;227;108;687;0.0;0;0.0
2015-11;20151101;3;32;388;13848;50202;79198;972;1541;0;146149;0;0;0;0.0;0;0.0
2015-11;20151101;1;30;228;12070;41358;53003;834;4465;500;111958;0;0;0;0.0;0;0.0
2015-11;20151101;2;23;1218;28736;103392;41211;637;1208;83254;176402;947;651;2734;0.0;0;0.0
2015-11;20151101;3;1;426;6777;32219;17990;413;3289;67975;61114;0;0;0;0.0;0;0.0
2015-11;20151101;3;33;396;15726;66724;95227;1766;345;191;180184;0;0;0;0.0;0;0.0
2015-11;20151101;1;21;317;14865;64796;32163;893;2368;118;115402;151;61;353;0.0;0;0.0
2015-11;20151101;1;31;706;17829;99685;57138;1469;0;576;176827;0;0;0;0.0;0;0.0
2015-11;20151101;1;72;312;8960;58555;27209;312;2991;70;98339;0;0;0;0.0;0;0.0
2015-11;20151101;4;66;171;7055;29850;7634;565;1979;50202;47254;0;0;0;0.0;0;0.0
2015-11;20151101;2;38;0;0;0;0;0;0;93476;0;0;0;0;0.0;0;0.0
2015-11;20151101;3;16;288;8042;33985;31905;1649;1388;60504;77257;513;336;1244;0.0;0;0.0
2015-11;20151101;3;10;722;14132;58955;63569;6072;2822;41540;146272;805;576;1808;0.0;0;0.0
2015-11;20151101;3;27;603;14524;37352;32644;6848;1487;42640;93458;333;209;866;0.0;0;0.0
2015-11;20151101;1;2;689;18768;73111;29203;515;31135;2352;153421;0;0;0;0.0;0;0.0
2015-11;20151101;1;29;135;5462;22290;29917;258;2640;0;60702;52;29;178;0.0;0;0.0
2015-11;20151101;2;20;805;22295;84517;37759;584;5259;88;151219;220;106;656;0.0;0;0.0
2015-11;20151101;3;9;671;9488;62634;62021;2813;1211;88839;138838;0;0;0;0.0;0;0.0
2015-11;20151101;3;22;373;9702;35878;29237;229;3069;83182;78488;147;86;490;0.0;0;0.0
2015-11;20151101;3;25;358;14307;49713;40481;335;2722;6797;107916;159;106;504;0.0;0;0.0
2015-11;20151101;1;14;812;13450;77102;15954;917;1421;15053;109656;656;360;1306;0.0;0;0.0
2015-11;20151101;1;7;1056;18080;72815;72164;411;6982;13464;171508;222;127;545;0.0;0;0.0
2015-11;20151101;1;53;357;11473;40810;21819;1021;2973;146;78453;0;0;0;0.0;0;0.0
2015-11;20151101;1;64;445;17394;68287;59675;424;720;0;146945;0;0;0;0.0;0;0.0
2015-11;20151101;4;69;0;0;0;0;0;0;87507;0;0;0;0;0.0;0;0.0
2015-11;20151101;5;13;847;31728;111225;85120;781;9489;82293;239190;406;221;1455;0.0;0;0.0
2015-11;20151101;2;8;138;2672;32898;12017;59;1392;17931;49176;118;55;403;0.0;0;0.0
2015-11;20151101;3;3;791;16580;54017;54771;493;4460;0;131112;135;51;660;0.0;0;0.0
2015-11;20151101;3;28;926;30092;73809;114765;4565;9779;1248;233936;347;223;885;0.0;0;0.0
2015-11;20151101;1;12;949;20428;79664;40379;3022;1681;82134;146123;0;0;0;0.0;0;0.0
2015-10;20151001;4;66;156;6342;26618;6821;519;1774;46628;42230;0;0;0;0.0;0;0.0
2015-10;20151001;5;13;765;28732;101829;76902;710;8416;77697;217354;400;226;1451;0.0;0;0.0
2015-10;20151001;2;15;550;10183;80468;67245;1648;1686;0;161780;203;118;702;0.0;0;0.0
2015-10;20151001;2;38;0;0;0;0;0;0;85500;0;0;0;0;0.0;0;0.0
2015-10;20151001;3;9;618;8602;56854;56820;2426;1100;79948;126420;0;0;0;0.0;0;0.0
2015-10;20151001;3;16;264;7317;30838;29086;1502;1261;54408;70268;510;343;1241;0.0;0;0.0
2015-10;20151001;3;17;296;8673;37102;19011;213;3983;45411;69278;223;111;682;0.0;0;0.0
2015-10;20151001;3;33;357;14180;60496;85963;1562;309;171;162867;0;0;0;0.0;0;0.0
2015-10;20151001;1;2;622;17185;66384;26562;460;28067;2257;139280;0;0;0;0.0;0;0.0
2015-10;20151001;1;30;208;10978;37616;48208;758;4061;455;101829;0;0;0;0.0;0;0.0
2015-10;20151001;1;31;647;16279;90545;51740;1334;0;525;160545;0;0;0;0.0;0;0.0
2015-10;20151001;1;29;130;5066;20220;26841;241;2397;0;54895;49;29;175;0.0;0;0.0
2015-10;20151001;1;53;327;10458;37105;19984;959;2654;133;71487;0;0;0;0.0;0;0.0
2015-10;20151001;4;69;0;0;0;0;0;0;80375;0;0;0;0;0.0;0;0.0
2015-10;20151001;2;35;130;4118;29437;17580;562;1185;0;53012;151;58;457;0.0;0;0.0
2015-10;20151001;3;32;351;12331;45399;72030;850;1425;0;132386;0;0;0;0.0;0;0.0
2015-10;20151001;3;28;834;26965;66506;104240;4178;8914;1193;211637;344;227;873;0.0;0;0.0
2015-10;20151001;1;12;855;18487;72661;36977;2775;1543;73659;133298;0;0;0;0.0;0;0.0
2015-10;20151001;1;21;298;13551;59001;29131;798;2173;114;104952;152;61;353;0.0;0;0.0
2015-10;20151001;1;14;743;12266;70078;14605;834;1288;13733;99814;650;370;1264;0.0;0;0.0
2015-10;20151001;1;7;977;16579;66149;65516;374;6435;12313;156030;221;130;544;0.0;0;0.0
2015-10;20151001;2;5;549;15442;51637;33541;687;5285;43549;107141;300;170;816;0.0;0;0.0
2015-10;20151001;3;1;388;6144;29322;16553;383;2989;61278;55779;0;0;0;0.0;0;0.0
2015-10;20151001;3;22;359;9292;34289;27790;214;2888;72027;74832;148;86;489;0.0;0;0.0
2015-10;20151001;3;10;656;12922;53586;57632;5491;2551;37342;132838;802;584;1823;0.0;0;0.0
2015-10;20151001;3;3;731;15149;49375;49373;463;4129;0;119220;135;54;663;0.0;0;0.0
2015-10;20151001;3;25;337;13036;45037;36764;304;2549;6217;98027;156;108;499;0.0;0;0.0
2015-10;20151001;4;73;244;8173;26983;39697;323;2375;71;77795;0;0;0;0.0;0;0.0
2015-10;20151001;2;23;1110;26313;94368;37419;544;1154;75143;160908;942;661;2719;0.0;0;0.0
2015-10;20151001;3;27;549;13201;33938;28879;6154;1354;39130;84075;332;211;871;0.0;0;0.0
2015-10;20151001;1;64;402;16392;62414;54330;371;700;0;134609;0;0;0;0.0;0;0.0
2015-10;20151001;2;8;123;2375;29563;10770;49;1256;16847;44136;117;55;407;0.0;0;0.0
2015-10;20151001;2;20;731;20315;76691;34114;535;4805;79;137191;221;107;659;0.0;0;0.0
2015-10;20151001;1;72;291;8322;53602;24750;290;2755;65;90010;0;0;0;0.0;0;0.0
2015-09;20150901;4;69;0;0;0;0;0;0;73022;0;0;0;0;0.0;0;0.0
2015-09;20150901;2;23;1031;23838;84757;32885;501;1103;66729;144115;941;669;2702;0.0;0;0.0
2015-09;20150901;2;38;0;0;0;0;0;0;77184;0;0;0;0;0.0;0;0.0
2015-09;20150901;3;28;743;24039;59252;93198;3777;8017;1126;189026;347;230;843;0.0;0;0.0
2015-09;20150901;1;21;266;12249;53021;26140;723;1968;91;94367;155;62;354;0.0;0;0.0
2015-09;20150901;1;14;686;10995;62472;13139;751;1149;12508;89192;647;374;1263;0.0;0;0.0
2015-09;20150901;1;2;559;15377;59538;23943;432;25003;1707;124852;0;0;0;0.0;0;0.0
2015-09;20150901;1;30;190;9954;33933;42580;710;3624;416;90991;0;0;0;0.0;0;0.0
2015-09;20150901;1;31;584;14681;81079;46478;1203;0;474;144025;0;0;0;0.0;0;0.0
2015-09;20150901;4;66;140;5657;23563;5948;425;1573;42995;37306;0;0;0;0.0;0;0.0
2015-09;20150901;2;35;123;3777;26374;15978;469;1039;0;47760;150;58;456;0.0;0;0.0
2015-09;20150901;3;33;320;12703;54232;76469;1370;277;162;145371;0;0;0;0.0;0;0.0
2015-09;20150901;1;29;121;4648;18104;23912;220;2160;0;49165;49;29;174;0.0;0;0.0
2015-09;20150901;1;53;289;9416;33421;17974;888;2355;121;64343;0;0;0;0.0;0;0.0
2015-09;20150901;1;72;267;7631;48304;22267;246;2477;54;81192;0;0;0;0.0;0;0.0
2015-09;20150901;5;13;692;25749;91497;68680;629;7322;73426;194569;401;228;1445;0.0;0;0.0
2015-09;20150901;3;9;553;7591;50921;51206;2059;987;71167;113317;0;0;0;0.0;0;0.0
2015-09;20150901;3;17;275;7825;33347;17013;191;3619;40402;62270;224;111;683;0.0;0;0.0
2015-09;20150901;3;3;660;13592;44352;43852;425;3772;0;106653;132;54;662;0.0;0;0.0
2015-09;20150901;3;27;504;11786;30253;27030;5557;1208;33765;76338;329;214;855;0.0;0;0.0
2015-09;20150901;1;7;893;15099;59143;58545;337;5764;11036;139781;220;133;546;0.0;0;0.0
2015-09;20150901;2;8;116;2169;27081;9838;43;1171;14588;40418;115;56;406;0.0;0;0.0
2015-09;20150901;2;20;663;18183;68562;30408;472;4357;73;122645;221;107;660;0.0;0;0.0
2015-09;20150901;2;5;494;13889;46443;30167;618;4754;39169;96365;300;171;815;0.0;0;0.0
2015-09;20150901;3;1;357;5484;26361;14923;347;2665;54717;50137;0;0;0;0.0;0;0.0
2015-09;20150901;3;16;244;6546;27668;26163;1352;1123;48499;63096;510;344;1239;0.0;0;0.0
2015-09;20150901;3;10;596;11611;47848;51588;4918;2289;33068;118850;800;591;1836;0.0;0;0.0
2015-09;20150901;3;32;315;10856;40233;64851;762;1302;0;118319;0;0;0;0.0;0;0.0
2015-09;20150901;1;12;777;16566;65038;33297;2502;1412;65104;119592;0;0;0;0.0;0;0.0
2015-09;20150901;1;64;364;15167;56325;48629;343;648;0;121476;0;0;0;0.0;0;0.0
2015-09;20150901;4;73;220;7402;24237;35822;291;2192;71;70164;0;0;0;0.0;0;0.0
2015-09;20150901;2;15;494;9131;72079;60118;1471;1510;0;144803;203;119;700;0.0;0;0.0
2015-09;20150901;3;22;342;8664;31810;25882;199;2559;62241;69456;145;86;497;0.0;0;0.0
2015-09;20150901;3;25;307;11748;40090;32899;281;2351;5563;87676;153;109;506;0.0;0;0.0
2015-08;20150801;4;73;194;6724;21882;32239;253;1921;71;63213;0;0;0;0.0;0;0.0
2015-08;20150801;5;13;619;22720;80927;59980;553;6042;69654;170841;401;233;1446;0.0;0;0.0
2015-08;20150801;2;8;110;1980;24290;8810;35;1041;13353;36266;115;57;405;0.0;0;0.0
2015-08;20150801;2;20;593;16312;61008;27342;424;3902;66;109581;221;109;663;0.0;0;0.0
2015-08;20150801;2;23;953;21413;75237;29393;471;956;59611;128423;937;676;2672;0.0;0;0.0
2015-08;20150801;2;5;464;12570;41562;27060;536;4223;35434;86415;300;173;806;0.0;0;0.0
2015-08;20150801;2;38;0;0;0;0;0;0;69639;0;0;0;0;0.0;0;0.0
2015-08;20150801;2;35;109;3451;23730;14627;376;918;0;43211;150;60;456;0.0;0;0.0
2015-08;20150801;3;9;489;6677;45145;45724;1646;876;63815;100557;0;0;0;0.0;0;0.0
2015-08;20150801;3;33;292;11318;48232;68408;1210;244;147;129704;0;0;0;0.0;0;0.0
2015-08;20150801;3;25;278;10501;35597;29774;250;2151;4917;78551;152;113;507;0.0;0;0.0
2015-08;20150801;3;28;659;21186;52466;83650;3354;7157;1044;168472;337;239;842;0.0;0;0.0
2015-08;20150801;3;27;460;10606;26807;23787;4871;1066;30377;67597;332;215;857;0.0;0;0.0
2015-08;20150801;1;12;693;14783;57754;29678;2224;1290;58324;106422;0;0;0;0.0;0;0.0
2015-08;20150801;1;14;616;9921;55414;11496;654;1028;11061;79129;646;379;1264;0.0;0;0.0
2015-08;20150801;1;7;776;13664;53169;52571;311;5178;9705;125669;219;134;549;0.0;0;0.0
2015-08;20150801;1;53;269;8387;29668;16005;786;2066;114;57181;0;0;0;0.0;0;0.0
2015-08;20150801;1;2;492;13697;52985;21399;398;22576;1592;111547;0;0;0;0.0;0;0.0
2015-08;20150801;1;72;249;7001;43706;19924;215;2218;48;73313;0;0;0;0.0;0;0.0
2015-08;20150801;4;66;126;5088;20739;5118;342;1404;39712;32817;0;0;0;0.0;0;0.0
2015-08;20150801;4;69;0;0;0;0;0;0;65830;0;0;0;0;0.0;0;0.0
2015-08;20150801;2;15;444;8182;64546;53760;1314;1352;0;129598;203;121;696;0.0;0;0.0
2015-08;20150801;3;22;314;8066;29225;23967;175;2274;54017;64021;143;87;496;0.0;0;0.0
2015-08;20150801;3;3;605;12223;39856;39153;367;3446;0;95650;132;55;654;0.0;0;0.0
2015-08;20150801;1;30;166;9053;30460;37853;625;3247;394;81404;0;0;0;0.0;0;0.0
2015-08;20150801;1;64;328;13862;50478;43597;302;581;0;109148;0;0;0;0.0;0;0.0
2015-08;20150801;3;16;226;5843;24479;22937;1148;988;43738;55621;505;350;1228;0.0;0;0.0
2015-08;20150801;3;17;253;6995;29555;15208;166;3189;36452;55366;221;111;679;0.0;0;0.0
2015-08;20150801;3;10;526;10406;42370;45459;4409;2024;29582;105194;801;601;1835;0.0;0;0.0
2015-08;20150801;3;32;284;9634;36153;57901;665;1178;4;105815;0;0;0;0.0;0;0.0
2015-08;20150801;1;21;242;11095;47733;23378;640;1751;89;84839;156;63;354;0.0;0;0.0
2015-08;20150801;1;31;528;13144;72332;41440;1068;0;433;128512;0;0;0;0.0;0;0.0
2015-08;20150801;3;1;313;4901;23496;13142;308;2434;49157;44594;0;0;0;0.0;0;0.0
2015-08;20150801;1;29;108;4296;16266;21397;196;1920;0;44183;49;29;171;0.0;0;0.0
2015-07;20150701;4;73;175;6002;19208;28349;217;1721;71;55672;0;0;0;0.0;0;0.0
2015-07;20150701;2;20;523;14329;53225;24148;369;3425;61;96019;218;110;662;0.0;0;0.0
2015-07;20150701;2;35;98;3134;20701;12882;287;803;0;37905;151;60;456;0.0;0;0.0
2015-07;20150701;3;1;284;4297;20393;11507;259;2143;43958;38883;0;0;0;0.0;0;0.0
2015-07;20150701;3;16;198;5132;21444;19440;892;829;40272;47935;504;352;1224;0.0;0;0.0
2015-07;20150701;3;10;471;9199;37105;39425;3877;1832;26614;91909;808;608;1817;0.0;0;0.0
2015-07;20150701;3;3;563;10975;35095;34126;338;2876;0;83973;130;56;651;0.0;0;0.0
2015-07;20150701;1;7;691;12151;46681;46207;270;4503;8313;110503;218;134;547;0.0;0;0.0
2015-07;20150701;3;22;278;7295;25954;21423;156;1986;45460;57092;141;92;499;0.0;0;0.0
2015-07;20150701;3;33;257;10119;42631;60642;1008;213;135;114870;0;0;0;0.0;0;0.0
2015-07;20150701;3;25;262;9307;30955;26355;231;1919;4282;69029;154;115;527;0.0;0;0.0
2015-07;20150701;1;21;215;9983;42454;20687;559;1505;50;75403;157;64;354;0.0;0;0.0
2015-07;20150701;4;69;0;0;0;0;0;0;56937;0;0;0;0;0.0;0;0.0
2015-07;20150701;2;15;385;7089;55971;46689;1143;1173;0;112450;196;125;695;0.0;0;0.0
2015-07;20150701;2;5;426;11169;35877;23277;470;3636;31294;74855;301;176;805;0.0;0;0.0
2015-07;20150701;3;32;260;8715;32219;50981;534;1057;4;93766;0;0;0;0.0;0;0.0
2015-07;20150701;1;31;468;11639;63092;36224;906;0;371;112329;0;0;0;0.0;0;0.0
2015-07;20150701;5;13;528;19390;67967;49922;462;5136;61755;143405;401;236;1422;0.0;0;0.0
2015-07;20150701;2;8;93;1769;21048;7652;29;921;12045;31512;114;58;403;0.0;0;0.0
2015-07;20150701;1;14;541;8674;48232;9956;563;854;9427;68820;640;384;1266;0.0;0;0.0
2015-07;20150701;1;2;443;12004;46078;18510;342;20421;1488;97798;0;0;0;0.0;0;0.0
2015-07;20150701;1;30;147;8256;26955;33006;533;2842;369;71739;0;0;0;0.0;0;0.0
2015-07;20150701;1;64;283;11967;43568;37608;261;500;0;94187;0;0;0;0.0;0;0.0
2015-07;20150701;4;66;109;4474;17925;4264;270;1231;36128;28273;0;0;0;0.0;0;0.0
2015-07;20150701;2;23;841;18954;65542;25393;396;901;52869;112027;939;681;2654;0.0;0;0.0
2015-07;20150701;2;38;0;0;0;0;0;0;60630;0;0;0;0;0.0;0;0.0
2015-07;20150701;3;9;425;5746;39632;39902;1191;756;57476;87652;0;0;0;0.0;0;0.0
2015-07;20150701;3;17;223;6141;25550;12950;145;2805;32957;47814;221;111;681;0.0;0;0.0
2015-07;20150701;3;28;584;18860;46322;73578;2882;6291;981;148517;328;247;850;0.0;0;0.0
2015-07;20150701;3;27;408;9303;23088;20495;4278;957;27330;58529;334;220;857;0.0;0;0.0
2015-07;20150701;1;12;599;13031;50460;25681;1938;1147;52423;92856;0;0;0;0.0;0;0.0
2015-07;20150701;1;29;93;3914;14396;18810;166;1689;0;39068;48;31;174;0.0;0;0.0
2015-07;20150701;1;53;232;7357;25923;13966;698;1785;100;49961;0;0;0;0.0;0;0.0
2015-07;20150701;1;72;220;6281;37838;17166;181;1915;42;63601;0;0;0;0.0;0;0.0
2015-06;20150601;4;69;0;0;0;0;0;0;48233;0;0;0;0;0.0;0;0.0
2015-06;20150601;2;20;466;12284;45390;20695;311;2920;51;82066;214;113;663;0.0;0;0.0
2015-06;20150601;3;3;505;9627;30189;29227;270;2384;0;72202;130;56;648;0.0;0;0.0
2015-06;20150601;3;28;497;16047;38641;61582;2335;5225;895;124327;327;249;850;0.0;0;0.0
2015-06;20150601;1;31;405;10176;53893;30821;735;0;340;96030;0;0;0;0.0;0;0.0
2015-06;20150601;2;8;80;1583;17869;6546;27;770;10524;26875;114;60;403;0.0;0;0.0
2015-06;20150601;3;9;367;4826;33967;33653;763;638;50213;74214;0;0;0;0.0;0;0.0
2015-06;20150601;3;17;196;5314;21683;10416;91;2400;29103;40100;220;112;678;0.0;0;0.0
2015-06;20150601;3;32;230;7578;27777;43546;451;907;4;80489;0;0;0;0.0;0;0.0
2015-06;20150601;3;33;237;8892;36683;52102;812;188;128;98914;0;0;0;0.0;0;0.0
2015-06;20150601;3;27;361;8017;19486;17020;3635;848;23817;49367;331;222;861;0.0;0;0.0
2015-06;20150601;1;30;133;7293;23397;27791;463;2387;233;61464;0;0;0;0.0;0;0.0
2015-06;20150601;1;53;204;6288;21909;11839;592;1511;87;42343;0;0;0;0.0;0;0.0
2015-06;20150601;1;72;187;5383;32607;14621;149;1581;34;54528;0;0;0;0.0;0;0.0
2015-06;20150601;5;13;438;16086;55681;41163;388;4222;53654;117978;401;240;1423;0.0;0;0.0
2015-06;20150601;2;23;751;16170;55876;21749;332;605;45872;95483;938;695;2629;0.0;0;0.0
2015-06;20150601;1;12;520;11178;42711;21558;1633;990;45604;78590;0;0;0;0.0;0;0.0
2015-06;20150601;1;2;387;10418;39217;15705;278;17877;1193;83882;0;0;0;0.0;0;0.0
2015-06;20150601;1;29;86;3471;12355;16135;134;1421;0;33602;46;31;174;0.0;0;0.0
2015-06;20150601;1;64;248;10756;37215;31973;211;460;0;80863;0;0;0;0.0;0;0.0
2015-06;20150601;2;38;0;0;0;0;0;0;52102;0;0;0;0;0.0;0;0.0
2015-06;20150601;2;35;81;2830;17808;11218;190;693;0;32820;149;64;455;0.0;0;0.0
2015-06;20150601;3;1;259;3702;17367;9726;208;1798;38207;33060;0;0;0;0.0;0;0.0
2015-06;20150601;3;16;167;4491;18372;16543;741;715;34843;41029;503;354;1219;0.0;0;0.0
2015-06;20150601;3;10;414;7998;31639;33228;3294;1545;23058;78118;810;628;1816;0.0;0;0.0
2015-06;20150601;3;25;228;7988;26446;22746;179;1683;3635;59270;154;119;530;0.0;0;0.0
2015-06;20150601;1;7;600;10654;39930;39536;225;3806;6932;94751;220;134;547;0.0;0;0.0
2015-06;20150601;4;66;96;3789;15023;3214;175;1014;32398;23311;0;0;0;0.0;0;0.0
2015-06;20150601;4;73;147;5246;16449;24578;192;1510;71;48122;0;0;0;0.0;0;0.0
2015-06;20150601;2;15;330;6070;47915;39959;978;1004;0;96256;196;126;693;0.0;0;0.0
2015-06;20150601;2;5;354;9689;30371;19665;402;3092;27067;63573;298;179;804;0.0;0;0.0
2015-06;20150601;3;22;233;6183;21303;18475;131;1697;39861;48022;141;97;500;0.0;0;0.0
2015-06;20150601;1;21;195;8760;36481;17742;438;1316;50;64932;156;66;354;0.0;0;0.0
2015-06;20150601;1;14;474;7495;40940;8177;463;707;7978;58256;636;390;1269;0.0;0;0.0
2015-05;20150501;3;16;147;3847;15267;13668;621;570;29393;34120;503;358;1223;0.0;0;0.0
2015-05;20150501;3;17;164;4454;18174;8730;76;2012;24394;33610;220;115;681;0.0;0;0.0
2015-05;20150501;3;25;189;6808;21846;18968;138;1443;3049;49392;154;117;533;0.0;0;0.0
2015-05;20150501;1;31;340;8549;44991;25599;583;0;264;80062;0;0;0;0.0;0;0.0
2015-05;20150501;1;29;71;3030;10281;13442;104;1198;0;28126;45;33;175;0.0;0;0.0
2015-05;20150501;2;15;277;5101;40261;33567;822;844;0;80872;194;127;693;0.0;0;0.0
2015-05;20150501;2;23;610;13718;46585;17949;294;545;38759;79701;938;709;2600;0.0;0;0.0
2015-05;20150501;3;9;307;4058;28291;27582;603;504;42559;61345;0;0;0;0.0;0;0.0
2015-05;20150501;3;22;219;6013;20419;17574;122;1615;27627;45962;139;95;502;0.0;0;0.0
2015-05;20150501;3;32;196;6507;23327;36441;360;779;4;67610;0;0;0;0.0;0;0.0
2015-05;20150501;1;21;173;7393;30404;14805;372;1120;42;54267;152;66;355;0.0;0;0.0
2015-05;20150501;1;14;395;6328;33800;6519;374;610;6622;48026;638;402;1269;0.0;0;0.0
2015-05;20150501;1;2;337;8852;32526;12819;209;15197;947;69940;0;0;0;0.0;0;0.0
2015-05;20150501;1;30;118;6280;19880;22870;379;1971;209;51498;0;0;0;0.0;0;0.0
2015-05;20150501;4;69;0;0;0;0;0;0;40629;0;0;0;0;0.0;0;0.0
2015-05;20150501;5;13;376;13837;46930;34651;323;3609;43316;99726;399;247;1425;0.0;0;0.0
2015-05;20150501;2;8;71;1387;14802;5558;22;628;8993;22468;113;63;401;0.0;0;0.0
2015-05;20150501;2;5;303;8215;25292;16216;328;2545;22767;52899;297;182;793;0.0;0;0.0
2015-05;20150501;2;35;74;2529;14791;9555;108;567;0;27624;149;67;457;0.0;0;0.0
2015-05;20150501;3;1;230;3147;14561;7930;171;1482;32539;27521;0;0;0;0.0;0;0.0
2015-05;20150501;3;3;450;8170;25321;24352;214;2000;0;60507;132;59;646;0.0;0;0.0
2015-05;20150501;1;53;181;5348;18132;9749;499;1199;76;35108;0;0;0;0.0;0;0.0
2015-05;20150501;1;64;223;9233;31377;26729;166;383;0;68111;0;0;0;0.0;0;0.0
2015-05;20150501;4;66;88;3212;12743;2423;89;839;28115;19394;0;0;0;0.0;0;0.0
2015-05;20150501;4;73;120;4179;14680;20431;140;1165;71;40715;0;0;0;0.0;0;0.0
2015-05;20150501;2;20;413;10414;37959;17339;251;2443;47;68819;211;115;659;0.0;0;0.0
2015-05;20150501;3;10;335;6724;26369;27438;2707;1260;19627;64833;808;644;1822;0.0;0;0.0
2015-05;20150501;3;33;207;7523;30495;43791;631;162;113;82809;0;0;0;0.0;0;0.0
2015-05;20150501;3;28;453;13860;33179;52620;1940;4446;1070;106498;327;253;853;0.0;0;0.0
2015-05;20150501;1;12;451;9417;35248;17623;1363;826;38416;64928;0;0;0;0.0;0;0.0
2015-05;20150501;1;7;501;8891;33304;32972;187;3174;5773;79029;220;137;545;0.0;0;0.0
2015-05;20150501;2;38;0;0;0;0;0;0;44107;0;0;0;0;0.0;0;0.0
2015-05;20150501;3;27;309;6673;15995;13921;3032;723;20072;40653;333;222;865;0.0;0;0.0
2015-05;20150501;1;72;165;4668;27716;12418;112;1239;27;46318;0;0;0;0.0;0;0.0
2015-04;20150401;4;69;0;0;0;0;0;0;32727;0;0;0;0;0.0;0;0.0
2015-04;20150401;2;23;497;11218;37243;14193;242;431;30811;63824;938;712;2601;0.0;0;0.0
2015-04;20150401;2;38;0;0;0;0;0;0;35635;0;0;0;0;0.0;0;0.0
2015-04;20150401;2;35;68;2056;11785;7538;69;471;0;21987;149;68;456;0.0;0;0.0
2015-04;20150401;3;9;237;3244;22395;21534;436;379;34081;48225;0;0;0;0.0;0;0.0
2015-04;20150401;3;10;263;5329;20897;21488;2088;994;15550;51059;812;660;1802;0.0;0;0.0
2015-04;20150401;3;25;162;5583;17305;15193;85;1036;2340;39364;153;116;536;0.0;0;0.0
2015-04;20150401;3;28;379;11139;26190;41840;1484;3371;815;84403;329;253;846;0.0;0;0.0
2015-04;20150401;1;30;103;5000;16053;17920;267;1581;181;40924;0;0;0;0.0;0;0.0
2015-04;20150401;1;29;63;2495;8292;10711;80;950;0;22591;45;35;168;0.0;0;0.0
2015-04;20150401;4;66;71;2636;10252;1915;71;669;22804;15614;0;0;0;0.0;0;0.0
2015-04;20150401;2;8;62;1173;11890;4474;17;516;7215;18132;113;62;398;0.0;0;0.0
2015-04;20150401;2;15;222;4080;32181;26797;656;675;0;64611;192;128;687;0.0;0;0.0
2015-04;20150401;2;20;347;8402;30099;13947;193;1912;43;54900;212;116;654;0.0;0;0.0
2015-04;20150401;2;5;252;6710;20253;12924;262;2055;18048;42456;293;186;793;0.0;0;0.0
2015-04;20150401;1;7;434;7343;26591;25966;140;2511;4560;62985;217;140;547;0.0;0;0.0
2015-04;20150401;1;72;130;3937;22583;10073;90;973;20;37786;0;0;0;0.0;0;0.0
2015-04;20150401;3;22;186;5321;17828;15728;106;1275;18462;40444;139;95;502;0.0;0;0.0
2015-04;20150401;3;3;361;6627;20305;19119;165;1572;0;48149;134;58;639;0.0;0;0.0
2015-04;20150401;3;33;173;6154;23962;34747;485;138;66;65659;0;0;0;0.0;0;0.0
2015-04;20150401;1;21;149;5992;24101;11870;302;903;35;43317;150;68;356;0.0;0;0.0
2015-04;20150401;1;2;278;7235;25740;10260;155;12193;748;55861;0;0;0;0.0;0;0.0
2015-04;20150401;1;31;269;6932;35833;20357;451;0;215;63842;0;0;0;0.0;0;0.0
2015-04;20150401;4;73;102;3598;11023;16627;117;1006;70;32473;0;0;0;0.0;0;0.0
2015-04;20150401;3;16;128;3159;12093;10852;479;448;23391;27159;503;361;1223;0.0;0;0.0
2015-04;20150401;3;17;137;3657;14355;6777;58;1599;19473;26583;220;113;684;0.0;0;0.0
2015-04;20150401;3;27;224;5426;12630;10931;2360;583;15910;32154;334;222;847;0.0;0;0.0
2015-04;20150401;1;12;375;7598;27896;13809;1057;681;30306;51416;0;0;0;0.0;0;0.0
2015-04;20150401;1;53;151;4331;14355;7764;378;875;66;27854;0;0;0;0.0;0;0.0
2015-04;20150401;5;13;308;11467;38175;28215;268;2935;33144;81368;398;249;1413;0.0;0;0.0
2015-04;20150401;3;1;189;2533;11385;6316;140;1183;26001;21746;0;0;0;0.0;0;0.0
2015-04;20150401;3;32;157;5351;18653;28767;296;602;4;53826;0;0;0;0.0;0;0.0
2015-04;20150401;1;14;317;5133;26519;5179;300;504;5317;37952;638;408;1243;0.0;0;0.0
2015-04;20150401;1;64;197;7810;24986;21575;126;330;0;55024;0;0;0;0.0;0;0.0
2015-03;20150301;2;15;170;3126;24613;20427;499;516;0;49351;192;128;689;0.0;0;0.0
2015-03;20150301;2;38;0;0;0;0;0;0;27793;0;0;0;0;0.0;0;0.0
2015-03;20150301;3;10;202;4155;15849;15920;1540;741;11821;38407;811;670;1774;0.0;0;0.0
2015-03;20150301;1;21;134;4703;18063;9181;225;681;34;32987;152;69;356;0.0;0;0.0
2015-03;20150301;1;2;244;5631;19553;7748;99;9444;659;42719;0;0;0;0.0;0;0.0
2015-03;20150301;1;30;78;3847;12327;13333;180;1162;142;30927;0;0;0;0.0;0;0.0
2015-03;20150301;1;53;116;3360;10859;5717;272;597;56;20921;0;0;0;0.0;0;0.0
2015-03;20150301;1;64;155;5697;19367;16716;90;242;0;42267;0;0;0;0.0;0;0.0
2015-03;20150301;2;23;381;8726;28076;10636;186;323;23529;48328;939;717;2602;0.0;0;0.0
2015-03;20150301;1;14;255;3970;19656;3842;220;372;3958;28315;639;411;1243;0.0;0;0.0
2015-03;20150301;1;7;362;5790;20289;19822;98;1843;3374;48204;214;141;535;0.0;0;0.0
2015-03;20150301;4;73;77;2822;8375;12774;73;766;70;24887;0;0;0;0.0;0;0.0
2015-03;20150301;2;8;50;925;9006;3471;11;379;5574;13842;112;64;399;0.0;0;0.0
2015-03;20150301;2;5;191;5248;15366;9802;186;1548;13677;32341;294;189;787;0.0;0;0.0
2015-03;20150301;2;35;48;1612;8972;5832;50;348;0;16862;148;69;456;0.0;0;0.0
2015-03;20150301;3;9;197;2544;16872;16150;339;285;25956;36387;0;0;0;0.0;0;0.0
2015-03;20150301;3;17;106;2846;10885;5005;49;1183;14975;20074;217;114;680;0.0;0;0.0
2015-03;20150301;3;22;158;4686;15360;14002;84;1009;9605;35299;140;98;492;0.0;0;0.0
2015-03;20150301;3;32;119;4199;14171;21570;234;471;4;40764;0;0;0;0.0;0;0.0
2015-03;20150301;3;25;135;4278;13067;11548;49;817;1724;29894;152;116;516;0.0;0;0.0
2015-03;20150301;3;28;300;8384;19717;31542;1018;2510;765;63471;329;253;843;0.0;0;0.0
2015-03;20150301;1;12;283;5875;20941;10210;724;520;23028;38553;0;0;0;0.0;0;0.0
2015-03;20150301;1;31;213;5407;27074;15511;335;0;188;48540;0;0;0;0.0;0;0.0
2015-03;20150301;1;29;53;2080;6351;8117;63;694;0;17358;45;35;168;0.0;0;0.0
2015-03;20150301;4;66;58;2067;7863;1402;50;499;17913;11939;0;0;0;0.0;0;0.0
2015-03;20150301;4;69;0;0;0;0;0;0;24111;0;0;0;0;0.0;0;0.0
2015-03;20150301;2;20;270;6498;22773;10702;143;1396;17;41782;212;119;650;0.0;0;0.0
2015-03;20150301;3;1;151;1925;8553;4874;113;909;19980;16525;0;0;0;0.0;0;0.0
2015-03;20150301;3;16;98;2448;9124;8112;339;336;17850;20457;500;364;1220;0.0;0;0.0
2015-03;20150301;3;3;287;5163;15512;14550;115;1249;0;36876;135;60;641;0.0;0;0.0
2015-03;20150301;5;13;255;8979;29616;21562;200;2231;24615;62843;394;255;1408;0.0;0;0.0
2015-03;20150301;3;33;143;4812;18180;26136;333;110;51;49714;0;0;0;0.0;0;0.0
2015-03;20150301;3;27;181;4032;9472;8175;1728;458;12043;24046;335;225;850;0.0;0;0.0
2015-03;20150301;1;72;111;3162;17492;7915;60;690;14;29430;0;0;0;0.0;0;0.0
2015-02;20150201;4;73;45;1941;5708;8711;43;501;0;16949;0;0;0;0.0;0;0.0
2015-02;20150201;2;38;0;0;0;0;0;0;19235;0;0;0;0;0.0;0;0.0
2015-02;20150201;3;17;70;1971;7269;3198;35;787;10053;13330;215;115;679;0.0;0;0.0
2015-02;20150201;1;30;52;2691;8083;8571;108;763;98;20268;0;0;0;0.0;0;0.0
2015-02;20150201;1;72;76;2357;12356;5580;30;461;10;20860;0;0;0;0.0;0;0.0
2015-02;20150201;2;15;115;2104;16535;13680;334;346;0;33114;190;129;684;0.0;0;0.0
2015-02;20150201;2;23;259;5921;18447;6973;125;196;15874;31921;933;730;2607;0.0;0;0.0
2015-02;20150201;3;10;137;2754;10351;10250;987;489;7905;24968;798;678;1767;0.0;0;0.0
2015-02;20150201;3;3;191;3557;10394;9882;78;820;0;24922;133;61;624;0.0;0;0.0
2015-02;20150201;1;21;98;3310;12136;5952;140;438;15;22074;149;71;356;0.0;0;0.0
2015-02;20150201;1;2;163;3830;12773;5094;54;6347;455;28261;0;0;0;0.0;0;0.0
2015-02;20150201;1;31;137;3677;17449;10181;225;0;136;31669;0;0;0;0.0;0;0.0
2015-02;20150201;1;53;85;2297;7266;3602;158;349;31;13757;0;0;0;0.0;0;0.0
2015-02;20150201;5;13;179;6134;19855;14461;113;1503;16724;42245;387;257;1396;0.0;0;0.0
2015-02;20150201;2;8;31;668;6128;2362;7;243;3982;9439;104;64;397;0.0;0;0.0
2015-02;20150201;3;33;96;3313;12071;17381;208;61;28;33130;0;0;0;0.0;0;0.0
2015-02;20150201;3;28;187;5709;13006;20244;582;1579;661;41307;325;255;840;0.0;0;0.0
2015-02;20150201;3;27;133;2693;6205;5364;1117;338;7930;15850;330;225;847;0.0;0;0.0
2015-02;20150201;1;14;196;2721;12577;2422;125;248;2578;18289;632;422;1242;0.0;0;0.0
2015-02;20150201;1;29;40;1522;4187;5448;43;463;0;11703;45;36;168;0.0;0;0.0
2015-02;20150201;4;66;42;1427;5232;913;35;317;12573;7966;0;0;0;0.0;0;0.0
2015-02;20150201;3;1;105;1344;5836;3066;65;563;13690;10979;0;0;0;0.0;0;0.0
2015-02;20150201;3;16;73;1687;5857;5316;225;227;11725;13385;498;372;1191;0.0;0;0.0
2015-02;20150201;3;22;105;3259;10151;9425;47;691;6351;23678;132;100;493;0.0;0;0.0
2015-02;20150201;1;12;189;3923;13551;6483;486;320;15275;24952;0;0;0;0.0;0;0.0
2015-02;20150201;1;64;103;4050;13100;11521;58;168;0;29000;0;0;0;0.0;0;0.0
2015-02;20150201;4;69;0;0;0;0;0;0;16212;0;0;0;0;0.0;0;0.0
2015-02;20150201;2;20;188;4495;15163;7450;94;915;14;28305;207;121;632;0.0;0;0.0
2015-02;20150201;2;5;131;3630;10333;6433;111;981;9144;21619;293;190;785;0.0;0;0.0
2015-02;20150201;2;35;35;1155;6258;3916;34;219;0;11617;147;70;455;0.0;0;0.0
2015-02;20150201;3;9;131;1725;11148;10313;218;381;17118;23916;0;0;0;0.0;0;0.0
2015-02;20150201;3;25;96;2924;8423;7729;34;585;1112;19791;151;117;520;0.0;0;0.0
2015-02;20150201;1;7;256;4107;13508;13434;65;1202;2161;32572;209;142;531;0.0;0;0.0
2015-01;20150101;4;66;24;742;2766;508;13;157;6786;4210;0;0;0;0.0;0;0.0
2015-01;20150101;2;38;0;0;0;0;0;0;10383;0;0;0;0;0.0;0;0.0
2015-01;20150101;3;10;79;1488;5562;5427;560;264;4399;13380;799;681;1776;0.0;0;0.0
2015-01;20150101;3;28;119;3100;7289;11028;270;869;72;22675;326;255;825;0.0;0;0.0
2015-01;20150101;1;14;106;1436;6675;1336;63;136;1392;9752;632;427;1244;0.0;0;0.0
2015-01;20150101;1;31;77;2085;9426;5511;128;0;86;17227;0;0;0;0.0;0;0.0
2015-01;20150101;4;69;0;0;0;0;0;0;8710;0;0;0;0;0.0;0;0.0
2015-01;20150101;4;73;31;1059;2987;4853;27;273;0;9230;0;0;0;0.0;0;0.0
2015-01;20150101;5;13;86;3258;10552;7453;61;761;9271;22171;389;261;1396;0.0;0;0.0
2015-01;20150101;2;8;19;370;3287;1216;5;142;2266;5039;108;65;398;0.0;0;0.0
2015-01;20150101;2;20;117;2590;8283;4287;52;493;5;15822;208;121;612;0.0;0;0.0
2015-01;20150101;2;5;69;1915;5644;3423;75;517;4765;11643;294;192;785;0.0;0;0.0
2015-01;20150101;3;9;56;934;5830;5415;122;96;9490;12453;0;0;0;0.0;0;0.0
2015-01;20150101;1;30;26;1602;4266;4676;65;373;53;11008;0;0;0;0.0;0;0.0
2015-01;20150101;1;64;56;2311;6919;6538;30;87;0;15941;0;0;0;0.0;0;0.0
2015-01;20150101;1;72;39;1306;6883;2999;11;245;7;11483;0;0;0;0.0;0;0.0
2015-01;20150101;2;23;154;3169;9679;3591;67;122;8736;16782;988;679;2603;0.0;0;0.0
2015-01;20150101;3;1;50;735;3206;1765;40;279;7854;6075;0;0;0;0.0;0;0.0
2015-01;20150101;3;22;56;1744;5319;5163;21;338;3683;12641;141;100;494;0.0;0;0.0
2015-01;20150101;1;12;95;2136;7150;3440;234;170;8589;13225;0;0;0;0.0;0;0.0
2015-01;20150101;1;7;150;2382;7370;7754;38;628;1166;18322;213;142;524;0.0;0;0.0
2015-01;20150101;1;29;18;904;2299;3027;19;227;0;6494;46;36;168;0.0;0;0.0
2015-01;20150101;2;15;68;1241;9766;8098;198;204;0;19575;188;134;681;0.0;0;0.0
2015-01;20150101;2;35;12;593;3309;2237;17;117;0;6285;147;70;456;0.0;0;0.0
2015-01;20150101;3;16;37;928;3170;2911;138;117;6358;7301;498;375;1184;0.0;0;0.0
2015-01;20150101;3;3;85;2000;5747;5374;42;546;0;13794;135;63;605;0.0;0;0.0
2015-01;20150101;3;33;52;1833;6498;9406;97;37;11;17923;0;0;0;0.0;0;0.0
2015-01;20150101;3;25;52;1642;4420;4172;17;317;561;10620;153;117;494;0.0;0;0.0
2015-01;20150101;3;27;77;1485;3411;2901;579;157;4305;8610;332;226;826;0.0;0;0.0
2015-01;20150101;1;21;57;1853;6787;3303;63;240;2;12303;149;71;356;0.0;0;0.0
2015-01;20150101;3;17;38;1124;3789;1703;14;418;5605;7086;215;117;667;0.0;0;0.0
2015-01;20150101;1;2;93;2196;6866;2733;28;3548;266;15464;0;0;0;0.0;0;0.0
2015-01;20150101;1;53;47;1285;3856;1885;87;198;17;7358;0;0;0;0.0;0;0.0
2014-12;20141201;3;22;563;16344;60170;58663;503;4493;37566;140736;144;76;497;0.0;0;0.0
2014-12;20141201;3;3;859;18855;62782;59246;643;4364;0;146749;134;59;610;0.0;0;0.0
2014-12;20141201;1;2;726;19614;82958;36117;566;38096;2164;178077;0;0;0;0.0;0;0.0
2014-12;20141201;2;8;150;2517;35066;15663;85;1490;18862;54971;108;53;398;0.0;0;0.0
2014-12;20141201;2;15;683;12314;97719;82199;2027;2043;0;196985;187;110;682;0.0;0;0.0
2014-12;20141201;2;5;681;18601;60902;42800;896;6243;52401;130123;291;167;786;0.0;0;0.0
2014-12;20141201;1;12;1229;23445;92237;51197;4676;2220;97306;175004;0;0;0;0.0;0;0.0
2014-12;20141201;1;31;741;17932;106342;65088;1379;0;540;191482;0;0;0;0.0;0;0.0
2014-12;20141201;1;29;115;5430;23712;35121;307;3088;0;67773;44;32;169;0.0;0;0.0
2014-12;20141201;4;69;0;0;0;0;0;0;95959;0;0;0;0;0.0;0;0.0
2014-12;20141201;4;73;320;9822;30491;50291;429;2707;92;94060;0;0;0;0.0;0;0.0
2014-12;20141201;2;20;909;25517;93384;41746;527;5961;91;168044;208;112;613;0.0;0;0.0
2014-12;20141201;3;9;760;9632;68269;73704;1266;1147;99959;154778;0;0;0;0.0;0;0.0
2014-12;20141201;3;33;486;18769;73824;101220;1733;390;161;196422;0;0;0;0.0;0;0.0
2014-12;20141201;3;28;1081;32097;76987;138760;5723;11195;1858;265843;327;217;800;0.0;0;0.0
2014-12;20141201;1;19;305;13616;54883;73210;825;5218;448;148057;0;0;0;0.0;0;0.0
2014-12;20141201;1;14;944;14061;85125;18847;879;1661;15266;121517;632;366;1245;0.0;0;0.0
2014-12;20141201;1;64;443;18604;79826;61185;508;828;0;161394;0;0;0;0.0;0;0.0
2014-12;20141201;4;66;153;7086;30279;5954;225;2085;75865;45782;0;0;0;0.0;0;0.0
2014-12;20141201;2;38;0;0;0;0;0;0;91705;0;0;0;0;0.0;0;0.0
2014-12;20141201;3;1;454;7296;35503;20896;669;3900;76599;68718;0;0;0;0.0;0;0.0
2014-12;20141201;3;10;851;16759;62544;69616;6723;2775;48040;159268;804;565;1783;0.0;0;0.0
2014-12;20141201;3;25;432;16268;54499;45218;292;3633;7102;120342;155;97;489;0.0;0;0.0
2014-12;20141201;3;27;594;13908;35915;33122;2847;1605;60873;87991;331;170;826;0.0;0;0.0
2014-12;20141201;1;53;364;12513;44827;25087;1257;1866;211;85914;0;0;0;0.0;0;0.0
2014-12;20141201;5;13;825;29375;96362;56727;651;9251;90704;193191;383;214;1400;0.0;0;0.0
2014-12;20141201;2;23;1423;31429;113383;43586;669;3489;88940;193979;990;605;2609;0.0;0;0.0
2014-12;20141201;2;35;171;5689;35270;20430;307;1183;0;63050;146;49;449;0.0;0;0.0
2014-12;20141201;3;16;364;8515;37636;36151;1910;1142;68113;85718;498;304;1185;0.0;0;0.0
2014-12;20141201;3;17;326;10549;43136;21170;180;5019;55174;80380;218;85;654;0.0;0;0.0
2014-12;20141201;1;7;1118;21080;80179;77450;534;7957;13878;188318;214;114;525;0.0;0;0.0
2014-12;20141201;1;72;369;9457;72438;27597;244;3400;82;113505;0;0;0;0.0;0;0.0
2014-11;20141101;2;8;135;2259;32220;14699;76;1360;17352;50749;0;0;0;0.0;0;0.0
2014-11;20141101;2;23;1304;28762;104089;39993;605;3230;80361;177983;0;0;0;0.0;0;0.0
2014-11;20141101;3;16;326;7711;34294;33186;1791;1055;61694;78363;0;0;0;0.0;0;0.0
2014-11;20141101;3;22;523;14886;55033;53588;466;4086;34050;128582;0;0;0;0.0;0;0.0
2014-11;20141101;3;3;787;17086;57247;53944;609;3904;0;133577;0;0;0;0.0;0;0.0
2014-11;20141101;1;72;333;8685;66749;25507;226;3149;64;104649;0;0;0;0.0;0;0.0
2014-11;20141101;4;73;290;9051;28003;46090;402;2464;69;86300;0;0;0;0.0;0;0.0
2014-11;20141101;2;15;627;11298;88978;75234;1859;1874;0;179870;0;0;0;0.0;0;0.0
2014-11;20141101;2;38;0;0;0;0;0;0;83011;0;0;0;0;0.0;0;0.0
2014-11;20141101;3;17;298;9622;39411;19445;164;4641;49965;73581;0;0;0;0.0;0;0.0
2014-11;20141101;3;28;996;29025;70425;127556;5374;10257;1778;243633;0;0;0;0.0;0;0.0
2014-11;20141101;1;19;273;12285;50078;67005;726;4701;390;135068;0;0;0;0.0;0;0.0
2014-11;20141101;1;14;849;12687;77728;17529;802;1494;14075;111089;0;0;0;0.0;0;0.0
2014-11;20141101;1;2;655;17647;75551;33207;530;34075;1979;161665;0;0;0;0.0;0;0.0
2014-11;20141101;4;69;0;0;0;0;0;0;88048;0;0;0;0;0.0;0;0.0
2014-11;20141101;5;13;737;26504;86755;49941;588;8455;82882;172980;0;0;0;0.0;0;0.0
2014-11;20141101;2;20;811;23238;85362;37890;490;5399;82;153190;0;0;0;0.0;0;0.0
2014-11;20141101;2;35;155;5236;32300;18655;285;1088;0;57719;0;0;0;0.0;0;0.0
2014-11;20141101;3;10;767;15343;57221;64012;6098;2556;43798;145997;0;0;0;0.0;0;0.0
2014-11;20141101;3;27;548;12709;32881;30532;2619;1462;54804;80751;0;0;0;0.0;0;0.0
2014-11;20141101;1;12;1101;21326;84902;47571;4363;2000;88762;161263;0;0;0;0.0;0;0.0
2014-11;20141101;1;31;667;16042;97031;59653;1215;0;434;174608;0;0;0;0.0;0;0.0
2014-11;20141101;1;29;106;4817;21663;32197;280;2813;0;61876;0;0;0;0.0;0;0.0
2014-11;20141101;1;53;324;11405;41012;22993;1158;1726;181;78618;0;0;0;0.0;0;0.0
2014-11;20141101;4;66;140;6469;27820;5538;206;1901;69333;42074;0;0;0;0.0;0;0.0
2014-11;20141101;2;5;598;16887;55374;38931;829;5665;47151;118284;0;0;0;0.0;0;0.0
2014-11;20141101;3;1;422;6556;32481;19212;634;3587;69761;62892;0;0;0;0.0;0;0.0
2014-11;20141101;3;9;699;8749;62319;68099;1181;1024;90605;142071;0;0;0;0.0;0;0.0
2014-11;20141101;3;33;447;16826;67528;92235;1626;353;149;179015;0;0;0;0.0;0;0.0
2014-11;20141101;3;25;401;14753;49658;40851;258;3358;6530;109279;0;0;0;0.0;0;0.0
2014-11;20141101;1;7;1042;19896;72953;69849;475;7226;12632;171441;0;0;0;0.0;0;0.0
2014-11;20141101;1;64;410;16964;73200;55725;464;785;0;147548;0;0;0;0.0;0;0.0
2014-10;20141001;4;66;134;5921;25158;5039;185;1741;63117;38178;0;0;0;0.0;0;0.0
2014-10;20141001;4;73;269;8309;25494;42061;375;2280;150;78788;0;0;0;0.0;0;0.0
2014-10;20141001;2;5;544;15381;50404;35366;757;5188;42423;107640;0;0;0;0.0;0;0.0
2014-10;20141001;1;2;591;16091;68780;30536;482;30464;1845;146944;0;0;0;0.0;0;0.0
2014-10;20141001;1;53;292;10389;37514;21016;1037;1552;182;71800;0;0;0;0.0;0;0.0
2014-10;20141001;2;38;0;0;0;0;0;0;75161;0;0;0;0;0.0;0;0.0
2014-10;20141001;3;9;641;7931;56467;62608;1078;936;81291;129661;0;0;0;0.0;0;0.0
2014-10;20141001;3;16;304;6978;31289;30241;1582;937;56189;71331;0;0;0;0.0;0;0.0
2014-10;20141001;3;17;272;8719;35830;18030;155;4282;45013;67288;0;0;0;0.0;0;0.0
2014-10;20141001;3;22;373;11416;41402;38836;211;2487;53156;94725;0;0;0;0.0;0;0.0
2014-10;20141001;3;33;410;15053;61153;83020;1523;330;138;161489;0;0;0;0.0;0;0.0
2014-10;20141001;1;7;981;18513;65717;63503;447;6703;11296;155864;0;0;0;0.0;0;0.0
2014-10;20141001;1;29;92;4352;19826;29394;259;2576;0;56499;0;0;0;0.0;0;0.0
2014-10;20141001;5;13;670;23937;78016;43887;513;7671;75577;154694;0;0;0;0.0;0;0.0
2014-10;20141001;2;15;574;10320;81214;68568;1700;1752;0;164128;0;0;0;0.0;0;0.0
2014-10;20141001;3;1;380;5950;29478;17648;606;3289;63075;57351;0;0;0;0.0;0;0.0
2014-10;20141001;3;10;703;13979;51903;58453;5529;2284;39415;132851;0;0;0;0.0;0;0.0
2014-10;20141001;3;3;717;15547;52221;49021;562;3623;0;121691;0;0;0;0.0;0;0.0
2014-10;20141001;3;25;369;13464;45049;36971;246;3094;5901;99193;0;0;0;0.0;0;0.0
2014-10;20141001;3;28;903;26108;63742;116353;4973;9391;1703;221470;0;0;0;0.0;0;0.0
2014-10;20141001;1;19;245;11225;45358;60932;652;4230;348;122642;0;0;0;0.0;0;0.0
2014-10;20141001;1;72;304;7984;61256;23438;211;2875;76;96068;0;0;0;0.0;0;0.0
2014-10;20141001;2;20;745;21266;77741;34207;437;4936;75;139332;0;0;0;0.0;0;0.0
2014-10;20141001;2;23;1180;25977;93963;36072;531;3114;72975;160837;0;0;0;0.0;0;0.0
2014-10;20141001;1;12;1013;19473;78169;43742;4015;1864;79931;148276;0;0;0;0.0;0;0.0
2014-10;20141001;1;31;623;14561;88431;54312;1093;0;369;159020;0;0;0;0.0;0;0.0
2014-10;20141001;1;64;372;15683;67421;50752;435;732;0;135395;0;0;0;0.0;0;0.0
2014-10;20141001;4;69;0;0;0;0;0;0;80586;0;0;0;0;0.0;0;0.0
2014-10;20141001;2;8;119;2023;29238;13697;69;1271;15878;46417;0;0;0;0.0;0;0.0
2014-10;20141001;2;35;135;4873;29387;16891;274;994;0;52554;0;0;0;0.0;0;0.0
2014-10;20141001;3;27;497;11378;29925;27970;2375;1350;50265;73495;0;0;0;0.0;0;0.0
2014-10;20141001;1;14;799;11537;70936;16182;717;1354;12732;101525;0;0;0;0.0;0;0.0
2014-09;20140901;4;73;249;7509;22805;37743;337;2041;132;70684;0;0;0;0.0;0;0.0
2014-09;20140901;5;13;596;21252;68117;36683;411;6810;67615;133869;0;0;0;0.0;0;0.0
2014-09;20140901;2;15;482;9413;72602;61561;1681;1459;0;147198;0;0;0;0.0;0;0.0
2014-09;20140901;2;20;660;18925;69459;30510;374;4412;65;124340;0;0;0;0.0;0;0.0
2014-09;20140901;3;22;432;12144;44745;44012;385;2953;27954;104671;0;0;0;0.0;0;0.0
2014-09;20140901;1;14;710;10292;63336;14633;651;1234;11384;90856;0;0;0;0.0;0;0.0
2014-09;20140901;1;72;274;7217;55434;21345;200;2623;68;87093;0;0;0;0.0;0;0.0
2014-09;20140901;3;9;576;7101;50484;56167;967;829;72179;116124;0;0;0;0.0;0;0.0
2014-09;20140901;3;16;281;6199;27965;27030;1374;819;49759;63668;0;0;0;0.0;0;0.0
2014-09;20140901;3;17;247;7789;32217;16232;142;3898;39920;60525;0;0;0;0.0;0;0.0
2014-09;20140901;3;28;794;23290;56616;104090;4583;8417;1624;197790;0;0;0;0.0;0;0.0
2014-09;20140901;1;19;223;10035;40414;54492;585;3787;310;109536;0;0;0;0.0;0;0.0
2014-09;20140901;1;53;260;9345;33735;18752;934;1340;167;64366;0;0;0;0.0;0;0.0
2014-09;20140901;2;35;123;4348;26188;15200;248;909;0;47016;0;0;0;0.0;0;0.0
2014-09;20140901;1;12;920;17695;70716;39772;3656;1716;70586;134475;0;0;0;0.0;0;0.0
2014-09;20140901;4;66;121;5340;22529;4506;170;1562;57285;34228;0;0;0;0.0;0;0.0
2014-09;20140901;4;69;0;0;0;0;0;0;72513;0;0;0;0;0.0;0;0.0
2014-09;20140901;2;8;105;1772;26154;12628;61;1131;14354;41851;0;0;0;0.0;0;0.0
2014-09;20140901;2;23;1063;23498;84705;32600;481;2557;65016;144904;0;0;0;0.0;0;0.0
2014-09;20140901;3;3;662;14044;46864;44132;499;3136;0;109337;0;0;0;0.0;0;0.0
2014-09;20140901;3;25;333;12128;40152;33042;221;2810;5299;88686;0;0;0;0.0;0;0.0
2014-09;20140901;3;27;450;10206;26833;24838;2050;1179;44093;65556;0;0;0;0.0;0;0.0
2014-09;20140901;1;31;565;13141;79027;48358;930;0;328;142021;0;0;0;0.0;0;0.0
2014-09;20140901;2;5;487;13806;45198;32013;666;4650;37760;96820;0;0;0;0.0;0;0.0
2014-09;20140901;2;38;0;0;0;0;0;0;66631;0;0;0;0;0.0;0;0.0
2014-09;20140901;3;1;349;5377;26357;15939;570;2996;56048;51588;0;0;0;0.0;0;0.0
2014-09;20140901;3;10;636;12574;46403;52683;4893;2067;34472;119256;0;0;0;0.0;0;0.0
2014-09;20140901;3;33;360;13450;54522;73693;1361;289;119;143675;0;0;0;0.0;0;0.0
2014-09;20140901;1;2;548;14293;61366;27779;418;27038;1598;131442;0;0;0;0.0;0;0.0
2014-09;20140901;1;7;873;16404;59115;56342;404;5942;10285;139080;0;0;0;0.0;0;0.0
2014-09;20140901;1;29;81;3963;17817;26413;241;2335;0;50850;0;0;0;0.0;0;0.0
2014-09;20140901;1;64;331;14226;60602;45699;394;698;0;121950;0;0;0;0.0;0;0.0
2014-08;20140801;4;69;0;0;0;0;0;0;64838;0;0;0;0;0.0;0;0.0
2014-08;20140801;5;13;523;18512;57826;28622;336;5871;60790;111690;0;0;0;0.0;0;0.0
2014-08;20140801;2;35;112;3963;23487;13674;228;814;0;42278;0;0;0;0.0;0;0.0
2014-08;20140801;3;9;510;6334;44844;49871;849;717;65079;103125;0;0;0;0.0;0;0.0
2014-08;20140801;3;16;257;5507;24917;24019;1197;728;44543;56625;0;0;0;0.0;0;0.0
2014-08;20140801;3;10;571;11361;41178;47355;4248;1860;30454;106573;0;0;0;0.0;0;0.0
2014-08;20140801;1;19;207;9027;36056;48588;532;3431;283;97841;0;0;0;0.0;0;0.0
2014-08;20140801;2;20;595;16893;61536;27263;317;3938;57;110542;0;0;0;0.0;0;0.0
2014-08;20140801;2;23;982;20915;74976;29116;417;2367;58287;128773;0;0;0;0.0;0;0.0
2014-08;20140801;3;1;317;4804;23289;14312;527;2739;50670;45988;0;0;0;0.0;0;0.0
2014-08;20140801;3;17;214;7008;28779;14253;112;3554;36075;53920;0;0;0;0.0;0;0.0
2014-08;20140801;3;22;308;9148;32816;31033;175;2153;42844;75633;0;0;0;0.0;0;0.0
2014-08;20140801;3;3;586;12582;41496;39051;427;2664;0;96806;0;0;0;0.0;0;0.0
2014-08;20140801;3;28;725;20861;49982;92542;4004;7463;2095;175577;0;0;0;0.0;0;0.0
2014-08;20140801;1;14;631;9167;55925;13065;576;1128;9943;80492;0;0;0;0.0;0;0.0
2014-08;20140801;1;53;229;8351;29782;16548;842;1170;162;56922;0;0;0;0.0;0;0.0
2014-08;20140801;1;64;294;12774;54052;40610;343;692;0;108765;0;0;0;0.0;0;0.0
2014-08;20140801;4;66;106;4761;20053;4015;141;1384;51727;30460;0;0;0;0.0;0;0.0
2014-08;20140801;4;73;228;6843;20315;33968;300;1831;116;63485;0;0;0;0.0;0;0.0
2014-08;20140801;2;15;396;8447;64468;55166;1659;1188;0;131324;0;0;0;0.0;0;0.0
2014-08;20140801;2;5;445;12340;40066;28710;571;4164;33908;86296;0;0;0;0.0;0;0.0
2014-08;20140801;1;12;840;15997;63428;35739;3155;1790;63385;120949;0;0;0;0.0;0;0.0
2014-08;20140801;1;2;484;12713;54729;24779;364;24540;1300;117609;0;0;0;0.0;0;0.0
2014-08;20140801;1;7;799;15017;52612;50269;368;5328;9045;124393;0;0;0;0.0;0;0.0
2014-08;20140801;3;33;314;12061;48660;65891;1214;243;109;128383;0;0;0;0.0;0;0.0
2014-08;20140801;1;31;522;11758;70346;42899;823;0;301;126348;0;0;0;0.0;0;0.0
2014-08;20140801;1;72;241;6597;50299;19420;187;2345;64;79089;0;0;0;0.0;0;0.0
2014-08;20140801;2;8;99;1582;23196;11672;56;985;13178;37590;0;0;0;0.0;0;0.0
2014-08;20140801;2;38;0;0;0;0;0;0;58922;0;0;0;0;0.0;0;0.0
2014-08;20140801;3;25;304;10919;35792;29863;201;2502;4664;79581;0;0;0;0.0;0;0.0
2014-08;20140801;3;27;407;9156;23882;21815;1739;1038;39776;58037;0;0;0;0.0;0;0.0
2014-08;20140801;1;29;76;3639;15886;23927;222;2053;0;45803;0;0;0;0.0;0;0.0
2014-07;20140701;2;35;98;3456;20395;12125;205;730;0;37009;0;0;0;0.0;0;0.0
2014-07;20140701;3;3;533;11299;36580;34754;375;2324;0;85865;0;0;0;0.0;0;0.0
2014-07;20140701;4;66;94;4199;17442;3469;116;1223;45817;26543;0;0;0;0.0;0;0.0
2014-07;20140701;4;69;0;0;0;0;0;0;55566;0;0;0;0;0.0;0;0.0
2014-07;20140701;2;8;89;1384;19821;10408;50;847;11733;32599;0;0;0;0.0;0;0.0
2014-07;20140701;2;38;0;0;0;0;0;0;49917;0;0;0;0;0.0;0;0.0
2014-07;20140701;3;9;453;5555;39241;43554;732;629;58554;90164;0;0;0;0.0;0;0.0
2014-07;20140701;3;17;188;6173;25124;12277;98;3116;32473;46976;0;0;0;0.0;0;0.0
2014-07;20140701;3;10;496;10028;36012;41550;3386;1603;27890;93075;0;0;0;0.0;0;0.0
2014-07;20140701;3;28;667;18690;44209;82094;3393;6502;1484;155555;0;0;0;0.0;0;0.0
2014-07;20140701;3;27;404;9472;23966;19850;4412;933;26906;59037;0;0;0;0.0;0;0.0
2014-07;20140701;1;64;263;11284;46417;34412;284;570;0;93230;0;0;0;0.0;0;0.0
2014-07;20140701;1;72;212;5730;43602;17012;163;1998;56;68717;0;0;0;0.0;0;0.0
2014-07;20140701;4;73;209;6090;17928;29758;249;1633;106;55867;0;0;0;0.0;0;0.0
2014-07;20140701;3;1;289;4199;20215;12617;464;2383;45392;40167;0;0;0;0.0;0;0.0
2014-07;20140701;3;16;225;4885;21964;21125;1003;620;40109;49822;0;0;0;0.0;0;0.0
2014-07;20140701;3;22;267;7972;28147;27125;152;1793;37185;65456;0;0;0;0.0;0;0.0
2014-07;20140701;1;12;738;14266;56475;30995;2733;1588;57169;106795;0;0;0;0.0;0;0.0
2014-07;20140701;1;14;548;8026;48413;11323;519;1024;8493;69853;0;0;0;0.0;0;0.0
2014-07;20140701;1;2;427;11142;47883;21132;305;22179;1132;103068;0;0;0;0.0;0;0.0
2014-07;20140701;5;13;444;15013;44616;18336;252;4807;52840;83468;0;0;0;0.0;0;0.0
2014-07;20140701;3;25;278;9658;31467;26584;166;2245;3985;70398;0;0;0;0.0;0;0.0
2014-07;20140701;1;19;191;8290;30988;42520;587;2945;247;85521;0;0;0;0.0;0;0.0
2014-07;20140701;2;15;344;7345;56025;47971;1443;1067;0;114195;0;0;0;0.0;0;0.0
2014-07;20140701;2;20;534;14766;53506;23891;270;3389;54;96356;0;0;0;0.0;0;0.0
2014-07;20140701;2;23;860;18329;65188;25291;352;2097;51630;112117;0;0;0;0.0;0;0.0
2014-07;20140701;2;5;385;10805;34306;24652;487;3560;29890;74195;0;0;0;0.0;0;0.0
2014-07;20140701;3;33;270;10768;43040;58535;1069;220;99;113902;0;0;0;0.0;0;0.0
2014-07;20140701;1;7;649;13028;45732;44090;319;4760;7897;108578;0;0;0;0.0;0;0.0
2014-07;20140701;1;31;456;10287;61353;37308;714;0;267;110118;0;0;0;0.0;0;0.0
2014-07;20140701;1;29;71;3298;13943;21145;192;1832;0;40481;0;0;0;0.0;0;0.0
2014-07;20140701;1;53;201;7332;25965;14408;739;999;152;49644;0;0;0;0.0;0;0.0
2014-06;20140601;4;66;82;3652;14891;2868;106;1067;39558;22666;0;0;0;0.0;0;0.0
2014-06;20140601;2;15;286;6293;47914;41029;1234;913;0;97669;0;0;0;0.0;0;0.0
2014-06;20140601;2;35;83;2982;17536;10479;162;625;0;31867;0;0;0;0.0;0;0.0
2014-06;20140601;3;9;404;4828;33771;36955;620;549;51058;77127;0;0;0;0.0;0;0.0
2014-06;20140601;3;10;440;8677;30981;35912;2605;1354;23697;79969;0;0;0;0.0;0;0.0
2014-06;20140601;1;64;233;9845;39728;29384;231;527;0;79948;0;0;0;0.0;0;0.0
2014-06;20140601;5;13;390;12631;37159;15235;222;4021;45078;69658;0;0;0;0.0;0;0.0
2014-06;20140601;2;38;0;0;0;0;0;0;42654;0;0;0;0;0.0;0;0.0
2014-06;20140601;3;16;199;4266;18886;18134;826;517;34865;42828;0;0;0;0.0;0;0.0
2014-06;20140601;3;17;169;5332;21406;10357;77;2743;28322;40084;0;0;0;0.0;0;0.0
2014-06;20140601;3;33;228;9306;37082;50711;879;177;86;98383;0;0;0;0.0;0;0.0
2014-06;20140601;1;31;393;8893;52480;31811;575;0;235;94152;0;0;0;0.0;0;0.0
2014-06;20140601;4;69;0;0;0;0;0;0;47223;0;0;0;0;0.0;0;0.0
2014-06;20140601;2;23;733;15919;55651;21358;282;1768;44522;95711;0;0;0;0.0;0;0.0
2014-06;20140601;3;22;306;8128;28546;29029;258;2334;18985;68601;0;0;0;0.0;0;0.0
2014-06;20140601;3;3;461;9859;31503;29988;313;1964;0;74088;0;0;0;0.0;0;0.0
2014-06;20140601;1;12;637;12270;48184;25990;2305;1185;51153;90571;0;0;0;0.0;0;0.0
2014-06;20140601;1;29;63;2922;12140;18130;160;1570;0;34985;0;0;0;0.0;0;0.0
2014-06;20140601;1;72;186;4968;37400;14467;142;1691;47;58854;0;0;0;0.0;0;0.0
2014-06;20140601;2;5;326;9353;29234;20794;414;3028;25670;63149;0;0;0;0.0;0;0.0
2014-06;20140601;3;1;256;3568;17128;10879;387;2047;39587;34265;0;0;0;0.0;0;0.0
2014-06;20140601;3;25;249;8287;26968;23113;131;1892;3336;60640;0;0;0;0.0;0;0.0
2014-06;20140601;3;28;585;16325;37913;70672;2853;5556;1433;133904;0;0;0;0.0;0;0.0
2014-06;20140601;1;19;162;6932;26783;36070;386;2532;206;72865;0;0;0;0.0;0;0.0
2014-06;20140601;1;2;379;9623;40742;17849;255;19309;1039;88157;0;0;0;0.0;0;0.0
2014-06;20140601;1;53;181;6317;21974;12163;622;876;138;42133;0;0;0;0.0;0;0.0
2014-06;20140601;4;73;180;5344;15302;25644;206;1405;89;48081;0;0;0;0.0;0;0.0
2014-06;20140601;2;8;82;1186;16758;8975;42;716;10109;27759;0;0;0;0.0;0;0.0
2014-06;20140601;2;20;459;12577;45538;20481;222;2870;48;82147;0;0;0;0.0;0;0.0
2014-06;20140601;3;27;325;6904;17731;15679;1182;767;30724;42588;0;0;0;0.0;0;0.0
2014-06;20140601;1;14;482;6932;41014;9363;431;892;7127;59114;0;0;0;0.0;0;0.0
2014-06;20140601;1;7;570;11461;39195;37468;282;4084;6543;93060;0;0;0;0.0;0;0.0
2014-05;20140501;2;15;267;5257;39695;34975;791;707;0;81692;0;0;0;0.0;0;0.0
2014-05;20140501;3;28;505;14056;31699;59318;2302;4666;446;112546;0;0;0;0.0;0;0.0
2014-05;20140501;1;19;148;6022;22551;29740;331;2089;185;60881;0;0;0;0.0;0;0.0
2014-05;20140501;1;31;333;7471;43506;26618;487;0;208;78415;0;0;0;0.0;0;0.0
2014-05;20140501;2;38;0;0;0;0;0;0;35633;0;0;0;0;0.0;0;0.0
2014-05;20140501;1;12;543;10506;40343;21659;1953;996;41806;76000;0;0;0;0.0;0;0.0
2014-05;20140501;1;53;154;5285;18250;10060;534;728;129;35011;0;0;0;0.0;0;0.0
2014-05;20140501;4;69;0;0;0;0;0;0;39513;0;0;0;0;0.0;0;0.0
2014-05;20140501;2;23;620;13533;46725;17621;223;1496;37572;80218;0;0;0;0.0;0;0.0
2014-05;20140501;2;5;270;7901;24456;17032;328;2528;21342;52515;0;0;0;0.0;0;0.0
2014-05;20140501;3;1;217;2953;14182;9000;317;1733;33435;28402;0;0;0;0.0;0;0.0
2014-05;20140501;3;22;203;5764;19631;19487;107;1564;26582;46756;0;0;0;0.0;0;0.0
2014-05;20140501;3;27;263;5716;14754;12901;940;656;25864;35230;0;0;0;0.0;0;0.0
2014-05;20140501;1;7;487;9908;32477;30958;227;3383;5497;77440;0;0;0;0.0;0;0.0
2014-05;20140501;1;64;213;8416;33226;24527;200;547;0;67129;0;0;0;0.0;0;0.0
2014-05;20140501;4;66;70;3092;12354;2377;85;898;33241;18876;0;0;0;0.0;0;0.0
2014-05;20140501;4;73;149;4489;12710;21556;169;1171;82;40244;0;0;0;0.0;0;0.0
2014-05;20140501;2;20;386;10536;37908;16944;176;2389;41;68339;0;0;0;0.0;0;0.0
2014-05;20140501;3;16;168;3633;15806;15280;658;430;29554;35975;0;0;0;0.0;0;0.0
2014-05;20140501;3;17;143;4540;17832;8439;55;2386;23849;33395;0;0;0;0.0;0;0.0
2014-05;20140501;1;14;400;5773;34042;7430;363;782;5927;48790;0;0;0;0.0;0;0.0
2014-05;20140501;1;2;330;8011;33937;14593;196;15950;937;73017;0;0;0;0.0;0;0.0
2014-05;20140501;5;13;342;10504;30995;12436;184;3336;37344;57797;0;0;0;0.0;0;0.0
2014-05;20140501;2;8;71;996;13976;7576;38;592;8547;23249;0;0;0;0.0;0;0.0
2014-05;20140501;2;35;71;2526;14626;8886;132;542;0;26783;0;0;0;0.0;0;0.0
2014-05;20140501;3;9;332;4101;27818;30319;496;458;43050;63524;0;0;0;0.0;0;0.0
2014-05;20140501;3;10;390;7490;26459;30797;1989;1173;18969;68298;0;0;0;0.0;0;0.0
2014-05;20140501;3;3;406;8181;26418;25072;255;1625;0;61957;0;0;0;0.0;0;0.0
2014-05;20140501;3;33;194;7909;30904;42537;747;141;77;82432;0;0;0;0.0;0;0.0
2014-05;20140501;1;29;54;2389;10201;15315;139;1336;0;29434;0;0;0;0.0;0;0.0
2014-05;20140501;1;72;168;4266;31679;12166;123;1413;44;49815;0;0;0;0.0;0;0.0
2014-04;20140401;3;1;180;2451;11127;7174;261;1358;26859;22551;0;0;0;0.0;0;0.0
2014-04;20140401;3;22;171;4754;15552;15644;90;1347;21742;37558;0;0;0;0.0;0;0.0
2014-04;20140401;3;33;159;6427;24293;33736;618;111;64;65344;0;0;0;0.0;0;0.0
2014-04;20140401;3;25;170;5749;17602;15608;88;1265;2125;40482;0;0;0;0.0;0;0.0
2014-04;20140401;1;12;453;8378;31910;17245;1582;791;32857;60359;0;0;0;0.0;0;0.0
2014-04;20140401;1;19;118;4807;18012;23769;263;1666;148;48635;0;0;0;0.0;0;0.0
2014-04;20140401;1;53;134;4265;14437;7965;424;594;124;27819;0;0;0;0.0;0;0.0
2014-04;20140401;1;64;171;6767;26718;19723;161;440;0;53980;0;0;0;0.0;0;0.0
2014-04;20140401;2;20;320;8545;30199;13575;137;1857;35;54633;0;0;0;0.0;0;0.0
2014-04;20140401;3;16;145;2846;12286;11970;467;346;23951;28060;0;0;0;0.0;0;0.0
2014-04;20140401;3;28;399;11128;25142;47159;1824;3689;353;89341;0;0;0;0.0;0;0.0
2014-04;20140401;1;29;44;1950;8213;12160;113;1087;0;23567;0;0;0;0.0;0;0.0
2014-04;20140401;4;73;125;3664;9921;17193;128;928;68;31959;0;0;0;0.0;0;0.0
2014-04;20140401;2;23;492;10922;37069;13868;169;1209;29993;63729;0;0;0;0.0;0;0.0
2014-04;20140401;2;35;61;2038;11670;7066;95;441;0;21371;0;0;0;0.0;0;0.0
2014-04;20140401;3;17;120;3705;14124;6625;42;1937;18824;26553;0;0;0;0.0;0;0.0
2014-04;20140401;1;14;313;4692;26527;6016;297;639;4707;38484;0;0;0;0.0;0;0.0
2014-04;20140401;1;7;386;8233;25710;24772;157;2641;4397;61899;0;0;0;0.0;0;0.0
2014-04;20140401;1;72;149;3464;25419;9787;104;1127;35;40050;0;0;0;0.0;0;0.0
2014-04;20140401;4;66;55;2502;9714;1849;73;729;26663;14922;0;0;0;0.0;0;0.0
2014-04;20140401;5;13;289;8361;24387;9568;140;2673;29939;45418;0;0;0;0.0;0;0.0
2014-04;20140401;2;5;216;6368;19345;13669;262;2042;16964;41902;0;0;0;0.0;0;0.0
2014-04;20140401;2;38;0;0;0;0;0;0;28665;0;0;0;0;0.0;0;0.0
2014-04;20140401;3;9;261;3300;22339;23880;351;377;34178;50508;0;0;0;0.0;0;0.0
2014-04;20140401;3;10;285;5937;20848;23999;1525;944;14941;53538;0;0;0;0.0;0;0.0
2014-04;20140401;1;2;284;6447;27032;11427;154;12652;814;57996;0;0;0;0.0;0;0.0
2014-04;20140401;1;31;268;6006;34155;21336;358;0;168;62123;0;0;0;0.0;0;0.0
2014-04;20140401;4;69;0;0;0;0;0;0;31687;0;0;0;0;0.0;0;0.0
2014-04;20140401;2;8;59;810;11228;6064;31;439;6800;18631;0;0;0;0.0;0;0.0
2014-04;20140401;2;15;213;4193;31659;27894;631;564;0;65154;0;0;0;0.0;0;0.0
2014-04;20140401;3;3;334;6577;20894;20120;210;1288;0;49423;0;0;0;0.0;0;0.0
2014-04;20140401;3;27;215;4588;11692;10009;718;515;20458;27737;0;0;0;0.0;0;0.0
2014-03;20140301;3;28;310;8496;19002;35654;1360;2761;290;67583;0;0;0;0.0;0;0.0
2014-03;20140301;1;2;235;4760;20405;8553;116;9695;689;43764;0;0;0;0.0;0;0.0
2014-03;20140301;1;31;205;4680;25631;16109;265;0;144;46890;0;0;0;0.0;0;0.0
2014-03;20140301;1;64;129;5161;20067;14829;119;384;0;40689;0;0;0;0.0;0;0.0
2014-03;20140301;4;66;39;1896;7374;1322;54;569;20523;11254;0;0;0;0.0;0;0.0
2014-03;20140301;4;69;0;0;0;0;0;0;24229;0;0;0;0;0.0;0;0.0
2014-03;20140301;5;13;219;6330;18210;7047;102;1958;23442;33866;0;0;0;0.0;0;0.0
2014-03;20140301;2;38;0;0;0;0;0;0;21502;0;0;0;0;0.0;0;0.0
2014-03;20140301;3;1;133;1856;8282;5439;188;1003;20780;16901;0;0;0;0.0;0;0.0
2014-03;20140301;3;16;116;2136;9320;9117;292;280;18221;21261;0;0;0;0.0;0;0.0
2014-03;20140301;3;22;132;3719;11835;11826;69;1026;16982;28607;0;0;0;0.0;0;0.0
2014-03;20140301;3;10;222;4547;16039;18255;1159;729;11623;40951;0;0;0;0.0;0;0.0
2014-03;20140301;3;3;255;5088;15739;15377;154;971;0;37584;0;0;0;0.0;0;0.0
2014-03;20140301;1;12;340;6340;23615;12849;1200;595;25117;44939;0;0;0;0.0;0;0.0
2014-03;20140301;1;29;36;1517;6246;9247;79;803;0;17928;0;0;0;0.0;0;0.0
2014-03;20140301;1;53;107;3238;10698;5966;306;485;115;20800;0;0;0;0.0;0;0.0
2014-03;20140301;4;73;93;2840;7395;13276;96;722;51;24422;0;0;0;0.0;0;0.0
2014-03;20140301;2;5;175;4841;14373;10106;194;1501;13158;31190;0;0;0;0.0;0;0.0
2014-03;20140301;3;9;178;2470;16639;17529;249;289;26299;37354;0;0;0;0.0;0;0.0
2014-03;20140301;1;14;229;3580;19643;4376;236;478;3541;28542;0;0;0;0.0;0;0.0
2014-03;20140301;1;7;295;6439;19389;19073;96;1933;3359;47225;0;0;0;0.0;0;0.0
2014-03;20140301;2;20;248;6478;22645;10185;100;1342;24;40998;0;0;0;0.0;0;0.0
2014-03;20140301;3;17;97;2915;10560;4694;27;1505;14664;19798;0;0;0;0.0;0;0.0
2014-03;20140301;1;72;112;2648;19454;7465;64;805;32;30548;0;0;0;0.0;0;0.0
2014-03;20140301;2;8;43;605;8449;4594;17;339;5251;14047;0;0;0;0.0;0;0.0
2014-03;20140301;2;15;165;3256;24140;20717;464;446;0;49188;0;0;0;0.0;0;0.0
2014-03;20140301;2;23;375;8201;27700;10250;105;885;23114;47516;0;0;0;0.0;0;0.0
2014-03;20140301;2;35;45;1561;8772;5487;69;330;0;16264;0;0;0;0.0;0;0.0
2014-03;20140301;3;33;130;5008;18557;25735;438;87;52;49955;0;0;0;0.0;0;0.0
2014-03;20140301;3;25;123;4330;13353;11964;53;929;1557;30752;0;0;0;0.0;0;0.0
2014-03;20140301;3;27;167;3527;8702;7443;561;384;15728;20784;0;0;0;0.0;0;0.0
2014-03;20140301;1;19;95;3682;13754;18228;174;1223;119;37156;0;0;0;0.0;0;0.0
2014-02;20140201;2;5;119;3258;9390;6551;123;924;8793;20365;0;0;0;0.0;0;0.0
2014-02;20140201;2;38;0;0;0;0;0;0;14211;0;0;0;0;0.0;0;0.0
2014-02;20140201;3;17;53;1980;6915;3045;12;1020;9844;13025;0;0;0;0.0;0;0.0
2014-02;20140201;3;10;127;2981;10340;11785;772;461;7851;26466;0;0;0;0.0;0;0.0
2014-02;20140201;3;33;94;3518;12285;17137;270;64;34;33368;0;0;0;0.0;0;0.0
2014-02;20140201;1;29;27;1066;4228;6247;45;536;0;12149;0;0;0;0.0;0;0.0
2014-02;20140201;1;64;91;3463;13317;9835;74;332;0;27112;0;0;0;0.0;0;0.0
2014-02;20140201;5;13;151;4291;12113;4429;71;1295;16080;22350;0;0;0;0.0;0;0.0
2014-02;20140201;2;20;165;4365;14835;6595;71;856;14;26887;0;0;0;0.0;0;0.0
2014-02;20140201;2;23;250;5361;18028;6636;66;549;15508;30890;0;0;0;0.0;0;0.0
2014-02;20140201;3;9;129;2378;16082;22932;158;688;227;42367;0;0;0;0.0;0;0.0
2014-02;20140201;3;22;94;2557;7912;7704;44;687;11361;18998;0;0;0;0.0;0;0.0
2014-02;20140201;3;3;172;3556;10650;10435;97;618;0;25528;0;0;0;0.0;0;0.0
2014-02;20140201;3;25;82;2904;8840;8100;36;641;1023;20603;0;0;0;0.0;0;0.0
2014-02;20140201;1;12;232;4205;15448;8083;765;377;16379;29110;0;0;0;0.0;0;0.0
2014-02;20140201;1;2;168;3191;13429;5643;83;6530;569;29044;0;0;0;0.0;0;0.0
2014-02;20140201;2;35;29;1050;5856;3561;54;234;0;10784;0;0;0;0.0;0;0.0
2014-02;20140201;3;16;76;1403;6270;5966;118;211;12261;14044;0;0;0;0.0;0;0.0
2014-02;20140201;3;27;119;2415;5710;4775;373;246;10727;13638;0;0;0;0.0;0;0.0
2014-02;20140201;1;53;79;2161;7047;4042;227;288;19;13844;0;0;0;0.0;0;0.0
2014-02;20140201;1;72;72;1785;13227;5021;44;513;27;20662;0;0;0;0.0;0;0.0
2014-02;20140201;4;69;0;0;0;0;0;0;16411;0;0;0;0;0.0;0;0.0
2014-02;20140201;4;73;58;1933;4872;8990;60;471;30;16384;0;0;0;0.0;0;0.0
2014-02;20140201;2;8;29;400;5486;3066;13;229;3541;9223;0;0;0;0.0;0;0.0
2014-02;20140201;1;19;68;2631;9432;12538;109;801;88;25579;0;0;0;0.0;0;0.0
2014-02;20140201;1;7;204;4434;12925;13705;62;1274;1482;32604;0;0;0;0.0;0;0.0
2014-02;20140201;4;66;30;1225;4925;825;30;376;13726;7411;0;0;0;0.0;0;0.0
2014-02;20140201;2;15;112;2178;16147;13857;310;298;0;32902;0;0;0;0.0;0;0.0
2014-02;20140201;3;1;86;1212;5283;3696;131;642;13793;11050;0;0;0;0.0;0;0.0
2014-02;20140201;3;28;214;5826;12647;23593;849;1901;187;45030;0;0;0;0.0;0;0.0
2014-02;20140201;1;14;153;2488;12665;2871;165;311;2244;18653;0;0;0;0.0;0;0.0
2014-02;20140201;1;31;133;3221;17004;10455;158;0;106;30971;0;0;0;0.0;0;0.0
2014-01;20140101;2;8;13;222;2955;1660;7;130;1748;4987;0;0;0;0.0;0;0.0
2014-01;20140101;3;1;46;633;2829;2103;62;339;7417;6012;0;0;0;0.0;0;0.0
2014-01;20140101;3;3;74;1830;5728;5655;57;350;0;13694;0;0;0;0.0;0;0.0
2014-01;20140101;1;2;91;1733;6919;3007;42;3356;485;15148;0;0;0;0.0;0;0.0
2014-01;20140101;1;7;102;2392;6909;7285;33;679;1227;17400;0;0;0;0.0;0;0.0
2014-01;20140101;1;53;41;1186;3866;2130;133;157;12;7513;0;0;0;0.0;0;0.0
2014-01;20140101;4;73;32;944;2466;4676;23;249;324;8390;0;0;0;0.0;0;0.0
2014-01;20140101;5;13;70;2240;6529;2282;35;677;8736;11833;0;0;0;0.0;0;0.0
2014-01;20140101;2;38;0;0;0;0;0;0;7546;0;0;0;0;0.0;0;0.0
2014-01;20140101;3;16;40;761;3335;3216;58;156;6724;7566;0;0;0;0.0;0;0.0
2014-01;20140101;3;10;81;1660;5785;6445;417;220;4342;14608;0;0;0;0.0;0;0.0
2014-01;20140101;1;31;68;1768;9185;5586;68;0;66;16675;0;0;0;0.0;0;0.0
2014-01;20140101;1;29;16;574;2322;3457;18;270;0;6657;0;0;0;0.0;0;0.0
2014-01;20140101;1;64;58;1782;6899;5286;37;279;0;14341;0;0;0;0.0;0;0.0
2014-01;20140101;4;69;0;0;0;0;0;0;8754;0;0;0;0;0.0;0;0.0
2014-01;20140101;2;35;16;535;3193;1922;39;129;0;5834;0;0;0;0.0;0;0.0
2014-01;20140101;3;17;22;1075;3759;1604;6;549;5258;7015;0;0;0;0.0;0;0.0
2014-01;20140101;1;12;112;2229;8268;4323;392;211;8898;15535;0;0;0;0.0;0;0.0
2014-01;20140101;1;19;28;1478;5231;6885;56;441;61;14119;0;0;0;0.0;0;0.0
2014-01;20140101;1;72;39;986;7137;2673;16;280;11;11131;0;0;0;0.0;0;0.0
2014-01;20140101;2;15;82;1156;8342;6929;175;156;0;16840;0;0;0;0.0;0;0.0
2014-01;20140101;2;20;87;2224;7797;3328;45;431;6;13912;0;0;0;0.0;0;0.0
2014-01;20140101;2;23;133;2782;9419;3548;34;271;7885;16187;0;0;0;0.0;0;0.0
2014-01;20140101;2;5;59;1731;5069;3497;83;480;4610;10919;0;0;0;0.0;0;0.0
2014-01;20140101;3;9;51;877;5723;5959;76;118;9667;12804;0;0;0;0.0;0;0.0
2014-01;20140101;3;22;55;1317;4179;4200;22;388;5944;10161;0;0;0;0.0;0;0.0
2014-01;20140101;3;33;45;1936;6612;9565;138;38;24;18334;0;0;0;0.0;0;0.0
2014-01;20140101;1;14;76;1369;6860;1518;102;177;1222;10102;0;0;0;0.0;0;0.0
2014-01;20140101;4;66;17;635;2628;474;16;193;7118;3963;0;0;0;0.0;0;0.0
2014-01;20140101;3;25;42;1530;4640;4416;15;360;584;11003;0;0;0;0.0;0;0.0
2014-01;20140101;3;28;119;3236;6930;12952;469;1043;113;24749;0;0;0;0.0;0;0.0
2014-01;20140101;3;27;66;1368;3092;2509;207;125;5553;7367;0;0;0;0.0;0;0.0
2013-12;20131201;4;73;297;9556;28737;51407;330;3050;683;93377;0;0;0;0.0;0;0.0
2013-12;20131201;2;8;158;2238;32925;22109;157;1662;20043;59249;0;0;0;0.0;0;0.0
2013-12;20131201;2;20;958;24461;93761;44882;574;6680;134;171316;0;0;0;0.0;0;0.0
2013-12;20131201;2;38;0;0;0;0;0;0;86279;0;0;0;0;0.0;0;0.0
2013-12;20131201;1;19;335;13452;52017;75354;948;5092;411;147198;0;0;0;0.0;0;0.0
2013-12;20131201;1;72;397;9875;73216;30790;308;3353;82;117939;0;0;0;0.0;0;0.0
2013-12;20131201;2;35;208;5941;33567;22871;339;1868;0;64794;0;0;0;0.0;0;0.0
2013-12;20131201;3;22;638;16223;59990;56155;379;5915;67722;139300;0;0;0;0.0;0;0.0
2013-12;20131201;3;10;815;17788;63550;76551;5022;3705;43121;167431;0;0;0;0.0;0;0.0
2013-12;20131201;3;28;1367;32387;76611;136489;6630;11537;1011;265021;0;0;0;0.0;0;0.0
2013-12;20131201;1;14;945;12280;80306;21275;755;2296;13614;117857;0;0;0;0.0;0;0.0
2013-12;20131201;1;7;1067;19844;72957;81080;441;8157;13834;183546;0;0;0;0.0;0;0.0
2013-12;20131201;1;31;726;18062;101337;63078;1478;0;451;184681;0;0;0;0.0;0;0.0
2013-12;20131201;4;66;196;7128;30034;6607;265;2712;73956;46942;0;0;0;0.0;0;0.0
2013-12;20131201;4;69;0;0;0;0;0;0;91783;0;0;0;0;0.0;0;0.0
2013-12;20131201;2;23;1528;31335;114996;46491;430;4258;87804;199038;0;0;0;0.0;0;0.0
2013-12;20131201;3;9;807;10119;65482;77321;1302;1389;100355;156420;0;0;0;0.0;0;0.0
2013-12;20131201;3;17;370;10267;42891;19864;151;6601;53027;80144;0;0;0;0.0;0;0.0
2013-12;20131201;1;2;740;18067;81164;38398;504;37709;3670;176582;0;0;0;0.0;0;0.0
2013-12;20131201;1;29;117;4967;24959;37679;375;3243;0;71340;0;0;0;0.0;0;0.0
2013-12;20131201;1;53;435;12002;41404;24858;1297;1719;129;81715;0;0;0;0.0;0;0.0
2013-12;20131201;1;64;563;19235;78562;59207;397;711;0;158675;0;0;0;0.0;0;0.0
2013-12;20131201;2;5;760;18315;58504;39593;769;6385;49417;124326;0;0;0;0.0;0;0.0
2013-12;20131201;3;1;464;6589;36262;24261;319;4588;76106;72483;0;0;0;0.0;0;0.0
2013-12;20131201;3;27;702;16480;42806;33589;6768;1770;45611;102115;0;0;0;0.0;0;0.0
2013-12;20131201;5;13;625;19514;64321;26440;354;7112;69691;118366;0;0;0;0.0;0;0.0
2013-12;20131201;2;15;659;10941;86347;80705;2404;1525;0;182581;0;0;0;0.0;0;0.0
2013-12;20131201;3;16;419;7562;41391;36809;754;2010;67862;88945;0;0;0;0.0;0;0.0
2013-12;20131201;3;3;936;17954;64398;64581;772;3901;0;152542;0;0;0;0.0;0;0.0
2013-12;20131201;3;33;462;17335;66019;98524;2046;448;290;184834;0;0;0;0.0;0;0.0
2013-12;20131201;3;25;419;14069;52066;47807;261;5129;7005;119751;0;0;0;0.0;0;0.0
2013-12;20131201;1;12;1160;26326;99870;56228;5075;2258;92831;190917;0;0;0;0.0;0;0.0
2013-11;20131101;2;15;586;9962;78617;73275;2185;1421;0;166046;0;0;0;0.0;0;0.0
2013-11;20131101;3;1;417;5888;33356;22259;250;4228;69259;66398;0;0;0;0.0;0;0.0
2013-11;20131101;3;16;385;6895;37979;33702;687;1837;62039;81485;0;0;0;0.0;0;0.0
2013-11;20131101;1;14;864;10984;73775;19776;697;2075;12501;108171;0;0;0;0.0;0;0.0
2013-11;20131101;2;8;135;2044;30174;20470;152;1526;18368;54501;0;0;0;0.0;0;0.0
2013-11;20131101;2;38;0;0;0;0;0;0;79159;0;0;0;0;0.0;0;0.0
2013-11;20131101;3;9;802;11934;80981;126198;1257;2852;9530;224024;0;0;0;0.0;0;0.0
2013-11;20131101;3;25;377;12647;47686;43690;237;4799;6439;109436;0;0;0;0.0;0;0.0
2013-11;20131101;1;12;1081;23904;91932;51849;4675;2074;84632;175515;0;0;0;0.0;0;0.0
2013-11;20131101;1;7;933;17650;66513;74131;413;7478;12552;167118;0;0;0;0.0;0;0.0
2013-11;20131101;1;64;522;17538;71701;54160;349;660;0;144930;0;0;0;0.0;0;0.0
2013-11;20131101;1;72;357;9222;68230;29284;300;3068;73;110461;0;0;0;0.0;0;0.0
2013-11;20131101;4;69;0;0;0;0;0;0;83577;0;0;0;0;0.0;0;0.0
2013-11;20131101;2;23;1398;28564;105663;43031;396;3968;80666;183020;0;0;0;0.0;0;0.0
2013-11;20131101;2;5;689;16679;53414;36196;714;5880;44957;113572;0;0;0;0.0;0;0.0
2013-11;20131101;3;17;332;9269;39201;18428;142;6058;48275;73430;0;0;0;0.0;0;0.0
2013-11;20131101;3;10;756;16263;58485;70670;4625;3535;39070;154334;0;0;0;0.0;0;0.0
2013-11;20131101;4;66;183;6450;27505;6108;237;2520;67600;43003;0;0;0;0.0;0;0.0
2013-11;20131101;4;73;263;8737;26222;46887;290;2815;876;85214;0;0;0;0.0;0;0.0
2013-11;20131101;5;13;557;17319;57979;24126;323;6352;62507;106656;0;0;0;0.0;0;0.0
2013-11;20131101;2;20;866;22191;86075;41448;527;6199;112;157306;0;0;0;0.0;0;0.0
2013-11;20131101;3;3;827;16529;59187;59236;719;3537;0;140035;0;0;0;0.0;0;0.0
2013-11;20131101;3;28;1254;29486;69734;123760;6132;10628;896;240994;0;0;0;0.0;0;0.0
2013-11;20131101;3;27;629;15039;39523;31158;6162;1634;40878;94145;0;0;0;0.0;0;0.0
2013-11;20131101;1;53;395;10903;37717;22853;1197;1595;116;74660;0;0;0;0.0;0;0.0
2013-11;20131101;2;35;196;5449;30716;20978;312;1769;0;59420;0;0;0;0.0;0;0.0
2013-11;20131101;3;22;584;14944;55511;52106;353;5807;61841;129305;0;0;0;0.0;0;0.0
2013-11;20131101;3;33;417;15459;59909;89518;1873;404;252;167580;0;0;0;0.0;0;0.0
2013-11;20131101;1;19;309;12295;47423;68823;847;4364;745;134061;0;0;0;0.0;0;0.0
2013-11;20131101;1;2;658;16350;74060;35447;460;34097;3575;161072;0;0;0;0.0;0;0.0
2013-11;20131101;1;31;646;16543;92625;57729;1378;0;400;168921;0;0;0;0.0;0;0.0
2013-11;20131101;1;29;101;4519;22721;34559;349;2950;0;65199;0;0;0;0.0;0;0.0
2013-10;20131001;5;13;344;9498;35561;15736;197;4480;85163;65816;0;0;0;0.0;0;0.0
2013-10;20131001;2;8;127;1843;27690;18906;137;1394;16855;50097;0;0;0;0.0;0;0.0
2013-10;20131001;3;16;345;6270;34738;30790;613;1679;56445;74435;0;0;0;0.0;0;0.0
2013-10;20131001;3;10;687;14810;53051;64805;4244;3351;35395;140948;0;0;0;0.0;0;0.0
2013-10;20131001;3;28;1366;29705;63070;115036;5501;4932;287;219610;0;0;0;0.0;0;0.0
2013-10;20131001;1;29;91;4123;20678;31752;319;2688;0;59651;0;0;0;0.0;0;0.0
2013-10;20131001;4;66;169;5844;24978;5678;219;2322;62098;39210;0;0;0;0.0;0;0.0
2013-10;20131001;4;69;0;0;0;0;0;0;76168;0;0;0;0;0.0;0;0.0
2013-10;20131001;3;9;663;8373;53946;65185;1169;1126;82499;130462;0;0;0;0.0;0;0.0
2013-10;20131001;3;25;349;11361;43182;39856;213;4521;5957;99482;0;0;0;0.0;0;0.0
2013-10;20131001;1;12;0;0;0;0;0;0;237032;0;0;0;0;0.0;0;0.0
2013-10;20131001;1;72;324;8447;62173;27072;275;2798;60;101089;0;0;0;0.0;0;0.0
2013-10;20131001;2;15;504;8806;70275;66346;2010;1265;0;149206;0;0;0;0.0;0;0.0
2013-10;20131001;3;17;311;8307;35773;17055;136;5467;43767;67049;0;0;0;0.0;0;0.0
2013-10;20131001;3;3;743;15154;54171;53977;664;3148;0;127857;0;0;0;0.0;0;0.0
2013-10;20131001;1;19;284;11311;43134;62735;777;4031;673;122272;0;0;0;0.0;0;0.0
2013-10;20131001;2;20;774;20088;78554;37943;494;5709;107;143562;0;0;0;0.0;0;0.0
2013-10;20131001;2;23;1246;25794;96593;39711;367;3689;73455;167400;0;0;0;0.0;0;0.0
2013-10;20131001;2;35;185;4979;27866;19288;279;1664;0;54261;0;0;0;0.0;0;0.0
2013-10;20131001;3;33;392;13931;54322;81156;1693;371;236;151865;0;0;0;0.0;0;0.0
2013-10;20131001;3;27;575;13711;36176;28518;5463;1532;36892;85975;0;0;0;0.0;0;0.0
2013-10;20131001;1;14;780;9876;67327;18304;651;1874;11392;98812;0;0;0;0.0;0;0.0
2013-10;20131001;1;2;599;14921;67584;32675;425;30822;2882;147026;0;0;0;0.0;0;0.0
2013-10;20131001;1;7;911;16166;60005;67262;371;6729;11465;151444;0;0;0;0.0;0;0.0
2013-10;20131001;1;31;595;15214;84501;52556;1288;0;366;154154;0;0;0;0.0;0;0.0
2013-10;20131001;1;53;363;9893;34436;20908;1099;1480;112;68179;0;0;0;0.0;0;0.0
2013-10;20131001;1;64;487;16235;65884;49669;319;623;0;133217;0;0;0;0.0;0;0.0
2013-10;20131001;4;73;212;7560;23032;41938;263;2434;3271;75439;0;0;0;0.0;0;0.0
2013-10;20131001;2;5;632;15176;48772;33064;644;5378;40808;103666;0;0;0;0.0;0;0.0
2013-10;20131001;2;38;0;0;0;0;0;0;72382;0;0;0;0;0.0;0;0.0
2013-10;20131001;3;1;381;5319;30743;20286;179;3920;62772;60828;0;0;0;0.0;0;0.0
2013-10;20131001;3;22;544;13857;51695;48073;339;5295;56596;119803;0;0;0;0.0;0;0.0
2013-09;20130901;4;73;220;7340;21346;38420;225;2288;1260;69839;0;0;0;0.0;0;0.0
2013-09;20130901;5;13;318;8534;32059;14211;186;3971;72279;59279;0;0;0;0.0;0;0.0
2013-09;20130901;3;16;324;5674;31275;27757;552;1519;50456;67101;0;0;0;0.0;0;0.0
2013-09;20130901;3;3;657;13679;48998;48406;576;2837;0;115153;0;0;0;0.0;0;0.0
2013-09;20130901;3;28;1012;23932;56971;100046;4928;8721;756;195610;0;0;0;0.0;0;0.0
2013-09;20130901;1;12;891;19703;76213;43303;3905;1688;66747;145703;0;0;0;0.0;0;0.0
2013-09;20130901;1;64;448;14868;59549;44822;282;563;0;120532;0;0;0;0.0;0;0.0
2013-09;20130901;1;72;276;7554;54416;23984;262;2486;56;88978;0;0;0;0.0;0;0.0
2013-09;20130901;4;66;151;5289;22440;5212;206;2090;55936;35388;0;0;0;0.0;0;0.0
2013-09;20130901;2;8;110;1655;24990;17372;118;1273;15330;45518;0;0;0;0.0;0;0.0
2013-09;20130901;2;15;430;7645;61684;58980;1782;1023;0;131544;0;0;0;0.0;0;0.0
2013-09;20130901;2;23;1131;23137;86875;35848;328;3404;65809;150723;0;0;0;0.0;0;0.0
2013-09;20130901;2;5;592;13731;44184;29845;586;4827;36656;93765;0;0;0;0.0;0;0.0
2013-09;20130901;2;38;0;0;0;0;0;0;65393;0;0;0;0;0.0;0;0.0
2013-09;20130901;2;35;177;4523;24991;17559;253;1385;0;48888;0;0;0;0.0;0;0.0
2013-09;20130901;3;22;499;12709;47416;43723;315;5113;50969;109775;0;0;0;0.0;0;0.0
2013-09;20130901;3;27;527;12271;32613;25486;4816;1378;33070;77091;0;0;0;0.0;0;0.0
2013-09;20130901;1;19;258;10572;38922;55785;710;3485;611;109732;0;0;0;0.0;0;0.0
2013-09;20130901;1;7;770;14124;53467;60921;357;6214;10417;135853;0;0;0;0.0;0;0.0
2013-09;20130901;2;20;705;17983;70461;34170;455;5212;82;128986;0;0;0;0.0;0;0.0
2013-09;20130901;3;9;643;9611;65210;101897;1065;2332;9081;180758;0;0;0;0.0;0;0.0
2013-09;20130901;1;31;526;13757;75602;47191;1201;0;343;138277;0;0;0;0.0;0;0.0
2013-09;20130901;4;69;0;0;0;0;0;0;69442;0;0;0;0;0.0;0;0.0
2013-09;20130901;3;17;280;7393;32067;15414;122;4888;38723;60164;0;0;0;0.0;0;0.0
2013-09;20130901;3;25;321;10169;38484;35803;193;4127;5418;89097;0;0;0;0.0;0;0.0
2013-09;20130901;1;2;557;13396;60713;29457;401;27495;2751;132019;0;0;0;0.0;0;0.0
2013-09;20130901;1;29;80;3796;18646;28708;294;2412;0;53936;0;0;0;0.0;0;0.0
2013-09;20130901;3;1;348;4791;27709;18297;153;3525;55827;54823;0;0;0;0.0;0;0.0
2013-09;20130901;3;10;629;13384;47933;58500;3765;3152;31469;127363;0;0;0;0.0;0;0.0
2013-09;20130901;3;33;353;12349;48350;72490;1520;345;201;135407;0;0;0;0.0;0;0.0
2013-09;20130901;1;14;710;8824;60518;16564;577;1715;10329;88908;0;0;0;0.0;0;0.0
2013-09;20130901;1;53;339;8837;30792;18765;959;1344;106;61036;0;0;0;0.0;0;0.0
2013-08;20130801;2;38;0;0;0;0;0;0;58827;0;0;0;0;0.0;0;0.0
2013-08;20130801;3;3;590;12388;44048;43661;498;2553;0;103738;0;0;0;0.0;0;0.0
2013-08;20130801;1;14;630;7846;53736;14651;509;1497;9142;78869;0;0;0;0.0;0;0.0
2013-08;20130801;1;7;719;12738;42092;55958;484;5090;14111;117081;0;0;0;0.0;0;0.0
2013-08;20130801;1;31;483;12496;67481;42061;1098;0;321;123619;0;0;0;0.0;0;0.0
2013-08;20130801;4;73;209;6667;19204;34799;202;2056;585;63137;0;0;0;0.0;0;0.0
2013-08;20130801;2;8;101;1499;22253;15635;113;1143;14002;40744;0;0;0;0.0;0;0.0
2013-08;20130801;2;15;389;6657;53558;51794;1577;892;0;114867;0;0;0;0.0;0;0.0
2013-08;20130801;3;1;325;4297;24675;16263;135;3130;49975;48825;0;0;0;0.0;0;0.0
2013-08;20130801;3;17;251;6452;28324;13980;105;4331;34690;53443;0;0;0;0.0;0;0.0
2013-08;20130801;3;33;320;11003;43050;64877;1331;313;186;120894;0;0;0;0.0;0;0.0
2013-08;20130801;3;25;302;8998;34063;32454;177;3712;4754;79706;0;0;0;0.0;0;0.0
2013-08;20130801;1;19;248;9427;34411;50083;646;3203;541;98018;0;0;0;0.0;0;0.0
2013-08;20130801;1;72;245;6846;48851;21781;222;2189;53;80134;0;0;0;0.0;0;0.0
2013-08;20130801;4;69;0;0;0;0;0;0;62393;0;0;0;0;0.0;0;0.0
2013-08;20130801;2;35;166;4102;22430;15970;237;1227;0;44132;0;0;0;0.0;0;0.0
2013-08;20130801;3;22;458;11611;43484;39939;287;4665;45661;100444;0;0;0;0.0;0;0.0
2013-08;20130801;4;66;136;4721;19895;4729;184;1863;50640;31528;0;0;0;0.0;0;0.0
2013-08;20130801;2;20;619;15934;62737;30894;396;4732;75;115312;0;0;0;0.0;0;0.0
2013-08;20130801;3;9;582;8545;58083;90808;948;2142;8997;161108;0;0;0;0.0;0;0.0
2013-08;20130801;3;28;886;21476;50939;88421;4308;7822;703;173852;0;0;0;0.0;0;0.0
2013-08;20130801;3;27;488;11020;29044;22700;4340;1202;29471;68794;0;0;0;0.0;0;0.0
2013-08;20130801;1;2;517;12029;54039;26567;371;24974;2234;118497;0;0;0;0.0;0;0.0
2013-08;20130801;1;29;73;3453;16712;25879;263;2158;0;48538;0;0;0;0.0;0;0.0
2013-08;20130801;1;53;312;7840;27297;16623;858;1200;101;54130;0;0;0;0.0;0;0.0
2013-08;20130801;5;13;274;7548;28412;12722;172;3579;59568;52707;0;0;0;0.0;0;0.0
2013-08;20130801;2;23;1020;20710;77431;32282;279;3103;59014;134825;0;0;0;0.0;0;0.0
2013-08;20130801;2;5;539;12428;39436;26881;537;4315;33144;84136;0;0;0;0.0;0;0.0
2013-08;20130801;3;16;284;5108;27907;24750;484;1370;45200;59903;0;0;0;0.0;0;0.0
2013-08;20130801;3;10;566;11968;42735;52068;3300;2955;28288;113592;0;0;0;0.0;0;0.0
2013-08;20130801;1;12;802;17621;68080;38956;3504;1494;59209;130457;0;0;0;0.0;0;0.0
2013-08;20130801;1;64;415;13493;53650;39743;244;508;0;108053;0;0;0;0.0;0;0.0
2013-07;20130701;2;8;89;1354;19126;13549;103;997;12609;35218;0;0;0;0.0;0;0.0
2013-07;20130701;2;20;555;13990;55105;27306;333;4237;72;101526;0;0;0;0.0;0;0.0
2013-07;20130701;3;9;502;7660;51117;79904;833;1972;8914;141988;0;0;0;0.0;0;0.0
2013-07;20130701;3;25;260;7948;29750;29021;151;3274;4130;70404;0;0;0;0.0;0;0.0
2013-07;20130701;3;27;434;9659;25264;19532;3721;988;26321;59598;0;0;0;0.0;0;0.0
2013-07;20130701;1;72;205;5956;41739;18888;186;1843;44;68817;0;0;0;0.0;0;0.0
2013-07;20130701;4;69;0;0;0;0;0;0;53768;0;0;0;0;0.0;0;0.0
2013-07;20130701;4;73;133;4443;12869;23287;140;1358;13516;42230;0;0;0;0.0;0;0.0
2013-07;20130701;5;13;236;6345;24256;11003;154;3135;42938;45129;0;0;0;0.0;0;0.0
2013-07;20130701;3;17;218;5625;24737;12042;92;3798;31084;46512;0;0;0;0.0;0;0.0
2013-07;20130701;3;22;408;10277;37942;34005;250;5087;39430;87969;0;0;0;0.0;0;0.0
2013-07;20130701;3;33;279;9872;38159;57610;1153;286;179;107359;0;0;0;0.0;0;0.0
2013-07;20130701;3;28;801;19342;45241;77273;3675;6921;657;153253;0;0;0;0.0;0;0.0
2013-07;20130701;1;19;226;8563;29961;43800;531;2886;466;85967;0;0;0;0.0;0;0.0
2013-07;20130701;1;64;373;11794;46071;33937;218;457;0;92850;0;0;0;0.0;0;0.0
2013-07;20130701;2;15;341;5868;46968;45609;1373;773;0;100932;0;0;0;0.0;0;0.0
2013-07;20130701;3;3;522;11050;38720;38550;417;2234;0;91493;0;0;0;0.0;0;0.0
2013-07;20130701;1;12;712;15722;59533;33907;3111;1311;52962;114296;0;0;0;0.0;0;0.0
2013-07;20130701;1;29;67;3087;14757;22920;208;1866;0;42905;0;0;0;0.0;0;0.0
2013-07;20130701;4;66;124;4038;16886;3971;165;1567;45730;26751;0;0;0;0.0;0;0.0
2013-07;20130701;2;38;0;0;0;0;0;0;50988;0;0;0;0;0.0;0;0.0
2013-07;20130701;2;35;147;3648;19549;14238;217;1082;0;38881;0;0;0;0.0;0;0.0
2013-07;20130701;3;16;262;4584;24595;21849;415;1221;40907;52926;0;0;0;0.0;0;0.0
2013-07;20130701;2;23;891;18254;67643;28079;244;2763;52802;117874;0;0;0;0.0;0;0.0
2013-07;20130701;2;5;472;10926;33997;23125;479;3692;29286;72691;0;0;0;0.0;0;0.0
2013-07;20130701;3;1;289;3803;21421;14249;123;2758;44613;42643;0;0;0;0.0;0;0.0
2013-07;20130701;1;14;545;6894;46822;12677;444;1310;7954;68692;0;0;0;0.0;0;0.0
2013-07;20130701;1;2;473;10466;47261;23114;328;22610;2063;104252;0;0;0;0.0;0;0.0
2013-07;20130701;1;7;924;12125;46372;49992;568;4497;719;114478;0;0;0;0.0;0;0.0
2013-07;20130701;1;31;407;11089;59052;36755;908;0;294;108211;0;0;0;0.0;0;0.0
2013-07;20130701;1;53;267;6887;23703;14388;752;1024;95;47021;0;0;0;0.0;0;0.0
2013-06;20130601;2;20;475;11807;46835;23478;283;3605;60;86483;0;0;0;0.0;0;0.0
2013-06;20130601;3;22;348;8685;31582;29429;184;5106;33465;75334;0;0;0;0.0;0;0.0
2013-06;20130601;3;3;436;9506;33128;33401;356;1930;0;78757;0;0;0;0.0;0;0.0
2013-06;20130601;3;33;230;8631;32927;49394;938;242;110;92362;0;0;0;0.0;0;0.0
2013-06;20130601;3;28;706;16933;38920;65628;3050;5970;588;131207;0;0;0;0.0;0;0.0
2013-06;20130601;1;29;54;2617;12627;19910;171;1564;0;36943;0;0;0;0.0;0;0.0
2013-06;20130601;1;53;228;5874;19936;12277;663;822;48;39800;0;0;0;0.0;0;0.0
2013-06;20130601;1;64;334;10188;39032;28758;176;372;0;78860;0;0;0;0.0;0;0.0
2013-06;20130601;1;72;180;5023;35179;16267;153;1552;41;58354;0;0;0;0.0;0;0.0
2013-06;20130601;2;23;765;15448;57797;24447;224;2388;45961;101069;0;0;0;0.0;0;0.0
2013-06;20130601;2;38;0;0;0;0;0;0;43439;0;0;0;0;0.0;0;0.0
2013-06;20130601;3;1;250;3273;18115;12099;107;2330;38694;36174;0;0;0;0.0;0;0.0
2013-06;20130601;3;17;187;4716;21112;9925;77;3214;27107;39231;0;0;0;0.0;0;0.0
2013-06;20130601;1;19;192;7263;25411;37143;450;2449;395;72908;0;0;0;0.0;0;0.0
2013-06;20130601;1;7;790;10349;39589;42676;485;3836;613;97725;0;0;0;0.0;0;0.0
2013-06;20130601;4;66;101;3580;14894;3496;147;1397;38836;23615;0;0;0;0.0;0;0.0
2013-06;20130601;4;73;111;3575;10386;18847;115;1112;13392;34146;0;0;0;0.0;0;0.0
2013-06;20130601;2;8;78;1136;16086;11411;94;823;11164;29628;0;0;0;0.0;0;0.0
2013-06;20130601;3;10;422;9114;32121;38688;2450;2375;22425;85170;0;0;0;0.0;0;0.0
2013-06;20130601;1;2;389;8812;40106;19470;280;19479;1881;88536;0;0;0;0.0;0;0.0
2013-06;20130601;1;31;398;9459;50130;31233;746;0;256;91966;0;0;0;0.0;0;0.0
2013-06;20130601;5;13;206;5295;20348;9344;125;2662;27888;37980;0;0;0;0.0;0;0.0
2013-06;20130601;2;15;295;5020;40633;38979;1174;657;0;86758;0;0;0;0.0;0;0.0
2013-06;20130601;3;16;229;3958;21187;18766;346;1061;35107;45547;0;0;0;0.0;0;0.0
2013-06;20130601;3;25;227;6747;25369;25057;124;2809;3496;60333;0;0;0;0.0;0;0.0
2013-06;20130601;3;27;376;8205;21356;16319;3116;852;22850;50224;0;0;0;0.0;0;0.0
2013-06;20130601;1;12;603;12950;48989;27830;2441;1101;48641;93914;0;0;0;0.0;0;0.0
2013-06;20130601;4;69;0;0;0;0;0;24133;21724;24133;0;0;0;0.0;0;0.0
2013-06;20130601;2;5;404;9249;28733;19592;392;3151;25300;61521;0;0;0;0.0;0;0.0
2013-06;20130601;2;35;133;3189;16719;12291;183;927;0;33442;0;0;0;0.0;0;0.0
2013-06;20130601;3;9;418;6589;43751;67853;727;1731;8821;121069;0;0;0;0.0;0;0.0
2013-06;20130601;1;14;464;5967;39624;10483;384;1111;6627;58033;0;0;0;0.0;0;0.0
2013-05;20130501;4;69;0;0;0;0;0;0;38768;0;0;0;0;0.0;0;0.0
2013-05;20130501;2;20;398;9865;39177;19702;239;3073;53;72454;0;0;0;0.0;0;0.0
2013-05;20130501;2;23;641;12933;47728;20082;186;2076;38891;83646;0;0;0;0.0;0;0.0
2013-05;20130501;3;33;189;7295;27559;41814;762;205;104;77824;0;0;0;0.0;0;0.0
2013-05;20130501;3;28;590;14455;32675;54230;2422;5033;496;109405;0;0;0;0.0;0;0.0
2013-05;20130501;1;12;520;10806;40047;22676;2018;873;41847;76940;0;0;0;0.0;0;0.0
2013-05;20130501;1;29;50;2139;10440;16775;145;1295;0;30844;0;0;0;0.0;0;0.0
2013-05;20130501;1;64;265;8474;34298;22718;121;289;0;66165;0;0;0;0.0;0;0.0
2013-05;20130501;3;17;124;3133;14345;6761;52;2153;28903;26568;0;0;0;0.0;0;0.0
2013-05;20130501;3;27;320;6950;17944;13663;2642;710;19059;42229;0;0;0;0.0;0;0.0
2013-05;20130501;1;19;174;6121;21141;30984;374;2106;326;60900;0;0;0;0.0;0;0.0
2013-05;20130501;1;2;320;7353;33439;16281;229;16292;1731;73914;0;0;0;0.0;0;0.0
2013-05;20130501;2;5;338;7815;24109;16145;323;2614;21290;51344;0;0;0;0.0;0;0.0
2013-05;20130501;2;35;112;2645;13989;10261;144;775;0;27926;0;0;0;0.0;0;0.0
2013-05;20130501;3;1;215;2802;15143;10061;91;1940;32507;30252;0;0;0;0.0;0;0.0
2013-05;20130501;3;9;324;5578;36671;56126;622;1490;8724;100811;0;0;0;0.0;0;0.0
2013-05;20130501;3;10;335;7676;26855;32294;2075;2013;19120;71248;0;0;0;0.0;0;0.0
2013-05;20130501;1;14;401;5080;32999;8525;311;934;5408;48250;0;0;0;0.0;0;0.0
2013-05;20130501;1;72;117;3307;24168;10916;95;1250;8931;39853;0;0;0;0.0;0;0.0
2013-05;20130501;4;66;91;3110;12565;2715;114;1156;33071;19751;0;0;0;0.0;0;0.0
2013-05;20130501;5;13;176;4444;16800;7815;108;2231;23380;31574;0;0;0;0.0;0;0.0
2013-05;20130501;2;15;257;4274;34670;33048;1024;568;0;73841;0;0;0;0.0;0;0.0
2013-05;20130501;2;38;0;0;0;0;0;0;36373;0;0;0;0;0.0;0;0.0
2013-05;20130501;3;22;280;7433;26688;25096;159;4167;28193;63823;0;0;0;0.0;0;0.0
2013-05;20130501;3;3;370;8088;27895;28277;304;1652;0;66586;0;0;0;0.0;0;0.0
2013-05;20130501;3;25;187;5607;21114;20989;87;2373;2971;50357;0;0;0;0.0;0;0.0
2013-05;20130501;1;7;662;8682;33252;35834;409;3212;508;82051;0;0;0;0.0;0;0.0
2013-05;20130501;1;31;331;8048;41790;25996;581;0;207;76746;0;0;0;0.0;0;0.0
2013-05;20130501;4;73;89;2806;7889;14551;86;824;13378;26245;0;0;0;0.0;0;0.0
2013-05;20130501;2;8;67;974;13537;9561;74;669;9493;24882;0;0;0;0.0;0;0.0
2013-05;20130501;1;53;199;4979;16506;10206;549;718;45;33157;0;0;0;0.0;0;0.0
2013-04;20130401;4;66;73;2489;10057;2173;91;925;26251;15808;0;0;0;0.0;0;0.0
2013-04;20130401;4;73;66;2070;5433;10169;66;514;13204;18318;0;0;0;0.0;0;0.0
2013-04;20130401;2;38;0;0;0;0;0;0;29151;0;0;0;0;0.0;0;0.0
2013-04;20130401;3;28;485;11807;26046;42399;1763;3977;432;86477;0;0;0;0.0;0;0.0
2013-04;20130401;1;53;162;4034;12899;8247;438;548;42;26328;0;0;0;0.0;0;0.0
2013-04;20130401;2;15;212;3405;27567;26283;851;429;0;58747;0;0;0;0.0;0;0.0
2013-04;20130401;2;23;533;10439;37729;16014;143;1688;30937;66546;0;0;0;0.0;0;0.0
2013-04;20130401;2;35;90;2157;11211;8102;115;620;0;22295;0;0;0;0.0;0;0.0
2013-04;20130401;3;22;234;6125;21884;20421;122;2489;22498;51275;0;0;0;0.0;0;0.0
2013-04;20130401;3;3;315;6648;22272;22828;238;1302;0;53603;0;0;0;0.0;0;0.0
2013-04;20130401;1;64;209;7090;26115;19458;88;265;0;53225;0;0;0;0.0;0;0.0
2013-04;20130401;4;69;0;0;0;0;0;0;31357;0;0;0;0;0.0;0;0.0
2013-04;20130401;3;9;262;4483;28984;44690;476;1249;7197;80144;0;0;0;0.0;0;0.0
2013-04;20130401;1;2;270;5874;26569;13014;190;13010;1397;58927;0;0;0;0.0;0;0.0
2013-04;20130401;1;72;79;2359;15925;6876;66;955;15182;26260;0;0;0;0.0;0;0.0
2013-04;20130401;2;8;59;803;10792;7660;55;534;7588;19903;0;0;0;0.0;0;0.0
2013-04;20130401;2;20;332;7875;31229;15818;182;2459;44;57895;0;0;0;0.0;0;0.0
2013-04;20130401;3;1;185;2273;12129;7822;74;1523;25976;24006;0;0;0;0.0;0;0.0
2013-04;20130401;3;16;173;2879;15786;24150;230;768;10866;43986;0;0;0;0.0;0;0.0
2013-04;20130401;1;7;532;6979;26684;28770;327;2590;414;65882;0;0;0;0.0;0;0.0
2013-04;20130401;1;29;44;1722;8418;13568;117;1017;0;24886;0;0;0;0.0;0;0.0
2013-04;20130401;5;13;142;3530;13303;6287;89;1745;18608;25096;0;0;0;0.0;0;0.0
2013-04;20130401;2;5;275;6336;19408;12913;245;2091;16887;41268;0;0;0;0.0;0;0.0
2013-04;20130401;3;17;96;2313;10754;5064;38;1624;24291;19889;0;0;0;0.0;0;0.0
2013-04;20130401;3;10;265;6244;21443;25261;1660;1530;15230;56403;0;0;0;0.0;0;0.0
2013-04;20130401;3;33;150;5858;21876;33597;608;162;95;62251;0;0;0;0.0;0;0.0
2013-04;20130401;3;27;259;5556;13392;10842;1780;588;16524;32417;0;0;0;0.0;0;0.0
2013-04;20130401;1;12;435;8993;32918;18686;1687;716;30337;63435;0;0;0;0.0;0;0.0
2013-04;20130401;1;19;137;5097;16827;24525;318;1684;268;48588;0;0;0;0.0;0;0.0
2013-04;20130401;1;14;323;4130;26070;6663;258;704;4340;38148;0;0;0;0.0;0;0.0
2013-04;20130401;1;31;262;6616;33144;20451;430;0;167;60903;0;0;0;0.0;0;0.0
2013-03;20130301;2;38;0;0;0;0;0;0;22267;0;0;0;0;0.0;0;0.0
2013-03;20130301;2;35;66;1692;8454;6132;74;479;0;16897;0;0;0;0.0;0;0.0
2013-03;20130301;4;66;62;1858;7518;1630;65;701;20076;11834;0;0;0;0.0;0;0.0
2013-03;20130301;4;69;0;0;0;0;0;0;24440;0;0;0;0;0.0;0;0.0
2013-03;20130301;4;73;65;2066;5417;10135;66;512;5622;18261;0;0;0;0.0;0;0.0
2013-03;20130301;2;5;217;4853;14619;9644;174;1300;13203;30807;0;0;0;0.0;0;0.0
2013-03;20130301;3;16;122;2130;10592;9628;174;567;18168;23213;0;0;0;0.0;0;0.0
2013-03;20130301;1;19;111;3979;12762;18734;270;1343;152;37199;0;0;0;0.0;0;0.0
2013-03;20130301;5;13;104;2665;9963;4668;64;1302;14229;18766;0;0;0;0.0;0;0.0
2013-03;20130301;2;15;166;2620;20939;20162;623;316;0;44826;0;0;0;0.0;0;0.0
2013-03;20130301;3;22;175;4664;16185;15415;92;2860;17129;39391;0;0;0;0.0;0;0.0
2013-03;20130301;3;10;200;4817;16128;18878;1256;1154;11681;42433;0;0;0;0.0;0;0.0
2013-03;20130301;3;3;232;5152;16992;17393;179;1010;0;40958;0;0;0;0.0;0;0.0
2013-03;20130301;3;33;121;4526;16495;25814;490;121;71;47567;0;0;0;0.0;0;0.0
2013-03;20130301;3;28;374;9301;19716;31702;1233;3059;371;65385;0;0;0;0.0;0;0.0
2013-03;20130301;1;72;0;0;0;0;0;0;31940;0;0;0;0;0.0;0;0.0
2013-03;20130301;2;8;44;633;8259;5688;36;401;5859;15061;0;0;0;0.0;0;0.0
2013-03;20130301;2;20;249;6038;23632;11924;134;1876;29;43853;0;0;0;0.0;0;0.0
2013-03;20130301;2;23;392;7859;28473;11939;99;1335;23463;50097;0;0;0;0.0;0;0.0
2013-03;20130301;3;1;137;1715;9203;5813;52;1125;19761;18045;0;0;0;0.0;0;0.0
2013-03;20130301;3;9;203;3457;21913;33975;366;987;5347;60901;0;0;0;0.0;0;0.0
2013-03;20130301;3;25;119;3347;12534;12849;52;1430;1927;30331;0;0;0;0.0;0;0.0
2013-03;20130301;1;12;347;6858;24972;13844;1194;519;22839;47734;0;0;0;0.0;0;0.0
2013-03;20130301;1;14;251;3163;19373;5011;172;496;3190;28466;0;0;0;0.0;0;0.0
2013-03;20130301;1;2;211;4507;19821;9740;155;9899;1118;44333;0;0;0;0.0;0;0.0
2013-03;20130301;1;7;409;5368;20514;22121;251;1994;320;50657;0;0;0;0.0;0;0.0
2013-03;20130301;1;29;39;1280;6505;10489;82;752;0;19147;0;0;0;0.0;0;0.0
2013-03;20130301;1;53;119;3080;9767;6143;343;413;30;19865;0;0;0;0.0;0;0.0
2013-03;20130301;1;64;156;5519;19660;14750;66;179;0;40330;0;0;0;0.0;0;0.0
2013-03;20130301;3;17;93;2250;10432;4910;38;1555;14090;19278;0;0;0;0.0;0;0.0
2013-03;20130301;3;27;173;3562;9529;7545;209;421;15683;21439;0;0;0;0.0;0;0.0
2013-03;20130301;1;31;205;5174;25099;15108;293;0;141;45879;0;0;0;0.0;0;0.0
2013-02;20130201;4;69;0;0;0;0;0;0;15819;0;0;0;0;0.0;0;0.0
2013-02;20130201;2;20;178;4012;15507;7634;82;1282;18;28695;0;0;0;0.0;0;0.0
2013-02;20130201;3;22;111;3265;10397;10191;61;2023;11226;26048;0;0;0;0.0;0;0.0
2013-02;20130201;3;10;141;3175;10452;12524;843;765;7809;27900;0;0;0;0.0;0;0.0
2013-02;20130201;1;53;81;2045;6358;4019;249;259;8;13011;0;0;0;0.0;0;0.0
2013-02;20130201;4;73;59;1661;4456;8406;53;434;166;15069;0;0;0;0.0;0;0.0
2013-02;20130201;5;13;61;1762;6473;3008;42;843;9460;12189;0;0;0;0.0;0;0.0
2013-02;20130201;3;16;84;1433;6943;6462;114;360;12020;15396;0;0;0;0.0;0;0.0
2013-02;20130201;3;33;83;2942;10861;17057;327;82;52;31352;0;0;0;0.0;0;0.0
2013-02;20130201;1;12;234;4584;16439;9001;771;337;15476;31366;0;0;0;0.0;0;0.0
2013-02;20130201;1;29;24;851;4356;7475;56;508;0;13270;0;0;0;0.0;0;0.0
2013-02;20130201;1;72;0;0;0;0;0;0;20444;0;0;0;0;0.0;0;0.0
2013-02;20130201;3;3;160;3378;11069;11478;113;699;0;26897;0;0;0;0.0;0;0.0
2013-02;20130201;1;14;169;2112;12743;3101;113;355;2074;18593;0;0;0;0.0;0;0.0
2013-02;20130201;1;7;276;3635;13837;14941;168;1359;218;34216;0;0;0;0.0;0;0.0
2013-02;20130201;1;31;144;3540;16932;9969;174;0;110;30759;0;0;0;0.0;0;0.0
2013-02;20130201;1;64;95;3659;12949;9898;42;141;0;26784;0;0;0;0.0;0;0.0
2013-02;20130201;4;66;44;1230;4864;1090;53;453;12842;7734;0;0;0;0.0;0;0.0
2013-02;20130201;2;8;24;417;5315;3629;26;259;3959;9670;0;0;0;0.0;0;0.0
2013-02;20130201;3;9;129;2280;14508;22348;240;694;3513;40199;0;0;0;0.0;0;0.0
2013-02;20130201;3;17;53;1438;6901;3340;21;1041;9656;12794;0;0;0;0.0;0;0.0
2013-02;20130201;3;25;87;2315;8315;8598;37;945;1167;20297;0;0;0;0.0;0;0.0
2013-02;20130201;3;27;95;2277;6340;4917;130;308;10200;14067;0;0;0;0.0;0;0.0
2013-02;20130201;1;19;81;2873;8649;12743;181;1020;40;25547;0;0;0;0.0;0;0.0
2013-02;20130201;2;15;107;1787;14100;13727;414;219;0;30354;0;0;0;0.0;0;0.0
2013-02;20130201;2;23;251;5252;18917;7713;61;862;16081;33056;0;0;0;0.0;0;0.0
2013-02;20130201;2;5;134;3188;9504;6342;112;907;8722;20187;0;0;0;0.0;0;0.0
2013-02;20130201;2;38;0;0;0;0;0;0;14578;0;0;0;0;0.0;0;0.0
2013-02;20130201;2;35;38;1024;5577;3887;48;320;0;10894;0;0;0;0.0;0;0.0
2013-02;20130201;3;1;93;1160;6161;3724;39;721;4;11898;0;0;0;0.0;0;0.0
2013-02;20130201;3;28;247;6446;13269;20693;772;2215;292;43642;0;0;0;0.0;0;0.0
2013-02;20130201;1;2;125;2909;12900;6255;112;6500;828;28801;0;0;0;0.0;0;0.0
2013-01;20130101;4;69;0;0;0;0;0;0;8247;0;0;0;0;0.0;0;0.0
2013-01;20130101;2;15;47;965;7370;7059;218;123;0;15782;0;0;0;0.0;0;0.0
2013-01;20130101;3;9;62;1218;7628;11463;129;404;1831;20904;0;0;0;0.0;0;0.0
2013-01;20130101;3;22;57;1570;5507;5636;37;518;6192;13325;0;0;0;0.0;0;0.0
2013-01;20130101;3;10;80;1621;5542;6671;465;423;4050;14802;0;0;0;0.0;0;0.0
2013-01;20130101;3;28;117;3538;6969;10947;422;1054;148;23047;0;0;0;0.0;0;0.0
2013-01;20130101;1;7;144;1902;7237;7815;89;712;112;17899;0;0;0;0.0;0;0.0
2013-01;20130101;1;31;71;2002;9115;5180;104;0;55;16472;0;0;0;0.0;0;0.0
2013-01;20130101;1;29;10;481;2369;4179;38;280;0;7357;0;0;0;0.0;0;0.0
2013-01;20130101;4;73;35;880;2326;4441;26;224;25;7932;0;0;0;0.0;0;0.0
2013-01;20130101;2;20;93;2112;8150;3927;38;698;10;15018;0;0;0;0.0;0;0.0
2013-01;20130101;2;38;28;679;2484;3375;40;429;321;7035;0;0;0;0.0;0;0.0
2013-01;20130101;2;35;21;528;2955;1917;24;171;0;5616;0;0;0;0.0;0;0.0
2013-01;20130101;3;3;90;1757;5722;6215;53;348;0;14185;0;0;0;0.0;0;0.0
2013-01;20130101;1;14;85;1095;6618;1617;70;188;1075;9673;0;0;0;0.0;0;0.0
2013-01;20130101;1;72;0;0;0;0;0;0;8404;0;0;0;0;0.0;0;0.0
2013-01;20130101;2;23;119;2856;9827;3947;38;469;8528;17256;0;0;0;0.0;0;0.0
2013-01;20130101;2;5;96;2273;7214;4492;129;981;109;15185;0;0;0;0.0;0;0.0
2013-01;20130101;3;17;30;719;3547;1740;9;627;4990;6672;0;0;0;0.0;0;0.0
2013-01;20130101;3;33;47;1588;5600;8761;185;46;29;16227;0;0;0;0.0;0;0.0
2013-01;20130101;1;19;42;1531;4647;6795;145;555;12;13715;0;0;0;0.0;0;0.0
2013-01;20130101;1;2;66;1579;6860;3196;60;3449;550;15210;0;0;0;0.0;0;0.0
2013-01;20130101;5;13;32;962;3643;1521;27;433;4883;6618;0;0;0;0.0;0;0.0
2013-01;20130101;3;1;42;641;3363;1867;21;397;1;6331;0;0;0;0.0;0;0.0
2013-01;20130101;3;16;41;734;3662;3451;61;206;6031;8155;0;0;0;0.0;0;0.0
2013-01;20130101;3;25;45;1224;4334;4462;21;488;697;10574;0;0;0;0.0;0;0.0
2013-01;20130101;1;64;56;1991;6922;5202;22;98;0;14291;0;0;0;0.0;0;0.0
2013-01;20130101;4;66;28;676;2568;591;29;238;6680;4130;0;0;0;0.0;0;0.0
2013-01;20130101;2;8;10;247;2802;1910;15;149;2099;5133;0;0;0;0.0;0;0.0
2013-01;20130101;3;27;49;1276;3292;2650;64;175;5259;7506;0;0;0;0.0;0;0.0
2013-01;20130101;1;12;127;2403;8459;4689;433;159;8421;16270;0;0;0;0.0;0;0.0
2013-01;20130101;1;53;49;1136;3395;2081;150;136;4;6947;0;0;0;0.0;0;0.0
